start_genomic-shortSplice	start_genomic-longSplice	start_genomic-shareSplice	end_genomic-shortSplice	end_genomic-longSplice	end_genomic-shareSplice	transcript_ID	prot_seq
1011	-786	-785	1030	-767	-766	ENSMUST00000124830	CCATGAGCAAACTGAAGGT
28420*	28411*	24716*	28439*	28430*	24735*	ENSMUST00000197977	TCTGCAGTGCTTGATGGTG
1367	1257	ERROR_Not on the same transcript	1386	1276	ERROR_Not on the same transcript	ENSMUST00000197977	TCTGCAGTGCTTGATGGTG
2752	2812*	2742	2771	2831*	2761	ENSMUST00000004326	CTTGAGAGCAAGAACCACC
2439	2631*	2392	2458	2650*	2411	ENSMUST00000199754	TCCTCAGATTGTACATGTA
-1069	-1122*	-1121	-1050	-1103*	-1102	ENSMUST00000200048	TTGAATGCTGTGGAGAAGG
2834*	2832*	367	2854*	2852*	387	ENSMUST00000032749	TCCGAATCAAGTGTGGAAGT
2834*	2818*	367	2854*	2838*	387	ENSMUST00000032749	TCCGAATCAAGTGTGGAAGT
2068*	2063*	1966	2088*	2083*	1986	ENSMUST00000179769	GTCCAAGCCTAGGTCCTCAG
650*	608*	140	670*	628*	160	ENSMUST00000121416	CCTTTGGGCTCTGAGTCACT
6372*	6250*	1450	6392*	6270*	1470	ENSMUST00000101445	AGGCAGCAACAAAAGGCCGG
1860	3471*	1850	1880	3491*	1870	ENSMUST00000080283	CCACCGCCAACTCCTGCTTG
5310*	5305*	3515	5330*	5325*	3535	ENSMUST00000098614	TTAGCACTTTGGAAAGAGTC
5310*	5305*	3510	5330*	5325*	3530	ENSMUST00000098614	TTAGCACTTTGGAAAGAGTC
3827*	3823*	1574	3847*	3843*	1594	ENSMUST00000100167	GTCAGTGTCATCCGTGCTTT
1897	3623*	3092*	1917	3643*	3112*	ENSMUST00000113778	TTGGAGGCCTTGAACAATCA
2953*	2936*	1862	2973*	2956*	1882	ENSMUST00000113778	TTGGAGGCCTTGAACAATCA
ERROR_Not on the same transcript	ERROR_Not on the same transcript	2114	ERROR_Not on the same transcript	ERROR_Not on the same transcript	2134	ENSMUST00000114127	TATTTCACATGTATGCTTTC
3113	3034*	2925	3133	3054*	2945	ENSMUST00000182061	TCTCGGCAGAGTCATTCCCG
2611*	2602*	2130	2631*	2622*	2150	ENSMUST00000182061	TCTCGGCAGAGTCATTCCCG
1191*	999*	895	1211*	1019*	915	ENSMUST00000182061	TCTCGGCAGAGTCATTCCCG
3885	4013*	3835	3905	4033*	3855	ENSMUST00000027040	TCTTTAACATGTTCTTTATA
593	2458*	585	613	2478*	605	ENSMUST00000027040	TCTTTAACATGTTCTTTATA
-414*	-423*	-421	-394*	-403*	-401	ENSMUST00000195860	CTGACTCTAAGTCGGAGGTG
6549*	6395*	4855	6570*	6416*	4876	ENSMUST00000039725	CCCTAGGCTTTACCATTACAA
1873	7833*	1802	1894	7854*	1823	ENSMUST00000115839	CATCTCCAGGGTCTCTGACTT
4167	5344*	3841	4188	5365*	3862	ENSMUST00000182964	CAAAGAGGCATGAACATGAGT
1713	3171*	1687	1734	3192*	1708	ENSMUST00000166411	ATCTCTCAGGCTGACTTTATA
1284*	2338*	1112	1305*	2359*	1133	ENSMUST00000166411	ATCTCTCAGGCTGACTTTATA
1007	30009*	3792*	1028	30030*	3813*	ENSMUST00000075144	GGGAAGATTGCCATTTTAGGG
1007	30009*	993	1028	30030*	1014	ENSMUST00000075144	GGGAAGATTGCCATTTTAGGG
4092*	4086*	1690	4113*	4107*	1711	ENSMUST00000113712	TCCCTTTGGAATTTTTAAATG
1235	1349*	1103	1256	1370*	1124	ENSMUST00000113712	TCCCTTTGGAATTTTTAAATG
804	64994*	793	826	65016*	815	ENSMUST00000183156	TTTAGGTTCTATGCTGATAAAA
1458*	1393*	1001	1480*	1415*	1023	ENSMUST00000022458	CCTTTCAGTTCCTCTGTCCATC
1458*	1393*	1001	1480*	1415*	1023	ENSMUST00000022458	CCTTTCAGTTCCTCTGTCCATC
4655*	4433*	1492	4677*	4455*	1514	ENSMUST00000171265	AAGTTTTGAACTGAAATTTGTA
997*	3336*	609	1019*	3358*	631	ENSMUST00000171265	AAGTTTTGAACTGAAATTTGTA
997*	3336*	454	1019*	3358*	476	ENSMUST00000171265	AAGTTTTGAACTGAAATTTGTA
-356	-574*	-573	-334	-552*	-551	ENSMUST00000046751	TTGGCGGCTCGCGCGCTCCGTT
396*	379*	155	418*	401*	177	ENSMUST00000003964	GGGCATCCCCAGCATCTCCACC
-3196*	-3199*	-3195	-3174*	-3177*	-3173	ENSMUST00000035055	GGCGGCGGCGGCGGGCAGTCGC
2949*	2838*	759	2971*	2860*	781	ENSMUST00000074792	CGGGCCTAGCTCAGTAGGTAGA
4737	6748*	4735	4759	6770*	4757	ENSMUST00000100203	GGAAACTGAGGCATGAGCTCTT
4737	6748*	4735	4759	6770*	4757	ENSMUST00000100203	GGAAACTGAGGCATGAGCTCTT
2560	4626*	2557	2582	4648*	2579	ENSMUST00000080461	CTACTGGAGGCAGCAGTGGCGA
-1638	-1653*	-1652	-1616	-1631*	-1630	ENSMUST00000159975	TCATCAGGAATGCTCTGGGAAG
2432	3256*	2383	2454	3278*	2405	ENSMUST00000103108	GCAGCCGAAGGCCTGGGGGTTG
-2322	-2337*	ERROR_Not on the same transcript	-2300	-2315*	ERROR_Not on the same transcript	ENSMUST00000027112	GTCGGCTGAATTCCAAAGATGC
-2322	-2337*	ERROR_Not on the same transcript	-2300	-2315*	ERROR_Not on the same transcript	ENSMUST00000027112	GTCGGCTGAATTCCAAAGATGC
-740	-873	ERROR_Not on the same transcript	-718	-851	ERROR_Not on the same transcript	ENSMUST00000114399	GAGAACCAAGAAGGTGATCCTG
1122*	1108*	194	1145*	1131*	217	ENSMUST00000121717	TTAATTGGAATGGATGGGAACAC
61164*	61083*	855	61187*	61106*	878	ENSMUST00000110844	GGTGATCCAGGATGACGAGGTGG
2555	4621*	2552	2578	4644*	2575	ENSMUST00000173727	CACTACTGGAGGCAGCAGTGGCG
1237*	916*	589*	1260*	939*	612*	ENSMUST00000099934	TGCTCAGGATGCACGCGGGCGGC
5081*	5044*	4235	5105*	5068*	4259	ENSMUST00000042561	GTGGATGTAGCTCAGTTGGTAGCA
2069*	2066*	542	2093*	2090*	566	ENSMUST00000163979	CCATTACACCTCCTTCCACCCCTT
2069*	2066*	542	2093*	2090*	566	ENSMUST00000163979	CCATTACACCTCCTTCCACCCCTT
2432	2977*	2349	2456	3001*	2373	ENSMUST00000100993	TTTCAAGAAGTACACAGACCACCA
670*	-233	-232	694*	-209	-208	ENSMUST00000110186	GGCCCCGAGTGCAACAGCCTGCAG
292	-233	-232	316	-209	-208	ENSMUST00000110186	GGCCCCGAGTGCAACAGCCTGCAG
ERROR_Not on the same transcript	ERROR_Not on the same transcript	418	ERROR_Not on the same transcript	ERROR_Not on the same transcript	442	ENSMUST00000097288	CCAGTTCGAATCCGTGTGCGAGTC
2858	4362*	2373	2883	4387*	2398	ENSMUST00000028911	TAAGCTGAAGAGTTTGAGAATGGGC
-761*	-840*	-339	-736*	-815*	-314	ENSMUST00000034703	CCTCACTATCGGCGACGCGAACGGC
27277*	27262*	1045	27302*	27287*	1070	ENSMUST00000063594	GGAAGATTGCCATTTTAGGGTCAGC
27277*	27262*	995	27302*	27287*	1020	ENSMUST00000063594	GGAAGATTGCCATTTTAGGGTCAGC
1752*	1633*	1226	1777*	1658*	1251	ENSMUST00000004222	AGAAAGAATCTTTTGAAGAAACAAG
2249*	2040*	1116	2274*	2065*	1141	ENSMUST00000004222	AGAAAGAATCTTTTGAAGAAACAAG
2249*	2040*	1026	2274*	2065*	1051	ENSMUST00000004222	AGAAAGAATCTTTTGAAGAAACAAG
ERROR_Not on the same transcript	ERROR_Not on the same transcript	4233	ERROR_Not on the same transcript	ERROR_Not on the same transcript	4258	ENSMUST00000169547	GTGTGGATGTAGCTCAGTTGGTAGC
-2424*	-2460*	-2423	-2399*	-2435*	-2398	ENSMUST00000039627	CCTTTTGTAACCTGAGACCTGGCAC
71317*	71311*	413	71342*	71336*	438	ENSMUST00000233283	AACGGCCAGTTCGAATCCGTGTGCG
9568*	9558*	55	9594*	9584*	81	ENSMUST00000173033	AAGCCTGTGAAGGTGAACTGTGTGGT
9639*	9632*	2900	9665*	9658*	2926	ENSMUST00000044053	TGAAGAATTCATGGATGACTTTGAAA
2139	3476*	2011	2165	3502*	2037	ENSMUST00000044053	TGAAGAATTCATGGATGACTTTGAAA
-156	-2173*	-2172	-129	-2146*	-2145	ENSMUST00000030691	AGGGCCATATGGTTACAGAGGGATTGG
-152*	-402*	-151	-125*	-375*	-124	ENSMUST00000130698	TAGTATTTCTAGCCTATTCTTGTCAGT
1666*	2060*	325	1694*	2088*	353	ENSMUST00000028852	CATCTGGCGGATAAGAAGGGTCTCCACG
1251	2977*	1224	1279	3005*	1252	ENSMUST00000089027	GGCTTCTACGCAGCCTACATGTTTGTCC
1251	2977*	1106	1279	3005*	1134	ENSMUST00000089027	GGCTTCTACGCAGCCTACATGTTTGTCC
1694*	1686*	793	1722*	1714*	821	ENSMUST00000089027	GGCTTCTACGCAGCCTACATGTTTGTCC
206	4759*	90	234	4787*	118	ENSMUST00000190997	AGAGGTTTCGATTCCCTTCACCCATCTT
206	4759*	-212	234	4787*	-184	ENSMUST00000190997	AGAGGTTTCGATTCCCTTCACCCATCTT
-1157	-1271*	-1273	-1129	-1243*	-1245	ENSMUST00000190997	AGAGGTTTCGATTCCCTTCACCCATCTT
ERROR_Not on the same transcript	ERROR_Not on the same transcript	ERROR_Not on the same transcript	ERROR_Not on the same transcript	ERROR_Not on the same transcript	ERROR_Not on the same transcript	ENSMUST00000112637	AGTTGTCACCAAATCCCCCAAAACTAAC
315	1582*	275	343	1610*	303	ENSMUST00000112637	AGTTGTCACCAAATCCCCCAAAACTAAC
ERROR_Not on the same transcript	ERROR_Not on the same transcript	ERROR_Not on the same transcript	ERROR_Not on the same transcript	ERROR_Not on the same transcript	ERROR_Not on the same transcript	ENSMUST00000107420	TGCTTTGCCTCTGACACCACCTTACACT
ERROR_Not on the same transcript	ERROR_Not on the same transcript	ERROR_Not on the same transcript	ERROR_Not on the same transcript	ERROR_Not on the same transcript	ERROR_Not on the same transcript	ENSMUST00000107420	TGCTTTGCCTCTGACACCACCTTACACT
1664*	2058*	323	1693*	2087*	352	ENSMUST00000028852	AACATCTGGCGGATAAGAAGGGTCTCCAC
-1801	-1837*	-5722*	-1771	-1807*	-5692*	ENSMUST00000092433	CTGGAAGCCTCGGGAAAGTACTCCCCAACC
-1801	-1837*	-5728*	-1771	-1807*	-5698*	ENSMUST00000092433	CTGGAAGCCTCGGGAAAGTACTCCCCAACC
-1801	-1837*	-1836	-1771	-1807*	-1806	ENSMUST00000092433	CTGGAAGCCTCGGGAAAGTACTCCCCAACC
-443*	-1432*	-442	-413*	-1402*	-412	ENSMUST00000199300	TCGCGTGTCGCCCGTCGCACTGTCCAGACC
-836*	-917*	-835	-805*	-886*	-804	ENSMUST00000196060	GATATAATTGACATTGATTACTTTGAAGGAT
3081*	1104*	991	3112*	1135*	1022	ENSMUST00000111438	TTGACTTTGCCGGGCTTGCTCGAGGCTTTGC
-51	-60*	ERROR_Not on the same transcript	-20	-29*	ERROR_Not on the same transcript	ENSMUST00000162907	TCTACAGTGGGATCGAGGGGCTGGATGAGTC
ERROR_Not on the same transcript	ERROR_Not on the same transcript	ERROR_Not on the same transcript	ERROR_Not on the same transcript	ERROR_Not on the same transcript	ERROR_Not on the same transcript	ENSMUST00000162907	TCTACAGTGGGATCGAGGGGCTGGATGAGTC
ERROR_Not on the same transcript	ERROR_Not on the same transcript	ERROR_Not on the same transcript	ERROR_Not on the same transcript	ERROR_Not on the same transcript	ERROR_Not on the same transcript	ENSMUST00000162907	TCTACAGTGGGATCGAGGGGCTGGATGAGTC
ERROR_Not on the same transcript	ERROR_Not on the same transcript	ERROR_Not on the same transcript	ERROR_Not on the same transcript	ERROR_Not on the same transcript	ERROR_Not on the same transcript	ENSMUST00000162907	TCTACAGTGGGATCGAGGGGCTGGATGAGTC
ERROR_Not on the same transcript	ERROR_Not on the same transcript	ERROR_Not on the same transcript	ERROR_Not on the same transcript	ERROR_Not on the same transcript	ERROR_Not on the same transcript	ENSMUST00000162907	TCTACAGTGGGATCGAGGGGCTGGATGAGTC
ERROR_Not on the same transcript	ERROR_Not on the same transcript	ERROR_Not on the same transcript	ERROR_Not on the same transcript	ERROR_Not on the same transcript	ERROR_Not on the same transcript	ENSMUST00000162907	TCTACAGTGGGATCGAGGGGCTGGATGAGTC
ERROR_Not on the same transcript	ERROR_Not on the same transcript	ERROR_Not on the same transcript	ERROR_Not on the same transcript	ERROR_Not on the same transcript	ERROR_Not on the same transcript	ENSMUST00000162907	TCTACAGTGGGATCGAGGGGCTGGATGAGTC
-2446	-2925*	-2924	-2414	-2893*	-2892	ENSMUST00000035645	TAAGTCCTCCACCAGGCCCCTGCCCAGACCCA
1716	11774*	1690	1749	11807*	1723	ENSMUST00000023206	TCGGAGCGAGCTCCCATCTCTGATCCATCGGCG
2393*	2105*	270	2426*	2138*	303	ENSMUST00000023206	TCGGAGCGAGCTCCCATCTCTGATCCATCGGCG
10725*	9511*	6298	10758*	9544*	6331	ENSMUST00000037232	GAAGCATTGAGATACTACTGCCAGTGATGAACT
-2065	-2107*	-2106	-2031	-2073*	-2072	ENSMUST00000143432	AGGCGAACGAGGCCTGACTGGACCATCAGGCCCC
24323*	23565*	15270*	24357*	23599*	15304*	ENSMUST00000035813	GGTGCTGGGTGCTGGGTGCTGGGTGCTGGGTGCT
4290*	4179*	2377	4324*	4213*	2411	ENSMUST00000035813	GGTGCTGGGTGCTGGGTGCTGGGTGCTGGGTGCT
3215	21144*	3186	3250	21179*	3221	ENSMUST00000108909	CAAGGAGCACCCAGGAAGTGGCTTCAAAGGGGACT
1681	5577*	1676	1716	5612*	1711	ENSMUST00000038900	ATAAAATCTGATATATACACGTTAGGAAAGTTCTC
738*	-1636	-1635	774*	-1600	-1599	ENSMUST00000030691	TATTGACATCAATGCCAGCCTGCAAACTATTACTAT
-242*	-593*	-592	-206*	-557*	-556	ENSMUST00000111216	ATGGGCTCTTCGGCAGCAAAACCAACTTCAACTCCC
5001*	4647*	1110	5037*	4683*	1146	ENSMUST00000072031	GAGCGGCTCTCCACACATGAGCTCACCTCTCTGCTA
612	4748*	586	634	4770*	608	ENSMUST00000120544	ATGTGTCTTTCTAACTTCTAATAAACTCACTCCAACT
612	4748*	ERROR_Not on the same transcript	634	4770*	ERROR_Not on the same transcript	ENSMUST00000120544	ATGTGTCTTTCTAACTTCTAATAAACTCACTCCAACT
612	4748*	ERROR_Not on the same transcript	634	4770*	ERROR_Not on the same transcript	ENSMUST00000120544	ATGTGTCTTTCTAACTTCTAATAAACTCACTCCAACT
612	4748*	586	634	4770*	608	ENSMUST00000120544	ATGTGTCTTTCTAACTTCTAATAAACTCACTCCAACT
612	4748*	ERROR_Not on the same transcript	634	4770*	ERROR_Not on the same transcript	ENSMUST00000120544	ATGTGTCTTTCTAACTTCTAATAAACTCACTCCAACT
612	4748*	ERROR_Not on the same transcript	634	4770*	ERROR_Not on the same transcript	ENSMUST00000120544	ATGTGTCTTTCTAACTTCTAATAAACTCACTCCAACT
712*	647*	255	750*	685*	293	ENSMUST00000022458	GTCATCATGGAGCGAATCGGTCTTGCTACTGCAGGGGA
712*	647*	255	750*	685*	293	ENSMUST00000022458	GTCATCATGGAGCGAATCGGTCTTGCTACTGCAGGGGA
35619*	35497*	1373	35657*	35535*	1411	ENSMUST00000004684	TGGCCCACATCCGCCGGGCCGTGGAGAGCTGTCCTGAC
-1537	-1615*	-1614	-1498	-1576*	-1575	ENSMUST00000084513	GGAAGGAAGCCCTTTCCGTCCTTCCCACTCCTCCTCGGC
-157*	-196*	-156	-118*	-157*	-117	ENSMUST00000113136	ATATTCTGACAGGCCACGGTGAGCATCTATAGACCAGAA
245	4751*	168	285	4791*	208	ENSMUST00000084513	TTCCCCAACTCCATGTTCAGGGTCGAGTTTTGAGGACACC
736*	1170*	197	776*	1210*	237	ENSMUST00000003044	TGTTCAAGGGCAAGGTGGAAGCTGTATTGGAGAAGTTAGG
-1721	-1733*	-1732	-1681	-1693*	-1692	ENSMUST00000182597	GTATTTCAGGAGTTGAGTTATTGGTGGACCAGCCTTTCAC
-3578	-3605*	-3604	-3538	-3565*	-3564	ENSMUST00000182597	GTATTTCAGGAGTTGAGTTATTGGTGGACCAGCCTTTCAC
-3732*	-3863*	-3862	-3692*	-3823*	-3822	ENSMUST00000182597	GTATTTCAGGAGTTGAGTTATTGGTGGACCAGCCTTTCAC
-192	-198*	-197	-152	-158*	-157	ENSMUST00000168361	ATTTAATGAAATTCTACAGGCAGCCTATCAATTAATGACA
-552*	-612*	-551	-511*	-571*	-510	ENSMUST00000017408	GGTGTGGAATCAAACAAGCAATATCAGCTGGCAGACTGGAG
ERROR_Not on the same transcript	ERROR_Not on the same transcript	ERROR_Not on the same transcript	ERROR_Not on the same transcript	ERROR_Not on the same transcript	ERROR_Not on the same transcript	ENSMUST00000107420	TCTTTGGGCTCATGGAGAAGGACTCTTACCCTCGCTTCCTC
ERROR_Not on the same transcript	ERROR_Not on the same transcript	ERROR_Not on the same transcript	ERROR_Not on the same transcript	ERROR_Not on the same transcript	ERROR_Not on the same transcript	ENSMUST00000107420	TCTTTGGGCTCATGGAGAAGGACTCTTACCCTCGCTTCCTC
-2457	-2936*	-2935	-2416	-2895*	-2894	ENSMUST00000035645	ACACACCAAGATAAGTCCTCCACCAGGCCCCTGCCCAGACC
11740*	11719*	3330	11782*	11761*	3372	ENSMUST00000077182	GGCCAAGAAGAACAAAGACAAAGAGTATTACGTCTGAGCACC
18580*	18577*	1652*	18622*	18619*	1694*	ENSMUST00000122941	CCAGCTACCACTACTTTCTCCATTTATCCTGTGTCCTCCACT
-1668	-1678*	-1677	-1626	-1636*	-1635	ENSMUST00000122941	CCAGCTACCACTACTTTCTCCATTTATCCTGTGTCCTCCACT
2390*	2369*	297	2432*	2411*	339	ENSMUST00000160597	GAAAACATGATTGGGCCAGACTGGAAAAAGAGGTGGATGTAC
-1458*	-1531*	-1457	-1416*	-1489*	-1415	ENSMUST00000031278	GCTTGACAACTCGGCTGCGCTCGCCCAGACCTTCCGCCCTCC
-678*	-680*	-677	-636*	-638*	-635	ENSMUST00000027432	AACAACAAAGCCATTCGGCGCCTGCTACATGTTGCTGTAAGT
1241	2350*	1214	1283	2392*	1256	ENSMUST00000067664	GCCGCAGGTACAGATCTGTATTGTTCTTACTGAAACACAGCA
4790	5678*	4770	4832	5720*	4812	ENSMUST00000042824	ATAGTTGACCTTCTCATACCCTCTCCTAATGCTACTGCAGAA
-997	-1123*	-1122	-954	-1080*	-1079	ENSMUST00000173078	GAAAATCCACAGGAATGGGTAGGACAAGTGGAAATAAGTGCCC
-1051	-1081*	-1080	-1008	-1038*	-1037	ENSMUST00000108909	AAACTTTTACATGGTCCCTGGCATGCTAGAACCCTTGCTCTGC
-813*	-825*	-812	-770*	-782*	-769	ENSMUST00000084038	ACATCCTCTGTCACCTGAATATCACCATGCCCCCCTGCACCAA
-1309*	-1384*	-1308	-1266*	-1341*	-1265	ENSMUST00000084038	ACATCCTCTGTCACCTGAATATCACCATGCCCCCCTGCACCAA
1603*	1548*	1404	1647*	1592*	1448	ENSMUST00000027414	GTTTGAAGTGGAACTCCAAGCAGCTCGGACTCTGGAGCGGCTGG
-2431	-2443*	-2442	-2387	-2399*	-2398	ENSMUST00000182597	AAATAAATTAAACTCTGCACTATGTAATAGACGTAAAGGTGATC
-4288	-4315*	-4314	-4244	-4271*	-4270	ENSMUST00000182597	AAATAAATTAAACTCTGCACTATGTAATAGACGTAAAGGTGATC
-4442*	-4573*	-4572	-4398*	-4529*	-4528	ENSMUST00000182597	AAATAAATTAAACTCTGCACTATGTAATAGACGTAAAGGTGATC
-315	-343*	-342	-270	-298*	-297	ENSMUST00000067664	ACCAGGCGAAGCTGGCAGAGCAGGCCGAGCGATACGACGAAATGG
-650	-728*	-727	-605	-683*	-682	ENSMUST00000084513	AAAAGACCCCCGAGAAACTTGACAACACTCCTGCCTCACCTCCAA
-1513*	-1530*	-1211	-1468*	-1485*	-1166	ENSMUST00000109567	TGGTTCCTGGTCCACTCTGACCCTCAGTCATGCCCATGAGGTCTG
-1133*	-1624*	-1623	-1088*	-1579*	-1578	ENSMUST00000109567	TGGTTCCTGGTCCACTCTGACCCTCAGTCATGCCCATGAGGTCTG
2191*	-58	-57	2237*	-12	-11	ENSMUST00000040787	CTTTGCTTTCCCGAATTCTGCCTTCTGATGCCTGTAAAATATACAA
1154*	1089*	697	1200*	1135*	743	ENSMUST00000022458	GGCTGCCAGCCTTCCTAGACAATCACAATTATGCCAAATCCCCTAT
1154*	1089*	697	1200*	1135*	743	ENSMUST00000022458	GGCTGCCAGCCTTCCTAGACAATCACAATTATGCCAAATCCCCTAT
-131*	-140*	-130	-85*	-94*	-84	ENSMUST00000026993	ACCTCAATATCTACTTCAACTGCACTGACTTGAACCCAAGCCGTGA
72219*	72213*	1315	72265*	72259*	1361	ENSMUST00000148486	CACGGATTTTGACCCCTCTATCCTGCCTCCTCCGGACCCCTGGATT
-69*	-115*	-68	-22	-68*	-21	ENSMUST00000061158	ACCGAGAGCGAATAGAACTGTTTTGCACCGAGTATCAGAACAATAAG
-443	-572*	-571	-396	-525*	-524	ENSMUST00000033081	GCGGGGAGGCTGGAAAGGAGGATACAGTGGAGGGAGAAGACGAGAAG
-443	-574*	-571	-396	-527*	-524	ENSMUST00000033081	GCGGGGAGGCTGGAAAGGAGGATACAGTGGAGGGAGAAGACGAGAAG
-572*	-574*	-571	-525*	-527*	-524	ENSMUST00000033081	GCGGGGAGGCTGGAAAGGAGGATACAGTGGAGGGAGAAGACGAGAAG
10806*	10797*	8997*	10853*	10844*	9044*	ENSMUST00000105902	GACTTGGATGAGGACTTTCTTTTCACAGAACCGTTGCCTCCCCCCCT
13857*	13766*	1807	13905*	13814*	1855	ENSMUST00000033018	AGAACTGCAGTAGTCACTCAAATTATGATTCAACATTTTAATCCTTGG
295	1404*	268	343	1452*	316	ENSMUST00000067664	AAGCTATAAGGACTCTACGCTCATCATGCAGCTGCTACGTGATAACCT
7935*	7905*	765	7983*	7953*	813	ENSMUST00000159050	CGAGATGAATGGCTCCCTCACCAGCCCAAGCGCCTATGCTGGCCTACA
7935*	7905*	762	7983*	7953*	810	ENSMUST00000159050	CGAGATGAATGGCTCCCTCACCAGCCCAAGCGCCTATGCTGGCCTACA
91	602*	83	139	650*	131	ENSMUST00000159050	CGAGATGAATGGCTCCCTCACCAGCCCAAGCGCCTATGCTGGCCTACA
-102	-117*	-101	-54	-69*	-53	ENSMUST00000159050	CGAGATGAATGGCTCCCTCACCAGCCCAAGCGCCTATGCTGGCCTACA
-424*	-427*	-423	-376*	-379*	-375	ENSMUST00000164930	CAAGAAGCCCACTTCCACTAAGCCTAGCTCCTCTGCTCCCAGGGTGAG
-2031	-2037*	-2036	-1983	-1989*	-1988	ENSMUST00000168361	TAAACAAGATGATGAGGACTCTAAAATAAATGGCAGAGGTTTGCCAAA
-1450*	-1486*	-1449	-1401*	-1437*	-1400	ENSMUST00000102554	CCTGTCTAAACTGGCTGTGACTTCCTATGCAGACATTGCCGACCTCATG
1758	2438*	1738	1808	2488*	1788	ENSMUST00000037526	TAAACAATGCCCCCATCCTGTGCGTCCAGTCTCACCTTGGCCATGAAGAA
26743*	26727*	8566	26794*	26778*	8617	ENSMUST00000027521	AAAGGAGACAGAGAAGCGTGTAAAGTAACGGAGAGAGGTGCCTATAATGGA
-728	-916*	-915	-675	-863*	-862	ENSMUST00000078111	GAGTCCCTGTCGGTCCCCAAGCTGCAAAGCCCGCCTGGAAGACCCCGAAAGCT
-1958	-1964*	-1963	-1906	-1912*	-1911	ENSMUST00000168361	TTTTAATCGCACTCCTGGAAGTCGCCAAGCCTCTCCAACTGAAGTAGTTGAGC
1008	2049*	951	1062	2103*	1005	ENSMUST00000040179	ATACCAATTGCTCTTCTTTCTGCAGTCCTGCTGCTGTTCTTCTGCAGAGACTCC
1008	2049*	909	1062	2103*	963	ENSMUST00000040179	ATACCAATTGCTCTTCTTTCTGCAGTCCTGCTGCTGTTCTTCTGCAGAGACTCC
145	1037*	108	199	1091*	162	ENSMUST00000113460	AGATACTTACAGATTGGCCAGGATTCTTGTCCGCCTACCAGCACTCAGGCTCAT
ERROR_Not on the same transcript	ERROR_Not on the same transcript	4137	ERROR_Not on the same transcript	ERROR_Not on the same transcript	4192	ENSMUST00000182356	ACCAAGTATGAAACCACGATTTTCTGATACCCGCCGCCCCGTCCTCGCGGTGCCT
ERROR_Not on the same transcript	ERROR_Not on the same transcript	5675	ERROR_Not on the same transcript	ERROR_Not on the same transcript	5730	ENSMUST00000232395	CATCTGAGGCTCATTCGGCTGCCTCTGTGGCCAAGTCCTCCCAGAGTCCACCCTT
ERROR_Not on the same transcript	ERROR_Not on the same transcript	4984	ERROR_Not on the same transcript	ERROR_Not on the same transcript	5039	ENSMUST00000232395	CATCTGAGGCTCATTCGGCTGCCTCTGTGGCCAAGTCCTCCCAGAGTCCACCCTT
ERROR_Not on the same transcript	ERROR_Not on the same transcript	4828	ERROR_Not on the same transcript	ERROR_Not on the same transcript	4883	ENSMUST00000232395	CATCTGAGGCTCATTCGGCTGCCTCTGTGGCCAAGTCCTCCCAGAGTCCACCCTT
775	1235*	726	830	1290*	781	ENSMUST00000232395	CATCTGAGGCTCATTCGGCTGCCTCTGTGGCCAAGTCCTCCCAGAGTCCACCCTT
ERROR_Not on the same transcript	ERROR_Not on the same transcript	5675	ERROR_Not on the same transcript	ERROR_Not on the same transcript	5730	ENSMUST00000232395	CATCTGAGGCTCATTCGGCTGCCTCTGTGGCCAAGTCCTCCCAGAGTCCACCCTT
ERROR_Not on the same transcript	ERROR_Not on the same transcript	4984	ERROR_Not on the same transcript	ERROR_Not on the same transcript	5039	ENSMUST00000232395	CATCTGAGGCTCATTCGGCTGCCTCTGTGGCCAAGTCCTCCCAGAGTCCACCCTT
ERROR_Not on the same transcript	ERROR_Not on the same transcript	4828	ERROR_Not on the same transcript	ERROR_Not on the same transcript	4883	ENSMUST00000232395	CATCTGAGGCTCATTCGGCTGCCTCTGTGGCCAAGTCCTCCCAGAGTCCACCCTT
775	1235*	726	830	1290*	781	ENSMUST00000232395	CATCTGAGGCTCATTCGGCTGCCTCTGTGGCCAAGTCCTCCCAGAGTCCACCCTT
ERROR_Not on the same transcript	ERROR_Not on the same transcript	5675	ERROR_Not on the same transcript	ERROR_Not on the same transcript	5730	ENSMUST00000232395	CATCTGAGGCTCATTCGGCTGCCTCTGTGGCCAAGTCCTCCCAGAGTCCACCCTT
ERROR_Not on the same transcript	ERROR_Not on the same transcript	4984	ERROR_Not on the same transcript	ERROR_Not on the same transcript	5039	ENSMUST00000232395	CATCTGAGGCTCATTCGGCTGCCTCTGTGGCCAAGTCCTCCCAGAGTCCACCCTT
ERROR_Not on the same transcript	ERROR_Not on the same transcript	4828	ERROR_Not on the same transcript	ERROR_Not on the same transcript	4883	ENSMUST00000232395	CATCTGAGGCTCATTCGGCTGCCTCTGTGGCCAAGTCCTCCCAGAGTCCACCCTT
775	1235*	726	830	1290*	781	ENSMUST00000232395	CATCTGAGGCTCATTCGGCTGCCTCTGTGGCCAAGTCCTCCCAGAGTCCACCCTT
12135*	12114*	3725	12191*	12170*	3781	ENSMUST00000113462	GGCATCGTGGCGGCGGCGGCGCTCTGCATCCTCATTCTCCTCTACGCCATGTACAA
12135*	12114*	3725	12191*	12170*	3781	ENSMUST00000113462	GGCATCGTGGCGGCGGCGGCGCTCTGCATCCTCATTCTCCTCTACGCCATGTACAA
-37753*	-37861*	-175	-37697*	-37805*	-119	ENSMUST00000092887	CGACTGGTGGAGATTAATGGACAGAATGTGGAGAATAAATCCAGGGATGAAATTGT
10372*	9383*	870	10429*	9440*	927	ENSMUST00000199300	AGCCTGCATCGCATACATTCGGCTCACACAGTACATGGACGGAAGCGGGATGCCAAA
-141*	-157*	-140	-84	-100*	-83	ENSMUST00000027521	CTTTCGTGAACAGCCAGGAATGGACACTCAGCCGATCGGTACCGGAGCTCAAAGTGG
-1752	-1758*	-1757	-1694	-1700*	-1699	ENSMUST00000028081	AGCTGGTGCATTCCCGGCTCTACTCTCCGGAGCTGCCCATCCCTCCGGCTGCGGGCGA
2533*	2518*	194	2591*	2576*	252	ENSMUST00000186360	TATCCTGGTGGGCCACTGCCTGACTTCCCTAATCACTCACTCACCCTCAAAAAGGACA
-1080	-1091*	-1090	-1022	-1033*	-1032	ENSMUST00000054955	AACTGCCACCACATGTGCGCATCTGGGACTCTGTGACACTGAACACTCTGCATGTCAT
-281*	-398*	-280	-222*	-339*	-221	ENSMUST00000132615	ATGCAGCTCGGCCCGACTACATCGCTTCCAAGGCCTCCCCTACCTCGACTGAGGAGGAG
-281*	-398*	-312	-222*	-339*	-253	ENSMUST00000132615	ATGCAGCTCGGCCCGACTACATCGCTTCCAAGGCCTCCCCTACCTCGACTGAGGAGGAG
19020*	19004*	843	19079*	19063*	902	ENSMUST00000027521	TTACATGATTACATGCAGAATGTCCACGGCAAAGAGATAGACCTCTTGAGGACCACTGT
333	4184*	298	394	4245*	359	ENSMUST00000110049	AGATCCATTCCAAGGCATGCGCAAGCCCATGAGTCCTGTCTCAGCCCAGATGAGCCAGCTA
-916*	-919*	-915	-854*	-857*	-853	ENSMUST00000163979	TAAGGTTGCCGAAAAGCGGACCTCTCCATCCAAGCCTTCATCTGCCCCAGCCCTCAAACCTG
-916*	-919*	-915	-854*	-857*	-853	ENSMUST00000163979	TAAGGTTGCCGAAAAGCGGACCTCTCCATCCAAGCCTTCATCTGCCCCAGCCCTCAAACCTG
473*	352*	207	535*	414*	269	ENSMUST00000061837	AACAATAAGACAGCAGAGCGCCGGAGGCCCCTGGATGAATTCAACAATGGAGTTGTCATGAC
-696	-808*	-807	-634	-746*	-745	ENSMUST00000061837	AACAATAAGACAGCAGAGCGCCGGAGGCCCCTGGATGAATTCAACAATGGAGTTGTCATGAC
-1576	-1582*	-1581	-1514	-1520*	-1519	ENSMUST00000061837	AACAATAAGACAGCAGAGCGCCGGAGGCCCCTGGATGAATTCAACAATGGAGTTGTCATGAC
-503	-581*	-580	-441	-519*	-518	ENSMUST00000084513	CAAAAATGCAAGAGTCTCCCAAACTGTCCCAACAATCGTACAACTTTGACCCTGACGCCTGT
-109*	-118*	-108	-46	-55*	-45	ENSMUST00000195636	GCGGCTCCGGTGAACGCTTCAGAGTGAGATCATCATCCAAGTCTGAAGGTTCTCCATCGCCAC
679*	649*	50	742*	712*	113	ENSMUST00000110000	ACATGTCACAGCTCTCTCTGTCGCCCCTGAATTCCGCCGTCTTGGCTTGGCTGCTAAACTTAT
-3598*	-6274*	-6827*	-3534*	-6210*	-6763*	ENSMUST00000114037	TCTTACACTGATCGATCAATGATGTCTATGGCAGCTGATTCTTACACTGATTCTTATACTGATT
17960*	17827*	460	18025*	17892*	525	ENSMUST00000112987	AGAAGTATCTATGTGAACTGTGCCTGGACGATGTGCTGTATGCCCGTACCACAAGCAAGCTCAAG
17960*	17827*	327	18025*	17892*	392	ENSMUST00000112987	AGAAGTATCTATGTGAACTGTGCCTGGACGATGTGCTGTATGCCCGTACCACAAGCAAGCTCAAG
5238*	5232*	3603	5303*	5297*	3668	ENSMUST00000199659	AGGAAAAACCTAGAGCTCTTTGCCCTGCGCGTTACAAGGAAAGCAACTGGAATTTTAAATTTAGT
5706*	5691*	2373	5771*	5756*	2438	ENSMUST00000199659	AGGAAAAACCTAGAGCTCTTTGCCCTGCGCGTTACAAGGAAAGCAACTGGAATTTTAAATTTAGT
5048	49132*	22244*	5113	49197*	22309*	ENSMUST00000113144	CTTTTGTTCCTGAGTCATCTGACCCTCAAATACTGCTTTGCTTTCCCAGCTGCTTCCTTGTTTCA
5017*	5011*	1110	5084*	5078*	1177	ENSMUST00000016569	CATTTGCTAGGGTGGATCTTAAGCAGTACGTAGTCTGTCAGTGTTTGTATTTGAATTCTCTGCAATT
1542*	1483*	631	1609*	1550*	698	ENSMUST00000201700	AACAGTGGCAGAGATTAACGCAACGATGAGTGTCCATCTCCCATTCGCAGTGGTCGGCAGTACTGAA
4985*	4961*	482	5053*	5029*	550	ENSMUST00000160027	CAAAAATAATTTACATAGTACACGATGAAGTTAAGGATAAAGCTTTTGAACTGGAGCTCAGCTGGGTT
4985*	4961*	477	5053*	5029*	545	ENSMUST00000160027	CAAAAATAATTTACATAGTACACGATGAAGTTAAGGATAAAGCTTTTGAACTGGAGCTCAGCTGGGTT
-4632	-4665*	-4664	-4566	-4599*	-4598	ENSMUST00000213013	TACCGGAGCTTGACCCTGAACGTCGTGAACCGGCTCACCTCCGTTACTCGCCTCTTCCCAAATTCCTT
3875*	3860*	1536	3943*	3928*	1604	ENSMUST00000042035	ATGGTCCTGACCCAGCCCCCCCGGGACAGGACTGAGATCACTCTGGAAAGAAGCGGGGTGGGGAATCT
1493*	1252*	1142	1562*	1321*	1211	ENSMUST00000093995	CAGCGGCAGGGCTCCCGGCTCTCTGCTGTCCCTCACCTCCTGTACATACTGCCTGGGAAGAGACACCAC
8198*	8186*	2274	8267*	8255*	2343	ENSMUST00000119705	TCTAACATCGTCTTCTACCCTGGTGGAGATTCTGGAAGCCATGAAGCATCCCTCGACAGGAGTCCAGCT
35	3463*	24	105	3533*	94	ENSMUST00000202937	ATGAGGACCTGACCCCAGAGCAGAAGGCTGAGCGCGAGAAGGAACGGAGGATGGCCAATAATGCCCGTGA
90	1222*	88	161	1293*	159	ENSMUST00000178812	GATTGTAATCCGAGGACTCAATACCATTCCATTGTTTGTGCAGTTGCTTTATTCTCCCATTGAAAATATCC
4600*	4591*	4386	4671*	4662*	4457	ENSMUST00000105900	AGAGAAGCCCGTGGTCAGGACCTGGTGGAGGACAGAAAGTGGGGCACAGGCTGTGGCAAAGTTTAGGTGTG
12676*	12655*	4266	12748*	12727*	4338	ENSMUST00000113462	GGAAGGAAGGCTGGGGTTTTGTAAAGTGTCCACTGCGCCGTTCGTTTATTTCCCTCGATTTTCTTCTTCCTC
12676*	12655*	4266	12748*	12727*	4338	ENSMUST00000113462	GGAAGGAAGGCTGGGGTTTTGTAAAGTGTCCACTGCGCCGTTCGTTTATTTCCCTCGATTTTCTTCTTCCTC
-181*	-217*	-4894*	-106	-142*	-4819*	ENSMUST00000165123	AATTACTGTCGTGGGCTGCGCTTTGAGGAAGCTCCGGATTACATGTATCTGAGGCAGCTATTCCGCATCCTTTTC
ERROR_Not on the same transcript	ERROR_Not on the same transcript	ERROR_Not on the same transcript	ERROR_Not on the same transcript	ERROR_Not on the same transcript	ERROR_Not on the same transcript	ENSMUST00000146701	GATGAATGGATGAGTGAATGAATGAATGAATGAGTGAGTGAATTAATGGATGGGTATATTCTCTGGTTGAGCTTCT
-1974*	-2022*	-1973	-1898*	-1946*	-1897	ENSMUST00000089302	AAGAGAATGTGCAATCAAGTTCAATGATTACTTTGAATTTCCTCGAGAGTTAGACATGGAACCTTACACAGTGGCA
491	4627*	465	571	4707*	545	ENSMUST00000120544	TGGCCGGTGCCCTGCGCGGGGCCTCCCCAGGACACACTGACGTAGATTTGCTGTGTAGTCTTGGTGTGGAAATTTGAATT
491	4627*	ERROR_Not on the same transcript	571	4707*	ERROR_Not on the same transcript	ENSMUST00000120544	TGGCCGGTGCCCTGCGCGGGGCCTCCCCAGGACACACTGACGTAGATTTGCTGTGTAGTCTTGGTGTGGAAATTTGAATT
491	4627*	ERROR_Not on the same transcript	571	4707*	ERROR_Not on the same transcript	ENSMUST00000120544	TGGCCGGTGCCCTGCGCGGGGCCTCCCCAGGACACACTGACGTAGATTTGCTGTGTAGTCTTGGTGTGGAAATTTGAATT
491	4627*	465	571	4707*	545	ENSMUST00000120544	TGGCCGGTGCCCTGCGCGGGGCCTCCCCAGGACACACTGACGTAGATTTGCTGTGTAGTCTTGGTGTGGAAATTTGAATT
491	4627*	ERROR_Not on the same transcript	571	4707*	ERROR_Not on the same transcript	ENSMUST00000120544	TGGCCGGTGCCCTGCGCGGGGCCTCCCCAGGACACACTGACGTAGATTTGCTGTGTAGTCTTGGTGTGGAAATTTGAATT
491	4627*	ERROR_Not on the same transcript	571	4707*	ERROR_Not on the same transcript	ENSMUST00000120544	TGGCCGGTGCCCTGCGCGGGGCCTCCCCAGGACACACTGACGTAGATTTGCTGTGTAGTCTTGGTGTGGAAATTTGAATT
4896	6846*	4885	4976	6926*	4965	ENSMUST00000182597	GCTCGTTCTGCTGCTTGGTCCTACATCTTTCTGCCTGAGGAAGCCTGGTGTGACCTTACCATCCACCTTCCGTCAGCAGT
3039	6091*	3013	3119	6171*	3093	ENSMUST00000182597	GCTCGTTCTGCTGCTTGGTCCTACATCTTTCTGCCTGAGGAAGCCTGGTGTGACCTTACCATCCACCTTCCGTCAGCAGT
4029*	4952*	2755	4109*	5032*	2835	ENSMUST00000182597	GCTCGTTCTGCTGCTTGGTCCTACATCTTTCTGCCTGAGGAAGCCTGGTGTGACCTTACCATCCACCTTCCGTCAGCAGT
10772*	10763*	8963*	10852*	10843*	9043*	ENSMUST00000105902	ATTCCGCATCCCCCCTCCCCCTCTGGCATCCGTGGACTTGGATGAGGACTTTCTTTTCACAGAACCGTTGCCTCCCCCCC
4785*	4695*	3918	4867*	4777*	4000	ENSMUST00000044730	AAGATAGGATGGGCCGGGACCCTTCAGAGGCAACCCTTTGACACTTGGAAGGACTTTGGGGGACAGTTGAGATGACCTCAGA
1073	1641*	1068	1155	1723*	1150	ENSMUST00000175903	TTTTACGGAGAAAACTTATCCATGAAGGCTGCCTGCTCTGGAAGACAGCCACAGGCCGCTTCAAAGATGTCCTGTTGCTGCT
1154*	968*	836*	1236*	1050*	918*	ENSMUST00000175903	TTTTACGGAGAAAACTTATCCATGAAGGCTGCCTGCTCTGGAAGACAGCCACAGGCCGCTTCAAAGATGTCCTGTTGCTGCT
4870*	4516*	979	4953*	4599*	1062	ENSMUST00000072031	CCCCTGACCTCAAGACACAGAATGTCCACGTGGAAATTGAGCAGCGTTGGCATCAAGTGGAGACCACCCCTCTCAGGGAGGAG
611	903*	474	695	987*	558	ENSMUST00000020159	CACCATGGCGGGCAAGTCTCCAGGACCCTTCCCAAACTGTGACTGGAGATTCAATGAGTTTCCCAACCCCGCTGCCCACGCTCT
ERROR_Not on the same transcript	ERROR_Not on the same transcript	ERROR_Not on the same transcript	ERROR_Not on the same transcript	ERROR_Not on the same transcript	ERROR_Not on the same transcript	ENSMUST00000146701	GAAAGGTAACAATACACTCACAAATAGGTAGATGAATGTAGCTGGAAGACGGGGCCTGGCTAGGGACGGGATGAGAGGCTGTGTC
ERROR_Not on the same transcript	ERROR_Not on the same transcript	3783	ERROR_Not on the same transcript	ERROR_Not on the same transcript	3868	ENSMUST00000232395	GGAGGACAGCAGACTGGAAGTGGCCTCTCCTGACTCTCCTACACCACTCTGTGAGGATGCTTCTCCTTCCCCCACGCCAGCTCCT
ERROR_Not on the same transcript	ERROR_Not on the same transcript	3092	ERROR_Not on the same transcript	ERROR_Not on the same transcript	3177	ENSMUST00000232395	GGAGGACAGCAGACTGGAAGTGGCCTCTCCTGACTCTCCTACACCACTCTGTGAGGATGCTTCTCCTTCCCCCACGCCAGCTCCT
ERROR_Not on the same transcript	ERROR_Not on the same transcript	2936	ERROR_Not on the same transcript	ERROR_Not on the same transcript	3021	ENSMUST00000232395	GGAGGACAGCAGACTGGAAGTGGCCTCTCCTGACTCTCCTACACCACTCTGTGAGGATGCTTCTCCTTCCCCCACGCCAGCTCCT
-1117	-1167*	-1166	-1032	-1082*	-1081	ENSMUST00000232395	GGAGGACAGCAGACTGGAAGTGGCCTCTCCTGACTCTCCTACACCACTCTGTGAGGATGCTTCTCCTTCCCCCACGCCAGCTCCT
ERROR_Not on the same transcript	ERROR_Not on the same transcript	3783	ERROR_Not on the same transcript	ERROR_Not on the same transcript	3868	ENSMUST00000232395	GGAGGACAGCAGACTGGAAGTGGCCTCTCCTGACTCTCCTACACCACTCTGTGAGGATGCTTCTCCTTCCCCCACGCCAGCTCCT
ERROR_Not on the same transcript	ERROR_Not on the same transcript	3092	ERROR_Not on the same transcript	ERROR_Not on the same transcript	3177	ENSMUST00000232395	GGAGGACAGCAGACTGGAAGTGGCCTCTCCTGACTCTCCTACACCACTCTGTGAGGATGCTTCTCCTTCCCCCACGCCAGCTCCT
ERROR_Not on the same transcript	ERROR_Not on the same transcript	2936	ERROR_Not on the same transcript	ERROR_Not on the same transcript	3021	ENSMUST00000232395	GGAGGACAGCAGACTGGAAGTGGCCTCTCCTGACTCTCCTACACCACTCTGTGAGGATGCTTCTCCTTCCCCCACGCCAGCTCCT
-1117	-1167*	-1166	-1032	-1082*	-1081	ENSMUST00000232395	GGAGGACAGCAGACTGGAAGTGGCCTCTCCTGACTCTCCTACACCACTCTGTGAGGATGCTTCTCCTTCCCCCACGCCAGCTCCT
ERROR_Not on the same transcript	ERROR_Not on the same transcript	3783	ERROR_Not on the same transcript	ERROR_Not on the same transcript	3868	ENSMUST00000232395	GGAGGACAGCAGACTGGAAGTGGCCTCTCCTGACTCTCCTACACCACTCTGTGAGGATGCTTCTCCTTCCCCCACGCCAGCTCCT
ERROR_Not on the same transcript	ERROR_Not on the same transcript	3092	ERROR_Not on the same transcript	ERROR_Not on the same transcript	3177	ENSMUST00000232395	GGAGGACAGCAGACTGGAAGTGGCCTCTCCTGACTCTCCTACACCACTCTGTGAGGATGCTTCTCCTTCCCCCACGCCAGCTCCT
ERROR_Not on the same transcript	ERROR_Not on the same transcript	2936	ERROR_Not on the same transcript	ERROR_Not on the same transcript	3021	ENSMUST00000232395	GGAGGACAGCAGACTGGAAGTGGCCTCTCCTGACTCTCCTACACCACTCTGTGAGGATGCTTCTCCTTCCCCCACGCCAGCTCCT
-1117	-1167*	-1166	-1032	-1082*	-1081	ENSMUST00000232395	GGAGGACAGCAGACTGGAAGTGGCCTCTCCTGACTCTCCTACACCACTCTGTGAGGATGCTTCTCCTTCCCCCACGCCAGCTCCT
3853*	3838*	1514	3938*	3923*	1599	ENSMUST00000186360	TCTCAGACCCAGGCAGAGAGCATGGTCCTGACCCAGCCCCCCCGGGACAGGACTGAGATCACTCTGGAAAGAAGCGGGGTGGGGA
ERROR_Not on the same transcript	ERROR_Not on the same transcript	5442	ERROR_Not on the same transcript	ERROR_Not on the same transcript	5527	ENSMUST00000232395	TACTCGGTCAAGCCAGTCTCCAAAAAAGCCTTCCAACAGTATTATTGAACACCTGTCAGTGATATTCCCATGTTATACCAGCACT
ERROR_Not on the same transcript	ERROR_Not on the same transcript	4751	ERROR_Not on the same transcript	ERROR_Not on the same transcript	4836	ENSMUST00000232395	TACTCGGTCAAGCCAGTCTCCAAAAAAGCCTTCCAACAGTATTATTGAACACCTGTCAGTGATATTCCCATGTTATACCAGCACT
ERROR_Not on the same transcript	ERROR_Not on the same transcript	4595	ERROR_Not on the same transcript	ERROR_Not on the same transcript	4680	ENSMUST00000232395	TACTCGGTCAAGCCAGTCTCCAAAAAAGCCTTCCAACAGTATTATTGAACACCTGTCAGTGATATTCCCATGTTATACCAGCACT
542	1002*	493	627	1087*	578	ENSMUST00000232395	TACTCGGTCAAGCCAGTCTCCAAAAAAGCCTTCCAACAGTATTATTGAACACCTGTCAGTGATATTCCCATGTTATACCAGCACT
ERROR_Not on the same transcript	ERROR_Not on the same transcript	5442	ERROR_Not on the same transcript	ERROR_Not on the same transcript	5527	ENSMUST00000232395	TACTCGGTCAAGCCAGTCTCCAAAAAAGCCTTCCAACAGTATTATTGAACACCTGTCAGTGATATTCCCATGTTATACCAGCACT
ERROR_Not on the same transcript	ERROR_Not on the same transcript	4751	ERROR_Not on the same transcript	ERROR_Not on the same transcript	4836	ENSMUST00000232395	TACTCGGTCAAGCCAGTCTCCAAAAAAGCCTTCCAACAGTATTATTGAACACCTGTCAGTGATATTCCCATGTTATACCAGCACT
ERROR_Not on the same transcript	ERROR_Not on the same transcript	4595	ERROR_Not on the same transcript	ERROR_Not on the same transcript	4680	ENSMUST00000232395	TACTCGGTCAAGCCAGTCTCCAAAAAAGCCTTCCAACAGTATTATTGAACACCTGTCAGTGATATTCCCATGTTATACCAGCACT
542	1002*	493	627	1087*	578	ENSMUST00000232395	TACTCGGTCAAGCCAGTCTCCAAAAAAGCCTTCCAACAGTATTATTGAACACCTGTCAGTGATATTCCCATGTTATACCAGCACT
ERROR_Not on the same transcript	ERROR_Not on the same transcript	5442	ERROR_Not on the same transcript	ERROR_Not on the same transcript	5527	ENSMUST00000232395	TACTCGGTCAAGCCAGTCTCCAAAAAAGCCTTCCAACAGTATTATTGAACACCTGTCAGTGATATTCCCATGTTATACCAGCACT
ERROR_Not on the same transcript	ERROR_Not on the same transcript	4751	ERROR_Not on the same transcript	ERROR_Not on the same transcript	4836	ENSMUST00000232395	TACTCGGTCAAGCCAGTCTCCAAAAAAGCCTTCCAACAGTATTATTGAACACCTGTCAGTGATATTCCCATGTTATACCAGCACT
ERROR_Not on the same transcript	ERROR_Not on the same transcript	4595	ERROR_Not on the same transcript	ERROR_Not on the same transcript	4680	ENSMUST00000232395	TACTCGGTCAAGCCAGTCTCCAAAAAAGCCTTCCAACAGTATTATTGAACACCTGTCAGTGATATTCCCATGTTATACCAGCACT
542	1002*	493	627	1087*	578	ENSMUST00000232395	TACTCGGTCAAGCCAGTCTCCAAAAAAGCCTTCCAACAGTATTATTGAACACCTGTCAGTGATATTCCCATGTTATACCAGCACT
1001	4684*	990	1088	4771*	1077	ENSMUST00000200466	AGCAAATTAAGGAAAGAGTCCTTACTCTGTTTCCTGCGTTCATAGCGGTCTGTTTGTGCTTTGTCTAACAGTGAACACTGGTACTTG
1001	4684*	868	1088	4771*	955	ENSMUST00000200466	AGCAAATTAAGGAAAGAGTCCTTACTCTGTTTCCTGCGTTCATAGCGGTCTGTTTGTGCTTTGTCTAACAGTGAACACTGGTACTTG
672	3647*	625	759	3734*	712	ENSMUST00000107976	ACCTGAAGCCCCCAGGATAGGTGGGACAGAGAAGCTCAGTTCTGGGACGGTGGCATCCTCTCTCTCTCTCTCTCTTTCCTTTCTTTT
-926*	-932*	-925	-839*	-845*	-838	ENSMUST00000105991	AACAATCTGGCTTCCAGCTCTTTCTATGGCAACAACTCTCTGAGCAGTAACTCCCAGAGCAGCTCCCTCTTCTCTCAGGGCTCTGCA
35342*	35232*	22292*	35430*	35320*	22380*	ENSMUST00000231569	CAACATACTGGGCTCAATCACACTTGGTCACAGGATTCTGCACATACCTTCCTTTTCAAGGATTTGGCATCACCCAGCGACCAGCGTA
35342*	35232*	14189*	35430*	35320*	14277*	ENSMUST00000231569	CAACATACTGGGCTCAATCACACTTGGTCACAGGATTCTGCACATACCTTCCTTTTCAAGGATTTGGCATCACCCAGCGACCAGCGTA
35342*	35232*	2890	35430*	35320*	2978	ENSMUST00000231569	CAACATACTGGGCTCAATCACACTTGGTCACAGGATTCTGCACATACCTTCCTTTTCAAGGATTTGGCATCACCCAGCGACCAGCGTA
-1029	-1079*	-1078	-941	-991*	-990	ENSMUST00000231569	CAACATACTGGGCTCAATCACACTTGGTCACAGGATTCTGCACATACCTTCCTTTTCAAGGATTTGGCATCACCCAGCGACCAGCGTA
1579*	1574*	975	1668*	1663*	1064	ENSMUST00000131671	AAAGAGCGCCAAGCTGCTAGACAGGCCTCCAGAAGCACTGCGTATGAAGATTATTATTATCACCCTCCTCCCCGAATGCCACCTCCAAT
ERROR_Not on the same transcript	ERROR_Not on the same transcript	3587	ERROR_Not on the same transcript	ERROR_Not on the same transcript	3685	ENSMUST00000232395	ACATTTCAAAAACAGGAGAATATTTACGAGTTAAACTACCACTAAATCCAACTGCTAGGGAATTTCAACCAGATGTAAAGTCTGAAGCACTGTCTGAG
ERROR_Not on the same transcript	ERROR_Not on the same transcript	2896	ERROR_Not on the same transcript	ERROR_Not on the same transcript	2994	ENSMUST00000232395	ACATTTCAAAAACAGGAGAATATTTACGAGTTAAACTACCACTAAATCCAACTGCTAGGGAATTTCAACCAGATGTAAAGTCTGAAGCACTGTCTGAG
ERROR_Not on the same transcript	ERROR_Not on the same transcript	2740	ERROR_Not on the same transcript	ERROR_Not on the same transcript	2838	ENSMUST00000232395	ACATTTCAAAAACAGGAGAATATTTACGAGTTAAACTACCACTAAATCCAACTGCTAGGGAATTTCAACCAGATGTAAAGTCTGAAGCACTGTCTGAG
-1313	-1363*	-1362	-1215	-1265*	-1264	ENSMUST00000232395	ACATTTCAAAAACAGGAGAATATTTACGAGTTAAACTACCACTAAATCCAACTGCTAGGGAATTTCAACCAGATGTAAAGTCTGAAGCACTGTCTGAG
ERROR_Not on the same transcript	ERROR_Not on the same transcript	3587	ERROR_Not on the same transcript	ERROR_Not on the same transcript	3685	ENSMUST00000232395	ACATTTCAAAAACAGGAGAATATTTACGAGTTAAACTACCACTAAATCCAACTGCTAGGGAATTTCAACCAGATGTAAAGTCTGAAGCACTGTCTGAG
ERROR_Not on the same transcript	ERROR_Not on the same transcript	2896	ERROR_Not on the same transcript	ERROR_Not on the same transcript	2994	ENSMUST00000232395	ACATTTCAAAAACAGGAGAATATTTACGAGTTAAACTACCACTAAATCCAACTGCTAGGGAATTTCAACCAGATGTAAAGTCTGAAGCACTGTCTGAG
ERROR_Not on the same transcript	ERROR_Not on the same transcript	2740	ERROR_Not on the same transcript	ERROR_Not on the same transcript	2838	ENSMUST00000232395	ACATTTCAAAAACAGGAGAATATTTACGAGTTAAACTACCACTAAATCCAACTGCTAGGGAATTTCAACCAGATGTAAAGTCTGAAGCACTGTCTGAG
-1313	-1363*	-1362	-1215	-1265*	-1264	ENSMUST00000232395	ACATTTCAAAAACAGGAGAATATTTACGAGTTAAACTACCACTAAATCCAACTGCTAGGGAATTTCAACCAGATGTAAAGTCTGAAGCACTGTCTGAG
ERROR_Not on the same transcript	ERROR_Not on the same transcript	3587	ERROR_Not on the same transcript	ERROR_Not on the same transcript	3685	ENSMUST00000232395	ACATTTCAAAAACAGGAGAATATTTACGAGTTAAACTACCACTAAATCCAACTGCTAGGGAATTTCAACCAGATGTAAAGTCTGAAGCACTGTCTGAG
ERROR_Not on the same transcript	ERROR_Not on the same transcript	2896	ERROR_Not on the same transcript	ERROR_Not on the same transcript	2994	ENSMUST00000232395	ACATTTCAAAAACAGGAGAATATTTACGAGTTAAACTACCACTAAATCCAACTGCTAGGGAATTTCAACCAGATGTAAAGTCTGAAGCACTGTCTGAG
ERROR_Not on the same transcript	ERROR_Not on the same transcript	2740	ERROR_Not on the same transcript	ERROR_Not on the same transcript	2838	ENSMUST00000232395	ACATTTCAAAAACAGGAGAATATTTACGAGTTAAACTACCACTAAATCCAACTGCTAGGGAATTTCAACCAGATGTAAAGTCTGAAGCACTGTCTGAG
-1313	-1363*	-1362	-1215	-1265*	-1264	ENSMUST00000232395	ACATTTCAAAAACAGGAGAATATTTACGAGTTAAACTACCACTAAATCCAACTGCTAGGGAATTTCAACCAGATGTAAAGTCTGAAGCACTGTCTGAG
3704	4592*	3684	3802	4690*	3782	ENSMUST00000042824	ACCGCGCTGGAGGGATATCAGATTGGACAGGTGGCCTGTGGGCTGAACCACACCTTGGCAGTGTCAGCAGATGGCTCCATGGTGTGGGCCTTTGGAGA
2546*	10071*	1558	2644*	10169*	1656	ENSMUST00000171289	TAATTAAAATTACTGTTCTCTGAATGACAGTGTGTAAGGAAATCTTTCAAGAATGCTGTCATTATTCTCTTTGAGCTTTTTGTTGGGATTTGGGGTTTT
2491	46575*	19687*	2591	46675*	19787*	ENSMUST00000113144	TATTTTTGGATCTTGGTTCTGGGGCACTGGTGAGAACAGCCTTAGATCTGTTGGAGTCAATTGTGAGAAGATGCCGAAGGCTGGAGAAAAAGAAGTTACT
18693*	18677*	516	18794*	18778*	617	ENSMUST00000190096	TTAAGTGACTACTCATCCTCTGTTCCTTCGACCCCAAGCACCAGCCAGAAAGAGCTTCGGATCGACGTCCCTCCCACTGCCAACACTCCAACGCCTGTCCG
18693*	18677*	516	18794*	18778*	617	ENSMUST00000190096	TTAAGTGACTACTCATCCTCTGTTCCTTCGACCCCAAGCACCAGCCAGAAAGAGCTTCGGATCGACGTCCCTCCCACTGCCAACACTCCAACGCCTGTCCG
12494*	12473*	4084	12596*	12575*	4186	ENSMUST00000113462	AAAGAAAAGGAATATAACTACTACGTGCTCATCCCCTTCCCTCCCGCTGCCCTCGGCGCCGCACTGTCAGCTCTGGGGCTGGCTGTCCTCCGCTCTGCGCCT
12494*	12473*	4084	12596*	12575*	4186	ENSMUST00000113462	AAAGAAAAGGAATATAACTACTACGTGCTCATCCCCTTCCCTCCCGCTGCCCTCGGCGCCGCACTGTCAGCTCTGGGGCTGGCTGTCCTCCGCTCTGCGCCT
2083	4094*	2081	2186	4197*	2184	ENSMUST00000100203	GGCGAGCCCAGGCAACTCCTGACCATGTCCTCTTCATGCTGTTAAATGCCAAGGGAACTACTGTGTGCACAGCCAGCTGCCTTCAGCTTCATAAGCGAGCAGA
2083	4094*	2081	2186	4197*	2184	ENSMUST00000100203	GGCGAGCCCAGGCAACTCCTGACCATGTCCTCTTCATGCTGTTAAATGCCAAGGGAACTACTGTGTGCACAGCCAGCTGCCTTCAGCTTCATAAGCGAGCAGA
-2580	-2592*	-2591	-2477	-2489*	-2488	ENSMUST00000182597	TTGAGGCTACCAAAGTTTGCAGAGGAGGAGACTCTTTGTATAGACTCTATAACTCCTTGTGCTGATGGAATTCATTTGTTGGTAGGACTGCGGACATGCTCTG
-4437	-4464*	-4463	-4334	-4361*	-4360	ENSMUST00000182597	TTGAGGCTACCAAAGTTTGCAGAGGAGGAGACTCTTTGTATAGACTCTATAACTCCTTGTGCTGATGGAATTCATTTGTTGGTAGGACTGCGGACATGCTCTG
-4591*	-4722*	-4721	-4488*	-4619*	-4618	ENSMUST00000182597	TTGAGGCTACCAAAGTTTGCAGAGGAGGAGACTCTTTGTATAGACTCTATAACTCCTTGTGCTGATGGAATTCATTTGTTGGTAGGACTGCGGACATGCTCTG
6676*	6674*	5071	6781*	6779*	5176	ENSMUST00000055758	ATACTGTTACAGGATTCATGAACTTGAGTAATTTTACAGTTTGGAACTCTGATGCTATATATACATGGTATAATGTATTCAGACTTTGATCACTACATATTTAAA
5328*	5316*	3278	5433*	5421*	3383	ENSMUST00000055758	ATACTGTTACAGGATTCATGAACTTGAGTAATTTTACAGTTTGGAACTCTGATGCTATATATACATGGTATAATGTATTCAGACTTTGATCACTACATATTTAAA
14820*	14710*	1770	14928*	14818*	1878	ENSMUST00000117648	TTTGAAAAAGAACAGATTTCTCGAAGCTCTTAATCACTTTGAAAAGGCAAAGACTTTAATTAGTCGTCTCCCTGGAATTCTAACTTGGCCCACAAGTAATGTGATTAT
14820*	14710*	1079	14928*	14818*	1187	ENSMUST00000117648	TTTGAAAAAGAACAGATTTCTCGAAGCTCTTAATCACTTTGAAAAGGCAAAGACTTTAATTAGTCGTCTCCCTGGAATTCTAACTTGGCCCACAAGTAATGTGATTAT
14820*	14710*	923	14928*	14818*	1031	ENSMUST00000117648	TTTGAAAAAGAACAGATTTCTCGAAGCTCTTAATCACTTTGAAAAGGCAAAGACTTTAATTAGTCGTCTCCCTGGAATTCTAACTTGGCCCACAAGTAATGTGATTAT
-3130	-3180*	-3179	-3022	-3072*	-3071	ENSMUST00000117648	TTTGAAAAAGAACAGATTTCTCGAAGCTCTTAATCACTTTGAAAAGGCAAAGACTTTAATTAGTCGTCTCCCTGGAATTCTAACTTGGCCCACAAGTAATGTGATTAT
ERROR_Not on the same transcript	ERROR_Not on the same transcript	5951	ERROR_Not on the same transcript	ERROR_Not on the same transcript	6060	ENSMUST00000232395	AACTGTTGCACCATCGTCACAGACCCAGCCCAGGAGAAGATGGGAACCTCCTTCCTGTTGCTGTAGGTAGTCACTCCTCACTAATGCACCATGCACTTCATGAGTTAAA
ERROR_Not on the same transcript	ERROR_Not on the same transcript	5260	ERROR_Not on the same transcript	ERROR_Not on the same transcript	5369	ENSMUST00000232395	AACTGTTGCACCATCGTCACAGACCCAGCCCAGGAGAAGATGGGAACCTCCTTCCTGTTGCTGTAGGTAGTCACTCCTCACTAATGCACCATGCACTTCATGAGTTAAA
ERROR_Not on the same transcript	ERROR_Not on the same transcript	5104	ERROR_Not on the same transcript	ERROR_Not on the same transcript	5213	ENSMUST00000232395	AACTGTTGCACCATCGTCACAGACCCAGCCCAGGAGAAGATGGGAACCTCCTTCCTGTTGCTGTAGGTAGTCACTCCTCACTAATGCACCATGCACTTCATGAGTTAAA
1051	1511*	1002	1160	1620*	1111	ENSMUST00000232395	AACTGTTGCACCATCGTCACAGACCCAGCCCAGGAGAAGATGGGAACCTCCTTCCTGTTGCTGTAGGTAGTCACTCCTCACTAATGCACCATGCACTTCATGAGTTAAA
ERROR_Not on the same transcript	ERROR_Not on the same transcript	5951	ERROR_Not on the same transcript	ERROR_Not on the same transcript	6060	ENSMUST00000232395	AACTGTTGCACCATCGTCACAGACCCAGCCCAGGAGAAGATGGGAACCTCCTTCCTGTTGCTGTAGGTAGTCACTCCTCACTAATGCACCATGCACTTCATGAGTTAAA
ERROR_Not on the same transcript	ERROR_Not on the same transcript	5260	ERROR_Not on the same transcript	ERROR_Not on the same transcript	5369	ENSMUST00000232395	AACTGTTGCACCATCGTCACAGACCCAGCCCAGGAGAAGATGGGAACCTCCTTCCTGTTGCTGTAGGTAGTCACTCCTCACTAATGCACCATGCACTTCATGAGTTAAA
ERROR_Not on the same transcript	ERROR_Not on the same transcript	5104	ERROR_Not on the same transcript	ERROR_Not on the same transcript	5213	ENSMUST00000232395	AACTGTTGCACCATCGTCACAGACCCAGCCCAGGAGAAGATGGGAACCTCCTTCCTGTTGCTGTAGGTAGTCACTCCTCACTAATGCACCATGCACTTCATGAGTTAAA
1051	1511*	1002	1160	1620*	1111	ENSMUST00000232395	AACTGTTGCACCATCGTCACAGACCCAGCCCAGGAGAAGATGGGAACCTCCTTCCTGTTGCTGTAGGTAGTCACTCCTCACTAATGCACCATGCACTTCATGAGTTAAA
ERROR_Not on the same transcript	ERROR_Not on the same transcript	5951	ERROR_Not on the same transcript	ERROR_Not on the same transcript	6060	ENSMUST00000232395	AACTGTTGCACCATCGTCACAGACCCAGCCCAGGAGAAGATGGGAACCTCCTTCCTGTTGCTGTAGGTAGTCACTCCTCACTAATGCACCATGCACTTCATGAGTTAAA
ERROR_Not on the same transcript	ERROR_Not on the same transcript	5260	ERROR_Not on the same transcript	ERROR_Not on the same transcript	5369	ENSMUST00000232395	AACTGTTGCACCATCGTCACAGACCCAGCCCAGGAGAAGATGGGAACCTCCTTCCTGTTGCTGTAGGTAGTCACTCCTCACTAATGCACCATGCACTTCATGAGTTAAA
ERROR_Not on the same transcript	ERROR_Not on the same transcript	5104	ERROR_Not on the same transcript	ERROR_Not on the same transcript	5213	ENSMUST00000232395	AACTGTTGCACCATCGTCACAGACCCAGCCCAGGAGAAGATGGGAACCTCCTTCCTGTTGCTGTAGGTAGTCACTCCTCACTAATGCACCATGCACTTCATGAGTTAAA
1051	1511*	1002	1160	1620*	1111	ENSMUST00000232395	AACTGTTGCACCATCGTCACAGACCCAGCCCAGGAGAAGATGGGAACCTCCTTCCTGTTGCTGTAGGTAGTCACTCCTCACTAATGCACCATGCACTTCATGAGTTAAA
2678	5653*	2631	2789	5764*	2742	ENSMUST00000107976	ATTAAAGCATGCTAAATTCAGGGGCTCTTGCTCGCTCTCCCGATGAGTCATCTTTCTCTCTCTCTGTGGCTGTGGGCTGCTGAACCGCACAGAGATAATTCATCTCTGGGC
6365*	6363*	5947	6478*	6476*	6060	ENSMUST00000101018	CTTAGTTCCTCTGTCACTTTAGCCTTCAACCCGGCATTGGTACTGTACATGCCTGGCTTCTGAAGGTATCTCTGTACATTGTTCTCAGGCGGTCTTGTGGATGTCTTTCAGGA
4478	48562*	21674*	4592	48676*	21788*	ENSMUST00000113144	TATCCAGACCTGAACATGATTGAGACATACGTGTGTCAGATTTGCGAGGACACCTTTGACTATGACTTGGATTCCCCTGATCAGTTGTCCGGATTGACAATGATTACACACCTC
4753*	32409*	2380	4877*	32533*	2504	ENSMUST00000030691	AAAATAACCAGAGACTCTAAGGATCACACAGTTTCAGGTAATGGGCTAGGAATTAGAATTGTTGGTGGTAAAGAAATTCCTGGACATAGTGGAGAAATTGGAGCCTATATTGCTAAGATTCTTC
4073	7048*	4026	4198	7173*	4151	ENSMUST00000107976	CTGGCAGCAGGCTCTGGTAGTCCACGTCTCCTTCCAACCAGCAGAGTAAAGGCACAGACACAGTTGTGCACCGCATATGTATTCAGAGAGACACAAGTATGTAGAGTCATTCATGGCCCAGAGCG
4257*	4255*	3839	4382*	4380*	3964	ENSMUST00000101018	ATACCAGAGGCCAGCCTGAACTTCCAGAAAGTGCCGCCTGGCTCTATGAACTCTCACAACTTGGACCAGAACATGAATGACAGCCGAGACGATGCTCTGACCAACAAGACGAGGCCTCGGAACCG
4732	6682*	4721	4857	6807*	4846	ENSMUST00000182597	CAAATAAAGCTGTTGACAGCACTTTGAAAACAAGGATCCTGGCCTCTGAGCCTGACAATGCAGAAGGAATCCATAACTTTGCACCACTTGGTACCATCACTTCTAGTAGTCCTACTGCCCAGCCA
2875	5927*	2849	3000	6052*	2974	ENSMUST00000182597	CAAATAAAGCTGTTGACAGCACTTTGAAAACAAGGATCCTGGCCTCTGAGCCTGACAATGCAGAAGGAATCCATAACTTTGCACCACTTGGTACCATCACTTCTAGTAGTCCTACTGCCCAGCCA
3865*	4788*	2591	3990*	4913*	2716	ENSMUST00000182597	CAAATAAAGCTGTTGACAGCACTTTGAAAACAAGGATCCTGGCCTCTGAGCCTGACAATGCAGAAGGAATCCATAACTTTGCACCACTTGGTACCATCACTTCTAGTAGTCCTACTGCCCAGCCA
-2603	-4620*	-4619	-2458	-4475*	-4474	ENSMUST00000182407	GCCCATGAATCTCTGATATTGACCTACTCTGAGCCTTCAGAGAGTGCTACGTCTGTCCCACCTTCTGACACACCTTCTCTCACATCATCTATTTCTTCAGTTTGTACCACAGATAGCTCCTCACCTGTCACTACCCTCGATAGCC
2366	13232*	2365	2516	13382*	2515	ENSMUST00000238468	CAGTTGCAATTTTTTGCAAGGTTTTTCGACTCATAGTTCTTTGTCTGGGTACTTTTTCACCCTACAGAGAATTTCTGTATATATTATCGTTTCTGATTCTAGTGTTTTGAATTTTCGCTGGGTCTAAATATCTCTGTCTCAGTGTCAGTA
518	1722*	510	668	1872*	660	ENSMUST00000238468	CAGTTGCAATTTTTTGCAAGGTTTTTCGACTCATAGTTCTTTGTCTGGGTACTTTTTCACCCTACAGAGAATTTCTGTATATATTATCGTTTCTGATTCTAGTGTTTTGAATTTTCGCTGGGTCTAAATATCTCTGTCTCAGTGTCAGTA
518	1722*	442	668	1872*	592	ENSMUST00000238468	CAGTTGCAATTTTTTGCAAGGTTTTTCGACTCATAGTTCTTTGTCTGGGTACTTTTTCACCCTACAGAGAATTTCTGTATATATTATCGTTTCTGATTCTAGTGTTTTGAATTTTCGCTGGGTCTAAATATCTCTGTCTCAGTGTCAGTA
352	6030*	272	506	6184*	426	ENSMUST00000035058	GATCTCATGGCATGCTCTGATGTGTTTTGTAGGAGGGGAAACACTTAAAATAAGCAAAGAAACCGAGCAGGATTGCATATATCGGATGGTTCTTGTCTGTGCTCTCTGTACGTTGCTTCTGCAGCTGTGATTTCTAAACCTCTGCTGGCACTCA
1273	2405*	1271	1427	2559*	1425	ENSMUST00000007130	TAGTGTTATGTTCTAGTGAACCTGCTACAGCAATTTCTGATTTCTAAGAACCGAGTAATGGTGTAGAACACTAATTCATAATCACGCTAATTGTAATCTGGAGACGTGTAACATTGTGTAGCCTTTTGTATAAATAGACAGATAGAAATGGTCC
-629*	-644*	-628	-474*	-489*	-473	ENSMUST00000042035	CTTGCACTTCTTCTTCCTGTCCTCATTTTGCTGGGTGCTCACCGAGGCCTGGCAATCCTACATGGCCGTCACCGGCCGCCTCCGGAGCCGGCTCGTCCGCAAACGCTTTCTCTGCCTGGGCTGGGGGCTCCCTGCACTGGTGGTGGCCATTTCTG
-542	-545*	-544	-386	-389*	-388	ENSMUST00000007130	CTTGTTCAAAACTGTCTTTGGACTCTCAGAAACCTTTCAGATGCAGCGACTAAGCAGGAAGGGATGGAAGGCCTCCTTGGGACTCTAGTGCAGCTTCTGGGTTCCGATGATATAAATGTGGTCACCTGTGCAGCTGGAATTCTCTCTAACCTCACT
2864	20793*	2835	3024	20953*	2995	ENSMUST00000108909	GAAGTACTTCGTCTCCCCGACCCTATTCCGCGTCATCCGATTGGCCCGCATCGGGCGCATCTTGCGTCTGATCAAGGGCGCCAAAGGGATCCGCACCCTGCTCTTTGCCTTAATGATGTCGCTGCCCGCCCTGTTCAACATCGGCCTCCTGCTCTTCCTG
377	1177*	354	537	1337*	514	ENSMUST00000046257	CCAGGCCTGGACCAGCCTAGGGAAGCGTGCAGACCAGCGCAAGGCCAAATTGGGTGACTCCCATGATCTGCAGCGCTTCCTTAGCGATTTCCGGGACCTCATGTCTTGGATCAATGGAATACGAGGGTTGGTATCTTCAGATGAACTAGCCAAGGACGTC
ERROR_Not on the same transcript	ERROR_Not on the same transcript	3923	ERROR_Not on the same transcript	ERROR_Not on the same transcript	4093	ENSMUST00000232395	CATACCTTCCTTTTCAAGGATTTGGCATCACCCAGCGACCAGCGTACATTAACATGGTACCTAGCCTGTCGCAGTTCACTAGCATTTACACACCTTTGGCCAACATTTCTTCTGAGTATCCAATGCAAAGATCCATGCCAGTGGTGCCATCTTTTGTAGCCAGCAACAGA
ERROR_Not on the same transcript	ERROR_Not on the same transcript	3232	ERROR_Not on the same transcript	ERROR_Not on the same transcript	3402	ENSMUST00000232395	CATACCTTCCTTTTCAAGGATTTGGCATCACCCAGCGACCAGCGTACATTAACATGGTACCTAGCCTGTCGCAGTTCACTAGCATTTACACACCTTTGGCCAACATTTCTTCTGAGTATCCAATGCAAAGATCCATGCCAGTGGTGCCATCTTTTGTAGCCAGCAACAGA
ERROR_Not on the same transcript	ERROR_Not on the same transcript	3076	ERROR_Not on the same transcript	ERROR_Not on the same transcript	3246	ENSMUST00000232395	CATACCTTCCTTTTCAAGGATTTGGCATCACCCAGCGACCAGCGTACATTAACATGGTACCTAGCCTGTCGCAGTTCACTAGCATTTACACACCTTTGGCCAACATTTCTTCTGAGTATCCAATGCAAAGATCCATGCCAGTGGTGCCATCTTTTGTAGCCAGCAACAGA
-977	-1027*	-1026	-807	-857*	-856	ENSMUST00000232395	CATACCTTCCTTTTCAAGGATTTGGCATCACCCAGCGACCAGCGTACATTAACATGGTACCTAGCCTGTCGCAGTTCACTAGCATTTACACACCTTTGGCCAACATTTCTTCTGAGTATCCAATGCAAAGATCCATGCCAGTGGTGCCATCTTTTGTAGCCAGCAACAGA
ERROR_Not on the same transcript	ERROR_Not on the same transcript	3923	ERROR_Not on the same transcript	ERROR_Not on the same transcript	4093	ENSMUST00000232395	CATACCTTCCTTTTCAAGGATTTGGCATCACCCAGCGACCAGCGTACATTAACATGGTACCTAGCCTGTCGCAGTTCACTAGCATTTACACACCTTTGGCCAACATTTCTTCTGAGTATCCAATGCAAAGATCCATGCCAGTGGTGCCATCTTTTGTAGCCAGCAACAGA
ERROR_Not on the same transcript	ERROR_Not on the same transcript	3232	ERROR_Not on the same transcript	ERROR_Not on the same transcript	3402	ENSMUST00000232395	CATACCTTCCTTTTCAAGGATTTGGCATCACCCAGCGACCAGCGTACATTAACATGGTACCTAGCCTGTCGCAGTTCACTAGCATTTACACACCTTTGGCCAACATTTCTTCTGAGTATCCAATGCAAAGATCCATGCCAGTGGTGCCATCTTTTGTAGCCAGCAACAGA
ERROR_Not on the same transcript	ERROR_Not on the same transcript	3076	ERROR_Not on the same transcript	ERROR_Not on the same transcript	3246	ENSMUST00000232395	CATACCTTCCTTTTCAAGGATTTGGCATCACCCAGCGACCAGCGTACATTAACATGGTACCTAGCCTGTCGCAGTTCACTAGCATTTACACACCTTTGGCCAACATTTCTTCTGAGTATCCAATGCAAAGATCCATGCCAGTGGTGCCATCTTTTGTAGCCAGCAACAGA
-977	-1027*	-1026	-807	-857*	-856	ENSMUST00000232395	CATACCTTCCTTTTCAAGGATTTGGCATCACCCAGCGACCAGCGTACATTAACATGGTACCTAGCCTGTCGCAGTTCACTAGCATTTACACACCTTTGGCCAACATTTCTTCTGAGTATCCAATGCAAAGATCCATGCCAGTGGTGCCATCTTTTGTAGCCAGCAACAGA
ERROR_Not on the same transcript	ERROR_Not on the same transcript	3923	ERROR_Not on the same transcript	ERROR_Not on the same transcript	4093	ENSMUST00000232395	CATACCTTCCTTTTCAAGGATTTGGCATCACCCAGCGACCAGCGTACATTAACATGGTACCTAGCCTGTCGCAGTTCACTAGCATTTACACACCTTTGGCCAACATTTCTTCTGAGTATCCAATGCAAAGATCCATGCCAGTGGTGCCATCTTTTGTAGCCAGCAACAGA
ERROR_Not on the same transcript	ERROR_Not on the same transcript	3232	ERROR_Not on the same transcript	ERROR_Not on the same transcript	3402	ENSMUST00000232395	CATACCTTCCTTTTCAAGGATTTGGCATCACCCAGCGACCAGCGTACATTAACATGGTACCTAGCCTGTCGCAGTTCACTAGCATTTACACACCTTTGGCCAACATTTCTTCTGAGTATCCAATGCAAAGATCCATGCCAGTGGTGCCATCTTTTGTAGCCAGCAACAGA
ERROR_Not on the same transcript	ERROR_Not on the same transcript	3076	ERROR_Not on the same transcript	ERROR_Not on the same transcript	3246	ENSMUST00000232395	CATACCTTCCTTTTCAAGGATTTGGCATCACCCAGCGACCAGCGTACATTAACATGGTACCTAGCCTGTCGCAGTTCACTAGCATTTACACACCTTTGGCCAACATTTCTTCTGAGTATCCAATGCAAAGATCCATGCCAGTGGTGCCATCTTTTGTAGCCAGCAACAGA
-977	-1027*	-1026	-807	-857*	-856	ENSMUST00000232395	CATACCTTCCTTTTCAAGGATTTGGCATCACCCAGCGACCAGCGTACATTAACATGGTACCTAGCCTGTCGCAGTTCACTAGCATTTACACACCTTTGGCCAACATTTCTTCTGAGTATCCAATGCAAAGATCCATGCCAGTGGTGCCATCTTTTGTAGCCAGCAACAGA
1329	1352*	1273	1500	1523*	1444	ENSMUST00000102919	CAGCGGGTGCAACCCTGTCATCTACTGGCTGGCCAACTACGTGTGGGACATGCTCAATTACCTGGTCCCAGCCACCTGCTGCGTGATCATCCTCTTTGTCTTTGACTTACCTGCCTACACATCACCCACCAACTTCCCCGCGGTGCTCTCCTTGTTCCTGCTCTATGGGTG
3717	4517*	3694	3908	4708*	3885	ENSMUST00000129241	AGTGAAGAGATCGAGAGTGCTTTCCGGGCCCTCAGCTCTGAGGGCAAGCCTTATGTGACCAAGGAGGAGCTCTACCAGAACCTGACCCGGGAACAAGCTGACTATTGTGTCTCCCACATGAAGCCCTATGTGGATGGCAAGGGCCGAGAACTTCCAACTGCCTTCGACTACGTCGAGTTCACCCGCTCACT
2457	3932*	155	2651	4126*	349	ENSMUST00000087871	AACCTGAAGGAGGCCATTGAAACCATTGTGGCCGCCATGAGCAACCTGGTGCCCCCTGTGGAGCTGGCCAACCCTGAGAACCAGTTCAGAGTGGACTACATTCTGAGCGTGATGAACGTGCCGAACTTTGACTTCCCACCTGAATTCTATGAGCATGCCAAGGCTCTGTGGGAGGATGAGGGAGTGCGTGCCTG
2286	13152*	2285	2491	13357*	2490	ENSMUST00000238468	CTACCATGGAGTGACACTGGATATAGAAACTACCGTTAACAGCAGACTCCATGGCTCAGACTTCCAATACAATATGAACTCAGTTGCAATTTTTTGCAAGGTTTTTCGACTCATAGTTCTTTGTCTGGGTACTTTTTCACCCTACAGAGAATTTCTGTATATATTATCGTTTCTGATTCTAGTGTTTTGAATTTTCGCTGGGTCT
438	1642*	430	643	1847*	635	ENSMUST00000238468	CTACCATGGAGTGACACTGGATATAGAAACTACCGTTAACAGCAGACTCCATGGCTCAGACTTCCAATACAATATGAACTCAGTTGCAATTTTTTGCAAGGTTTTTCGACTCATAGTTCTTTGTCTGGGTACTTTTTCACCCTACAGAGAATTTCTGTATATATTATCGTTTCTGATTCTAGTGTTTTGAATTTTCGCTGGGTCT
438	1642*	362	643	1847*	567	ENSMUST00000238468	CTACCATGGAGTGACACTGGATATAGAAACTACCGTTAACAGCAGACTCCATGGCTCAGACTTCCAATACAATATGAACTCAGTTGCAATTTTTTGCAAGGTTTTTCGACTCATAGTTCTTTGTCTGGGTACTTTTTCACCCTACAGAGAATTTCTGTATATATTATCGTTTCTGATTCTAGTGTTTTGAATTTTCGCTGGGTCT
11146*	11125*	2736	11395*	11374*	2985	ENSMUST00000113462	AGGTGTCCGGCCTCTACTACAATGGGCTCAAGGTACTGGCGCTGGCCGCCGAGAGCGACCCCAATGTGCGGACCGAAGGCCACCTACGGCTAGTAGGGGAGGGGCCGTCCGTGCTGCTCAGTGCTGAGACCACTGCCACCACTCTGCTGGCCGACATGGCCACCACCATCATGGAGACCACCACCACCATGGCCACCACCACTACTCGCCGGGGCCGTTCCCCCACAATGAGGGACAGCACCACCCAGA
11146*	11125*	2736	11395*	11374*	2985	ENSMUST00000113462	AGGTGTCCGGCCTCTACTACAATGGGCTCAAGGTACTGGCGCTGGCCGCCGAGAGCGACCCCAATGTGCGGACCGAAGGCCACCTACGGCTAGTAGGGGAGGGGCCGTCCGTGCTGCTCAGTGCTGAGACCACTGCCACCACTCTGCTGGCCGACATGGCCACCACCATCATGGAGACCACCACCACCATGGCCACCACCACTACTCGCCGGGGCCGTTCCCCCACAATGAGGGACAGCACCACCCAGA
