start_genomic-RiStart	start_genomic-RiEnd	end_genomic-RiStart	end_genomic-RiEnd	transcript_ID	prot_seq
-8	-1160	11	-1141	ENSMUST00000118557	GCGTTCATTCAGATACTAT
2742	2602*	2761	2621*	ENSMUST00000004326	CTTGAGAGCAAGAACCACC
2264	2221*	2283	2240*	ENSMUST00000004326	CTTGAGAGCAAGAACCACC
1950	1749*	1969	1768*	ENSMUST00000004326	CTTGAGAGCAAGAACCACC
2077	2110*	2096	2129*	ENSMUST00000199754	TCCTCAGATTGTACATGTA
-1559	-2626*	-1540	-2607*	ENSMUST00000147250	CTTACCTGGTCCCGATGCA
831	2875*	850	2894*	ENSMUST00000121111	CAGGGGGCAGCGCTGCGCC
1620	1597*	1640	1617*	ENSMUST00000179769	GTCCAAGCCTAGGTCCTCAG
-1112	ERROR_Not on the same transcript	-1092	ERROR_Not on the same transcript	ENSMUST00000121416	CCTTTGGGCTCTGAGTCACT
-221	ERROR_Not on the same transcript	-201	ERROR_Not on the same transcript	ENSMUST00000065111	TGGCTTGAGTCTTCGTAAAG
-221	ERROR_Not on the same transcript	-201	ERROR_Not on the same transcript	ENSMUST00000065111	TGGCTTGAGTCTTCGTAAAG
1049	1112*	1069	1132*	ENSMUST00000092937	CTCTGGCTTCAGGTAGTCCC
-563	-711*	-543	-691*	ENSMUST00000106354	TGGTGGTTGGGCAGAGCGGC
131	-152*	151	-132*	ENSMUST00000077609	GGCAGGGGCGGTGGAGGTGG
-82	-310*	-62	-290*	ENSMUST00000100167	GTCAGTGTCATCCGTGCTTT
4368	2297	4388	2317	ENSMUST00000032359	ATAAAGGGACCTACGCGTGG
4358	3034*	4378	3054*	ENSMUST00000182061	TCTCGGCAGAGTCATTCCCG
123*	-34*	143*	-14*	ENSMUST00000182061	TCTCGGCAGAGTCATTCCCG
4615	7915*	4635	7935*	ENSMUST00000027040	TCTTTAACATGTTCTTTATA
3497	ERROR_Error while searching for the second coordinates	3518	ERROR_Error while searching for the second coordinates	ENSMUST00000090973	GCCCCAAGCTGAGGGGATCCA
3498	ERROR_Error while searching for the second coordinates	3519	ERROR_Error while searching for the second coordinates	ENSMUST00000090973	CCCCAAGCTGAGGGGATCCAG
1319	2338*	1340	2359*	ENSMUST00000166411	ATCTCTCAGGCTGACTTTATA
1304	1118*	1325	1139*	ENSMUST00000035216	AGTTAGGGCGAATGGAGGTGT
574	444*	595	465*	ENSMUST00000035216	AGTTAGGGCGAATGGAGGTGT
-454	-666*	-433	-645*	ENSMUST00000035216	AGTTAGGGCGAATGGAGGTGT
-974	-1258*	-953	-1237*	ENSMUST00000035216	AGTTAGGGCGAATGGAGGTGT
-974	-1258*	-953	-1237*	ENSMUST00000035216	AGTTAGGGCGAATGGAGGTGT
1592	5352*	1613	5373*	ENSMUST00000113712	TCCCTTTGGAATTTTTAAATG
2158*	1885*	2179*	1906*	ENSMUST00000113712	TCCCTTTGGAATTTTTAAATG
298	145*	320	167*	ENSMUST00000025170	TTCGAAGCCTAAAACTCAAAGC
1335	2225*	1357	2247*	ENSMUST00000022458	CCTTTCAGTTCCTCTGTCCATC
266	-343*	288	-321*	ENSMUST00000022458	CCTTTCAGTTCCTCTGTCCATC
266	-343*	288	-321*	ENSMUST00000022458	CCTTTCAGTTCCTCTGTCCATC
-342	-667*	-320	-645*	ENSMUST00000022458	CCTTTCAGTTCCTCTGTCCATC
1335	2225*	1357	2247*	ENSMUST00000022458	CCTTTCAGTTCCTCTGTCCATC
266	-343*	288	-321*	ENSMUST00000022458	CCTTTCAGTTCCTCTGTCCATC
266	-343*	288	-321*	ENSMUST00000022458	CCTTTCAGTTCCTCTGTCCATC
-342	-667*	-320	-645*	ENSMUST00000022458	CCTTTCAGTTCCTCTGTCCATC
790	3336*	812	3358*	ENSMUST00000171265	AAGTTTTGAACTGAAATTTGTA
790	3336*	812	3358*	ENSMUST00000171265	AAGTTTTGAACTGAAATTTGTA
936	2949*	958	2971*	ENSMUST00000074792	CGGGCCTAGCTCAGTAGGTAGA
-935	-1113*	-913	-1091*	ENSMUST00000020756	ATATCCCTTGGAATGGACCTGT
-935	-1113*	-913	-1091*	ENSMUST00000020756	ATATCCCTTGGAATGGACCTGT
1738	1622*	1760	1644*	ENSMUST00000019512	TGTGGATTGGCTCTGAGGAGCG
1655	1501*	1677	1523*	ENSMUST00000019512	TGTGGATTGGCTCTGAGGAGCG
-937	-1115*	-915	-1093*	ENSMUST00000020756	AGATATCCCTTGGAATGGACCT
734	811*	756	833*	ENSMUST00000080461	CTACTGGAGGCAGCAGTGGCGA
2510*	2420*	2532*	2442*	ENSMUST00000076467	CTTCCAGGAGTCAGGATGGACT
-299	-553*	-277	-531*	ENSMUST00000045026	TTGGAAGAGAACCTGTTGAACT
-552	-758*	-530	-736*	ENSMUST00000045026	TTGGAAGAGAACCTGTTGAACT
-1906	-2109*	-1884	-2087*	ENSMUST00000036865	AAGCTTAGGGCAGCAGGCAGAC
950	2905*	972	2927*	ENSMUST00000020365	GGGTGACAAACCAGAGGAAGAT
-118	-325*	-96	-303*	ENSMUST00000020365	GGGTGACAAACCAGAGGAAGAT
-118	-325*	-96	-303*	ENSMUST00000020365	GGGTGACAAACCAGAGGAAGAT
-188	-325*	-166	-303*	ENSMUST00000020365	GGGTGACAAACCAGAGGAAGAT
-284	-460*	-261	-437*	ENSMUST00000071442	GAGCCCGGGCTCCCCTCTACTCA
732	809*	755	832*	ENSMUST00000173727	CACTACTGGAGGCAGCAGTGGCG
424	1991*	447	2014*	ENSMUST00000124470	CAGGCCTACCCCCCTGCCTTCCA
ERROR_Not on the same transcript	1954*	ERROR_Not on the same transcript	1977*	ENSMUST00000087228	TACTTCCAGGGTCTTCAACTATG
617	1114*	640	1137*	ENSMUST00000087228	TACTTCCAGGGTCTTCAACTATG
-882	-1108*	-859	-1085*	ENSMUST00000027512	TGGGGAGTTAGCTCAGTTGGTGA
882	916*	905	939*	ENSMUST00000099934	TGCTCAGGATGCACGCGGGCGGC
-1868	-2214	-1845	-2191	ENSMUST00000099934	TGCTCAGGATGCACGCGGGCGGC
314	1070*	337	1093*	ENSMUST00000017799	CTGAACCCTGGAACTGCTTTGGA
545	1113*	569	1137*	ENSMUST00000017981	GTGCATAAGCAAGCTGTTCTTCCC
91	-180*	115	-156*	ENSMUST00000098048	GATTTGAGGCGTGGCTTGGTCATG
1979	2228*	2003	2252*	ENSMUST00000115032	CCCTGGGGTGTACAGCACTGGATG
2097	2016*	2121	2040*	ENSMUST00000115032	CCCTGGGGTGTACAGCACTGGATG
1392	2918*	1416	2942*	ENSMUST00000006112	CAGGTCCGGGCTCGCACAGTAGCG
-228	-598*	-204	-574*	ENSMUST00000006112	CAGGTCCGGGCTCGCACAGTAGCG
-961	-1310*	-937	-1286*	ENSMUST00000006112	CAGGTCCGGGCTCGCACAGTAGCG
700	-233*	724	-209*	ENSMUST00000110186	GGCCCCGAGTGCAACAGCCTGCAG
700	-233*	724	-209*	ENSMUST00000110186	GGCCCCGAGTGCAACAGCCTGCAG
700	-233*	724	-209*	ENSMUST00000110186	GGCCCCGAGTGCAACAGCCTGCAG
527	-233*	551	-209*	ENSMUST00000110186	GGCCCCGAGTGCAACAGCCTGCAG
4508	3779*	4532	3803*	ENSMUST00000042125	ACTGACTGAGTGAACTGTGCATTC
205	-550*	229	-526*	ENSMUST00000028341	CCTTGGGCTGCTCCTGGATGCGTT
474	ERROR_Error while searching for the second coordinates	499	ERROR_Error while searching for the second coordinates	ENSMUST00000028911	TAAGCTGAAGAGTTTGAGAATGGGC
-1413	ERROR_Second coordinate not in the transcript	-1388	ERROR_Second coordinate not in the transcript	ENSMUST00000034703	CCTCACTATCGGCGACGCGAACGGC
-1490	ERROR_Second coordinate not in the transcript	-1465	ERROR_Second coordinate not in the transcript	ENSMUST00000034703	CCTCACTATCGGCGACGCGAACGGC
-103	-267*	-78	-242*	ENSMUST00000027252	TCCAAGCTCAGGGTGTTGAAGTGCC
-1947	-2247*	-1922	-2222*	ENSMUST00000027252	TCCAAGCTCAGGGTGTTGAAGTGCC
-2526	-2702*	-2501	-2677*	ENSMUST00000039627	CCTTTTGTAACCTGAGACCTGGCAC
193	-102*	219	-76*	ENSMUST00000029382	TCCTCATCTGGACGGGAAACATGTGG
-220	ERROR_Not on the same transcript	-194	ERROR_Not on the same transcript	ENSMUST00000065111	GGCTTGAGTCTTCGTAAAGTAAACAG
-220	ERROR_Not on the same transcript	-194	ERROR_Not on the same transcript	ENSMUST00000065111	GGCTTGAGTCTTCGTAAAGTAAACAG
4903	-2173*	4930	-2146*	ENSMUST00000030691	AGGGCCATATGGTTACAGAGGGATTGG
-103	-402*	-76	-375*	ENSMUST00000130698	TAGTATTTCTAGCCTATTCTTGTCAGT
-103	-208*	-76	-181*	ENSMUST00000130698	TAGTATTTCTAGCCTATTCTTGTCAGT
-103	-208*	-76	-181*	ENSMUST00000130698	TAGTATTTCTAGCCTATTCTTGTCAGT
-544	ERROR_Second coordinate not in the transcript	-517	ERROR_Second coordinate not in the transcript	ENSMUST00000130698	TAGTATTTCTAGCCTATTCTTGTCAGT
-919	-1176*	-892	-1149*	ENSMUST00000075695	GAATTGGATATGGACAAAGACCTCAGT
-919	-1176*	-892	-1149*	ENSMUST00000075695	GAATTGGATATGGACAAAGACCTCAGT
449	2060*	477	2088*	ENSMUST00000028852	CATCTGGCGGATAAGAAGGGTCTCCACG
-1179	-1437*	-1150	-1408*	ENSMUST00000026671	TTCACATCCTGCCTCACCACTCCCATCAA
-2661	-2875*	-2632	-2846*	ENSMUST00000026671	TTCACATCCTGCCTCACCACTCCCATCAA
447	2058*	476	2087*	ENSMUST00000028852	AACATCTGGCGGATAAGAAGGGTCTCCAC
2030	2371*	2059	2400*	ENSMUST00000191471	CTTTTCTTTACTCTGTCCTCTCTTCTATC
742	609*	771	638*	ENSMUST00000131717	CCGGGCCCAGTCGGTGCTGTACCAGAGTG
-2184	-2863*	-2154	-2833*	ENSMUST00000092433	CTGGAAGCCTCGGGAAAGTACTCCCCAACC
-370	-1432*	-340	-1402*	ENSMUST00000199300	TCGCGTGTCGCCCGTCGCACTGTCCAGACC
1168	1104*	1199	1135*	ENSMUST00000111438	TTGACTTTGCCGGGCTTGCTCGAGGCTTTGC
810	719*	842	751*	ENSMUST00000020756	CTAAATGATAGAAGCAGCATTGTAATGGGAGA
810	719*	842	751*	ENSMUST00000020756	CTAAATGATAGAAGCAGCATTGTAATGGGAGA
-2924	ERROR_Second coordinate not in the transcript	-2892	ERROR_Second coordinate not in the transcript	ENSMUST00000035645	TAAGTCCTCCACCAGGCCCCTGCCCAGACCCA
2534	23565*	2568	23599*	ENSMUST00000035813	GGTGCTGGGTGCTGGGTGCTGGGTGCTGGGTGCT
2534	23565*	2568	23599*	ENSMUST00000035813	GGTGCTGGGTGCTGGGTGCTGGGTGCTGGGTGCT
-2133	-2355*	-2099	-2321*	ENSMUST00000124973	CGGGAGTTGCAAGAACTGCAGGATAGCCTGAATG
-2806	-3058*	-2772	-3024*	ENSMUST00000124973	CGGGAGTTGCAAGAACTGCAGGATAGCCTGAATG
-3057	-3271*	-3023	-3237*	ENSMUST00000124973	CGGGAGTTGCAAGAACTGCAGGATAGCCTGAATG
3707	5332*	3742	5367*	ENSMUST00000111338	CCTAAGATCCGGGCTGTTTCTCCACATTTTGATGA
5440	-1636*	5476	-1600*	ENSMUST00000030691	TATTGACATCAATGCCAGCCTGCAAACTATTACTAT
-68	-412*	-32	-376*	ENSMUST00000111216	ATGGGCTCTTCGGCAGCAAAACCAACTTCAACTCCC
-68	-412*	-32	-376*	ENSMUST00000111216	ATGGGCTCTTCGGCAGCAAAACCAACTTCAACTCCC
-411	ERROR_Not on the same transcript	-375	ERROR_Not on the same transcript	ENSMUST00000111216	ATGGGCTCTTCGGCAGCAAAACCAACTTCAACTCCC
589	1479*	627	1517*	ENSMUST00000022458	GTCATCATGGAGCGAATCGGTCTTGCTACTGCAGGGGA
-480	-1089*	-442	-1051*	ENSMUST00000022458	GTCATCATGGAGCGAATCGGTCTTGCTACTGCAGGGGA
-480	-1089*	-442	-1051*	ENSMUST00000022458	GTCATCATGGAGCGAATCGGTCTTGCTACTGCAGGGGA
-1088	-1413*	-1050	-1375*	ENSMUST00000022458	GTCATCATGGAGCGAATCGGTCTTGCTACTGCAGGGGA
589	1479*	627	1517*	ENSMUST00000022458	GTCATCATGGAGCGAATCGGTCTTGCTACTGCAGGGGA
-480	-1089*	-442	-1051*	ENSMUST00000022458	GTCATCATGGAGCGAATCGGTCTTGCTACTGCAGGGGA
-480	-1089*	-442	-1051*	ENSMUST00000022458	GTCATCATGGAGCGAATCGGTCTTGCTACTGCAGGGGA
-1088	-1413*	-1050	-1375*	ENSMUST00000022458	GTCATCATGGAGCGAATCGGTCTTGCTACTGCAGGGGA
1636	3259*	1674	3297*	ENSMUST00000036288	CAAATAACCCACAGTCTCGGACCCACTCACCCCCACAG
58	-387*	97	-348*	ENSMUST00000007253	CCTGAACCTGGGCGCTGTGGTGAACGATGTAGACACAGG
1681	3856*	1720	3895*	ENSMUST00000239447	AAGCTTGAAAAGGAGGCAGTGGTCCCCAGGAATGTGGAT
539	1170*	579	1210*	ENSMUST00000003044	TGTTCAAGGGCAAGGTGGAAGCTGTATTGGAGAAGTTAGG
197	192*	237	232*	ENSMUST00000003044	TGTTCAAGGGCAAGGTGGAAGCTGTATTGGAGAAGTTAGG
9803	11195*	9843	11235*	ENSMUST00000187040	GCTTTCCCTTGCCCAGGCCTGACTCTGATAACCACTACTT
2182	5678*	2222	5718*	ENSMUST00000182597	GTATTTCAGGAGTTGAGTTATTGGTGGACCAGCCTTTCAC
-3604	-3863*	-3564	-3823*	ENSMUST00000182597	GTATTTCAGGAGTTGAGTTATTGGTGGACCAGCCTTTCAC
664	4179*	705	4220*	ENSMUST00000107153	AAATCCAGATGAAAGTGAAGAAGAGCCACCATCCAATGAGG
-2935	ERROR_Second coordinate not in the transcript	-2894	ERROR_Second coordinate not in the transcript	ENSMUST00000035645	ACACACCAAGATAAGTCCTCCACCAGGCCCCTGCCCAGACC
789	1344*	831	1386*	ENSMUST00000160597	GAAAACATGATTGGGCCAGACTGGAAAAAGAGGTGGATGTAC
1345	ERROR_Error while searching for the second coordinates	1387	ERROR_Error while searching for the second coordinates	ENSMUST00000068150	GACCATCCTGTCCCTGCCAGGGTGCATGCATTCGGGGGTATA
372	374*	414	416*	ENSMUST00000068387	GCTTGCGGACTGCAGTCTATCATGAAATTCTAATTGGATATT
-438	-885*	-395	-842*	ENSMUST00000084038	ACATCCTCTGTCACCTGAATATCACCATGCCCCCCTGCACCAA
-438	-885*	-395	-842*	ENSMUST00000084038	ACATCCTCTGTCACCTGAATATCACCATGCCCCCCTGCACCAA
1057	937*	1101	981*	ENSMUST00000027414	GTTTGAAGTGGAACTCCAAGCAGCTCGGACTCTGGAGCGGCTGG
1472	4968*	1516	5012*	ENSMUST00000182597	AAATAAATTAAACTCTGCACTATGTAATAGACGTAAAGGTGATC
-4314	-4573*	-4270	-4529*	ENSMUST00000182597	AAATAAATTAAACTCTGCACTATGTAATAGACGTAAAGGTGATC
ERROR_Not on the same transcript	23691*	ERROR_Not on the same transcript	23736*	ENSMUST00000055483	GTTTTAGATGCTCACTTCTGTGTTTTAGGATTCTGCCCATTTACT
-1132	-1530*	-1087	-1485*	ENSMUST00000109567	TGGTTCCTGGTCCACTCTGACCCTCAGTCATGCCCATGAGGTCTG
-1211	-1624*	-1166	-1579*	ENSMUST00000109567	TGGTTCCTGGTCCACTCTGACCCTCAGTCATGCCCATGAGGTCTG
54	-58*	100	-12*	ENSMUST00000040787	CTTTGCTTTCCCGAATTCTGCCTTCTGATGCCTGTAAAATATACAA
1031	1921*	1077	1967*	ENSMUST00000022458	GGCTGCCAGCCTTCCTAGACAATCACAATTATGCCAAATCCCCTAT
-38	-647*	8	-601*	ENSMUST00000022458	GGCTGCCAGCCTTCCTAGACAATCACAATTATGCCAAATCCCCTAT
-38	-647*	8	-601*	ENSMUST00000022458	GGCTGCCAGCCTTCCTAGACAATCACAATTATGCCAAATCCCCTAT
-646	-971*	-600	-925*	ENSMUST00000022458	GGCTGCCAGCCTTCCTAGACAATCACAATTATGCCAAATCCCCTAT
1031	1921*	1077	1967*	ENSMUST00000022458	GGCTGCCAGCCTTCCTAGACAATCACAATTATGCCAAATCCCCTAT
-38	-647*	8	-601*	ENSMUST00000022458	GGCTGCCAGCCTTCCTAGACAATCACAATTATGCCAAATCCCCTAT
-38	-647*	8	-601*	ENSMUST00000022458	GGCTGCCAGCCTTCCTAGACAATCACAATTATGCCAAATCCCCTAT
-646	-971*	-600	-925*	ENSMUST00000022458	GGCTGCCAGCCTTCCTAGACAATCACAATTATGCCAAATCCCCTAT
-3082	-3291*	-3035	-3244*	ENSMUST00000096250	TCATTTTCAGAGGACTCCTGTCACCAATCAATCTTCAAATTTGACTG
-101	-427*	-53	-379*	ENSMUST00000159050	CGAGATGAATGGCTCCCTCACCAGCCCAAGCGCCTATGCTGGCCTACA
-21	-196*	28	-147*	ENSMUST00000162372	AAATCTGTTCAAACACCAGATCCTTCTCACCCGTACGGCTTTTCAAATA
ERROR_Not on the same transcript	16403*	ERROR_Not on the same transcript	16457*	ENSMUST00000167487	ACATAAAGTTCGACAAAATCTATTCTAATGTGGCTTTTTATGGAGGGTGTAACT
1895	2352*	1949	2406*	ENSMUST00000167487	ACATAAAGTTCGACAAAATCTATTCTAATGTGGCTTTTTATGGAGGGTGTAACT
942	9383*	999	9440*	ENSMUST00000199300	AGCCTGCATCGCATACATTCGGCTCACACAGTACATGGACGGAAGCGGGATGCCAAA
2608	ERROR_Error while searching for the second coordinates	2665	ERROR_Error while searching for the second coordinates	ENSMUST00000112224	TATCAACTATCTAAAACCTAACTGCAAATTGACCACAGACCTCTGACCTTCTACTTT
-1272	-2864	-1214	-2806	ENSMUST00000054955	AACTGCCACCACATGTGCGCATCTGGGACTCTGTGACACTGAACACTCTGCATGTCAT
456	1136*	517	1197*	ENSMUST00000132846	ATCAAACCATTCCTTCTGTAGCTCAGGAGAGCGTCCCTACCCCATCTGCTCGCAATGTCCT
2850	6160*	2911	6221*	ENSMUST00000161431	AGACCCCACAGCCCCCTGTAGGACATCTCCCCCTAGCCATTTATACTTTGGATATTGTTTT
716	352*	778	414*	ENSMUST00000061837	AACAATAAGACAGCAGAGCGCCGGAGGCCCCTGGATGAATTCAACAATGGAGTTGTCATGAC
716	352*	778	414*	ENSMUST00000061837	AACAATAAGACAGCAGAGCGCCGGAGGCCCCTGGATGAATTCAACAATGGAGTTGTCATGAC
327	ERROR_Error while searching for the second coordinates	390	ERROR_Error while searching for the second coordinates	ENSMUST00000112223	GGTAAGCATCCTTTGAAAAATAATTTTCTTGAACTTAAACTCTGAGCAGTCAGTATCTCTCAA
-2701	ERROR_Not on the same transcript	-2636	ERROR_Not on the same transcript	ENSMUST00000112987	AGAAGTATCTATGTGAACTGTGCCTGGACGATGTGCTGTATGCCCGTACCACAAGCAAGCTCAAG
-2701	ERROR_Second coordinate not in the transcript	-2636	ERROR_Second coordinate not in the transcript	ENSMUST00000112987	AGAAGTATCTATGTGAACTGTGCCTGGACGATGTGCTGTATGCCCGTACCACAAGCAAGCTCAAG
359	2302*	427	2370*	ENSMUST00000160027	CAAAAATAATTTACATAGTACACGATGAAGTTAAGGATAAAGCTTTTGAACTGGAGCTCAGCTGGGTT
3609	4491*	3675	4557*	ENSMUST00000213013	TACCGGAGCTTGACCCTGAACGTCGTGAACCGGCTCACCTCCGTTACTCGCCTCTTCCCAAATTCCTT
1474	1252*	1543	1321*	ENSMUST00000093995	CAGCGGCAGGGCTCCCGGCTCTCTGCTGTCCCTCACCTCCTGTACATACTGCCTGGGAAGAGACACCAC
1474	1455*	1543	1524*	ENSMUST00000093995	CAGCGGCAGGGCTCCCGGCTCTCTGCTGTCCCTCACCTCCTGTACATACTGCCTGGGAAGAGACACCAC
1474	1455*	1543	1524*	ENSMUST00000093995	CAGCGGCAGGGCTCCCGGCTCTCTGCTGTCCCTCACCTCCTGTACATACTGCCTGGGAAGAGACACCAC
1371	ERROR_Not on the same transcript	1442	ERROR_Not on the same transcript	ENSMUST00000226059	AAACGCTACCTCTCTGTCCCTTGCTGTGTGCTGATCATCGCCAGAGGTGCTTCACTCTGACTTGTTGGTTT
3368	6678*	3440	6750*	ENSMUST00000161431	ATGGGCAAAGGCTGGTGTGAGGGTGGGGCCCAAGCTGCTGCGCCATCTGGTCTGTTTTTATTTAACTGTATT
2662	2910*	2734	2982*	ENSMUST00000041956	ACTCTAAAGTTTACGAAGCCTGCTTCTCTGAATATTCTCATATTTTAGATGAATTTCACCCATTTTCATACT
2662	2910*	2734	2982*	ENSMUST00000041956	ACTCTAAAGTTTACGAAGCCTGCTTCTCTGAATATTCTCATATTTTAGATGAATTTCACCCATTTTCATACT
8799	12295*	8879	12375*	ENSMUST00000182597	GCTCGTTCTGCTGCTTGGTCCTACATCTTTCTGCCTGAGGAAGCCTGGTGTGACCTTACCATCCACCTTCCGTCAGCAGT
3013	4952*	3093	5032*	ENSMUST00000182597	GCTCGTTCTGCTGCTTGGTCCTACATCTTTCTGCCTGAGGAAGCCTGGTGTGACCTTACCATCCACCTTCCGTCAGCAGT
203	-1875	283	-1795	ENSMUST00000044083	GAGCTGCTGCAGATACTGGATGCCATGGACATCTGCGCCCGAGACCTGAGTAGTGGGACTATGGTGGATATCCCTGCTCT
1198	1073	1280	1155	ENSMUST00000175903	TTTTACGGAGAAAACTTATCCATGAAGGCTGCCTGCTCTGGAAGACAGCCACAGGCCGCTTCAAAGATGTCCTGTTGCTGCT
1068	968*	1150	1050*	ENSMUST00000175903	TTTTACGGAGAAAACTTATCCATGAAGGCTGCCTGCTCTGGAAGACAGCCACAGGCCGCTTCAAAGATGTCCTGTTGCTGCT
1068	968*	1150	1050*	ENSMUST00000175903	TTTTACGGAGAAAACTTATCCATGAAGGCTGCCTGCTCTGGAAGACAGCCACAGGCCGCTTCAAAGATGTCCTGTTGCTGCT
-562	-743*	-480	-661*	ENSMUST00000175903	TTTTACGGAGAAAACTTATCCATGAAGGCTGCCTGCTCTGGAAGACAGCCACAGGCCGCTTCAAAGATGTCCTGTTGCTGCT
ERROR_Not on the same transcript	ERROR_Not on the same transcript	ERROR_Not on the same transcript	ERROR_Not on the same transcript	ENSMUST00000113735	AGGGCCCTGTTTGATTATGATCGGACTCGTGACAGCTGTCTACCAAGCCAGGGACTCAGTTTCTCTTATGGTGACATTCTGCACGTC
172	-162*	259	-75*	ENSMUST00000031598	AGGAGGAGGAGGAGGAGATGGTTGAGACTGTAGAGGGTGTCTTCACAGAAGTCGTGGGCCAGAAACGGCCAAGGCCGGGACCCAGCC
-161	-379*	-74	-292*	ENSMUST00000031598	AGGAGGAGGAGGAGGAGATGGTTGAGACTGTAGAGGGTGTCTTCACAGAAGTCGTGGGCCAGAAACGGCCAAGGCCGGGACCCAGCC
1079	1445*	1166	1532*	ENSMUST00000107976	ACCTGAAGCCCCCAGGATAGGTGGGACAGAGAAGCTCAGTTCTGGGACGGTGGCATCCTCTCTCTCTCTCTCTCTTTCCTTTCTTTT
2619*	10071*	2717*	10169*	ENSMUST00000171289	TAATTAAAATTACTGTTCTCTGAATGACAGTGTGTAAGGAAATCTTTCAAGAATGCTGTCATTATTCTCTTTGAGCTTTTTGTTGGGATTTGGGGTTTT
-2058	-2283*	-1957	-2182*	ENSMUST00000045393	CTCTCAGTACCACCACCACAGCCCGGCCCACACCCCTCACCAGCACAGCCTCGCCTGCAGCCACCACTCCACTCCGCCGGGCACCCCTCACCACACACCCA
1323	4819*	1426	4922*	ENSMUST00000182597	TTGAGGCTACCAAAGTTTGCAGAGGAGGAGACTCTTTGTATAGACTCTATAACTCCTTGTGCTGATGGAATTCATTTGTTGGTAGGACTGCGGACATGCTCTG
-4463	-4722*	-4360	-4619*	ENSMUST00000182597	TTGAGGCTACCAAAGTTTGCAGAGGAGGAGACTCTTTGTATAGACTCTATAACTCCTTGTGCTGATGGAATTCATTTGTTGGTAGGACTGCGGACATGCTCTG
850	ERROR_Error while searching for the second coordinates	954	ERROR_Error while searching for the second coordinates	ENSMUST00000112227	GCAGAAGCTGGATTCTGACCCGAGCTCTGCAAAATGAGCTTCCCAGTTGATCACATCGGAACAAAATGGGACTGAGGATTTGGTGATCACTATTGTTTGGAAAT
910	1609*	1015	1714*	ENSMUST00000112237	TCCACTTCTATGGTGTGTCCAACCTTCAGGAATTCCGTTATGGCCTAGAAGGTGGCTGTACCGACGACTCCCTTCTCTGAGCCTCCCCACCTGAGGGGTGGAGGA
-2738	-2963*	-2629	-2854*	ENSMUST00000045393	CACGGACACATTGACTGAATATGCCTCATGGGAGGACTATGTAGCCGCACGCCACACCACCACGTACAGACTGCCCAACCGTGTAGATGGCACTGGCTTTGTGGTCTAC
3085	3451*	3196	3562*	ENSMUST00000107976	ATTAAAGCATGCTAAATTCAGGGGCTCTTGCTCGCTCTCCCGATGAGTCATCTTTCTCTCTCTCTGTGGCTGTGGGCTGCTGAACCGCACAGAGATAATTCATCTCTGGGC
-787	-1072*	-675	-960*	ENSMUST00000080036	CAAGAGGAACAGCACCCTGCCTTCATTTCTCACAGCTGTGCTGAAGAACATTGTTATCAGTCTGGCCCGACTCCCCCTAGTTAACAGCTATACTCGTGTGCCTCCTCTGGTA
9455	32409*	9579	32533*	ENSMUST00000030691	AAAATAACCAGAGACTCTAAGGATCACACAGTTTCAGGTAATGGGCTAGGAATTAGAATTGTTGGTGGTAAAGAAATTCCTGGACATAGTGGAGAAATTGGAGCCTATATTGCTAAGATTCTTC
4480	4846*	4605	4971*	ENSMUST00000107976	CTGGCAGCAGGCTCTGGTAGTCCACGTCTCCTTCCAACCAGCAGAGTAAAGGCACAGACACAGTTGTGCACCGCATATGTATTCAGAGAGACACAAGTATGTAGAGTCATTCATGGCCCAGAGCG
8635	12131*	8760	12256*	ENSMUST00000182597	CAAATAAAGCTGTTGACAGCACTTTGAAAACAAGGATCCTGGCCTCTGAGCCTGACAATGCAGAAGGAATCCATAACTTTGCACCACTTGGTACCATCACTTCTAGTAGTCCTACTGCCCAGCCA
2849	4788*	2974	4913*	ENSMUST00000182597	CAAATAAAGCTGTTGACAGCACTTTGAAAACAAGGATCCTGGCCTCTGAGCCTGACAATGCAGAAGGAATCCATAACTTTGCACCACTTGGTACCATCACTTCTAGTAGTCCTACTGCCCAGCCA
2456	-4620*	2601	-4475*	ENSMUST00000182407	GCCCATGAATCTCTGATATTGACCTACTCTGAGCCTTCAGAGAGTGCTACGTCTGTCCCACCTTCTGACACACCTTCTCTCACATCATCTATTTCTTCAGTTTGTACCACAGATAGCTCCTCACCTGTCACTACCCTCGATAGCC
-2113	-2338*	-1965	-2190*	ENSMUST00000045393	TATAGCCTGGAGTTTGGACCCCCAGATCCCAGTGCTGGCCCAGCCACTTCCCCGCCTCTCAGTACCACCACCACAGCCCGGCCCACACCCCTCACCAGCACAGCCTCGCCTGCAGCCACCACTCCACTCCGCCGGGCACCCCTCACCA
1859	2041*	2007	2189*	ENSMUST00000099557	GATACTTCCCTGCCTCCTTGACCTCCCTCCCTTCCCACCTTCCTGGCTGTTGTGAGACAGGGAATGCCAAGGAAGAACTCTAGTGTCTGGACCCGATCCAGATAATATTTTTAGACTCCTCTGTTCCCTGATGACCTGCATTAGGGCA
-2689	-2940*	-2529	-2780*	ENSMUST00000046257	CCAGGCCTGGACCAGCCTAGGGAAGCGTGCAGACCAGCGCAAGGCCAAATTGGGTGACTCCCATGATCTGCAGCGCTTCCTTAGCGATTTCCGGGACCTCATGTCTTGGATCAATGGAATACGAGGGTTGGTATCTTCAGATGAACTAGCCAAGGACGTC
-1104	-1300*	-933	-1129*	ENSMUST00000102919	CAGCGGGTGCAACCCTGTCATCTACTGGCTGGCCAACTACGTGTGGGACATGCTCAATTACCTGGTCCCAGCCACCTGCTGCGTGATCATCCTCTTTGTCTTTGACTTACCTGCCTACACATCACCCACCAACTTCCCCGCGGTGCTCTCCTTGTTCCTGCTCTATGGGTG
983	1998*	1174	2189*	ENSMUST00000077609	AAGATGGACTCCAGGGGCGAGCACAGACAGGATCGCAGGGAGAGGCCATATTAGCCTGGCTCCTGAAGTTCTGGAACTCTTCCTGTACCCAGTGTTACCCTTGTTATTTTGTAAACTTACAATTCAGGATCGCTCATGGATATTTTTTTTTGGGGGGGGTGGGGCGGTTGTGTGTGTATGTGTGTGTGTGT
575	445*	766	636*	ENSMUST00000129241	AGTGAAGAGATCGAGAGTGCTTTCCGGGCCCTCAGCTCTGAGGGCAAGCCTTATGTGACCAAGGAGGAGCTCTACCAGAACCTGACCCGGGAACAAGCTGACTATTGTGTCTCCCACATGAAGCCCTATGTGGATGGCAAGGGCCGAGAACTTCCAACTGCCTTCGACTACGTCGAGTTCACCCGCTCACT
