start_genomic-shortSplice	start_genomic-shareSplice	end_genomic-shareSplice	end_genomic-longSplice	transcript_ID	prot_seq
1011	-785	-766	-767*	ENSMUST00000124830	CCATGAGCAAACTGAAGGT
28420*	24716*	24735*	28430*	ENSMUST00000197977	TCTGCAGTGCTTGATGGTG
1367	ERROR_Not on the same transcript	ERROR_Not on the same transcript	1276	ENSMUST00000197977	TCTGCAGTGCTTGATGGTG
2752	2742	2761	2831*	ENSMUST00000004326	CTTGAGAGCAAGAACCACC
2439	2392	2411	2650*	ENSMUST00000199754	TCCTCAGATTGTACATGTA
-1069	-1121	-1102	-1103*	ENSMUST00000200048	TTGAATGCTGTGGAGAAGG
2834*	367	387	2852*	ENSMUST00000032749	TCCGAATCAAGTGTGGAAGT
2834*	367	387	2838*	ENSMUST00000032749	TCCGAATCAAGTGTGGAAGT
2068*	1966	1986	2083*	ENSMUST00000179769	GTCCAAGCCTAGGTCCTCAG
650*	140	160	628*	ENSMUST00000121416	CCTTTGGGCTCTGAGTCACT
6372*	1450	1470	6270*	ENSMUST00000101445	AGGCAGCAACAAAAGGCCGG
1860	1850	1870	3491*	ENSMUST00000080283	CCACCGCCAACTCCTGCTTG
5310*	3515	3535	5325*	ENSMUST00000098614	TTAGCACTTTGGAAAGAGTC
5310*	3510	3530	5325*	ENSMUST00000098614	TTAGCACTTTGGAAAGAGTC
3827*	1574	1594	3843*	ENSMUST00000100167	GTCAGTGTCATCCGTGCTTT
1897	3092*	3112*	3643*	ENSMUST00000113778	TTGGAGGCCTTGAACAATCA
2953*	1862	1882	2956*	ENSMUST00000113778	TTGGAGGCCTTGAACAATCA
ERROR_Not on the same transcript	2114	2134	ERROR_Not on the same transcript	ENSMUST00000114127	TATTTCACATGTATGCTTTC
3113	2925	2945	3054*	ENSMUST00000182061	TCTCGGCAGAGTCATTCCCG
2611*	2130	2150	2622*	ENSMUST00000182061	TCTCGGCAGAGTCATTCCCG
1191*	895	915	1019*	ENSMUST00000182061	TCTCGGCAGAGTCATTCCCG
3885	3835	3855	4033*	ENSMUST00000027040	TCTTTAACATGTTCTTTATA
593	585	605	2478*	ENSMUST00000027040	TCTTTAACATGTTCTTTATA
-414*	-421	-401	-403*	ENSMUST00000195860	CTGACTCTAAGTCGGAGGTG
6549*	4855	4876	6416*	ENSMUST00000039725	CCCTAGGCTTTACCATTACAA
1873	1802	1823	7854*	ENSMUST00000115839	CATCTCCAGGGTCTCTGACTT
4167	3841	3862	5365*	ENSMUST00000182964	CAAAGAGGCATGAACATGAGT
1713	1687	1708	3192*	ENSMUST00000166411	ATCTCTCAGGCTGACTTTATA
1284*	1112	1133	2359*	ENSMUST00000166411	ATCTCTCAGGCTGACTTTATA
1007	3792*	3813*	30030*	ENSMUST00000075144	GGGAAGATTGCCATTTTAGGG
1007	993	1014	30030*	ENSMUST00000075144	GGGAAGATTGCCATTTTAGGG
4092*	1690	1711	4107*	ENSMUST00000113712	TCCCTTTGGAATTTTTAAATG
1235	1103	1124	1370*	ENSMUST00000113712	TCCCTTTGGAATTTTTAAATG
804	793	815	65016*	ENSMUST00000183156	TTTAGGTTCTATGCTGATAAAA
1458*	1001	1023	1415*	ENSMUST00000022458	CCTTTCAGTTCCTCTGTCCATC
1458*	1001	1023	1415*	ENSMUST00000022458	CCTTTCAGTTCCTCTGTCCATC
4655*	1492	1514	4455*	ENSMUST00000171265	AAGTTTTGAACTGAAATTTGTA
997*	609	631	3358*	ENSMUST00000171265	AAGTTTTGAACTGAAATTTGTA
997*	454	476	3358*	ENSMUST00000171265	AAGTTTTGAACTGAAATTTGTA
-356	-573	-551	-552*	ENSMUST00000046751	TTGGCGGCTCGCGCGCTCCGTT
396*	155	177	401*	ENSMUST00000003964	GGGCATCCCCAGCATCTCCACC
-3196*	-3195	-3173	-3177*	ENSMUST00000035055	GGCGGCGGCGGCGGGCAGTCGC
2949*	759	781	2860*	ENSMUST00000074792	CGGGCCTAGCTCAGTAGGTAGA
4737	4735	4757	6770*	ENSMUST00000100203	GGAAACTGAGGCATGAGCTCTT
4737	4735	4757	6770*	ENSMUST00000100203	GGAAACTGAGGCATGAGCTCTT
2560	2557	2579	4648*	ENSMUST00000080461	CTACTGGAGGCAGCAGTGGCGA
-1638	-1652	-1630	-1631*	ENSMUST00000159975	TCATCAGGAATGCTCTGGGAAG
2432	2383	2405	3278*	ENSMUST00000103108	GCAGCCGAAGGCCTGGGGGTTG
-2322	ERROR_Not on the same transcript	ERROR_Not on the same transcript	-2315*	ENSMUST00000027112	GTCGGCTGAATTCCAAAGATGC
-2322	ERROR_Not on the same transcript	ERROR_Not on the same transcript	-2315*	ENSMUST00000027112	GTCGGCTGAATTCCAAAGATGC
-740	ERROR_Not on the same transcript	ERROR_Not on the same transcript	-851	ENSMUST00000114399	GAGAACCAAGAAGGTGATCCTG
1122*	194	217	1131*	ENSMUST00000121717	TTAATTGGAATGGATGGGAACAC
61164*	855	878	61106*	ENSMUST00000110844	GGTGATCCAGGATGACGAGGTGG
2555	2552	2575	4644*	ENSMUST00000173727	CACTACTGGAGGCAGCAGTGGCG
1237*	589*	612*	939*	ENSMUST00000099934	TGCTCAGGATGCACGCGGGCGGC
5081*	4235	4259	5068*	ENSMUST00000042561	GTGGATGTAGCTCAGTTGGTAGCA
2069*	542	566	2090*	ENSMUST00000163979	CCATTACACCTCCTTCCACCCCTT
2069*	542	566	2090*	ENSMUST00000163979	CCATTACACCTCCTTCCACCCCTT
2432	2349	2373	3001*	ENSMUST00000100993	TTTCAAGAAGTACACAGACCACCA
670*	-232	-208	-209*	ENSMUST00000110186	GGCCCCGAGTGCAACAGCCTGCAG
292	-232	-208	-209*	ENSMUST00000110186	GGCCCCGAGTGCAACAGCCTGCAG
ERROR_Not on the same transcript	418	442	ERROR_Not on the same transcript	ENSMUST00000097288	CCAGTTCGAATCCGTGTGCGAGTC
2858	2373	2398	4387*	ENSMUST00000028911	TAAGCTGAAGAGTTTGAGAATGGGC
-761*	-339	-314	-815*	ENSMUST00000034703	CCTCACTATCGGCGACGCGAACGGC
27277*	1045	1070	27287*	ENSMUST00000063594	GGAAGATTGCCATTTTAGGGTCAGC
27277*	995	1020	27287*	ENSMUST00000063594	GGAAGATTGCCATTTTAGGGTCAGC
1752*	1226	1251	1658*	ENSMUST00000004222	AGAAAGAATCTTTTGAAGAAACAAG
2249*	1116	1141	2065*	ENSMUST00000004222	AGAAAGAATCTTTTGAAGAAACAAG
2249*	1026	1051	2065*	ENSMUST00000004222	AGAAAGAATCTTTTGAAGAAACAAG
ERROR_Not on the same transcript	4233	4258	ERROR_Not on the same transcript	ENSMUST00000169547	GTGTGGATGTAGCTCAGTTGGTAGC
-2424*	-2423	-2398	-2435*	ENSMUST00000039627	CCTTTTGTAACCTGAGACCTGGCAC
71317*	413	438	71336*	ENSMUST00000233283	AACGGCCAGTTCGAATCCGTGTGCG
9568*	55	81	9584*	ENSMUST00000173033	AAGCCTGTGAAGGTGAACTGTGTGGT
9639*	2900	2926	9658*	ENSMUST00000044053	TGAAGAATTCATGGATGACTTTGAAA
2139	2011	2037	3502*	ENSMUST00000044053	TGAAGAATTCATGGATGACTTTGAAA
-156*	-2172	-2145	-2146*	ENSMUST00000030691	AGGGCCATATGGTTACAGAGGGATTGG
-152*	-151	-124	-375*	ENSMUST00000130698	TAGTATTTCTAGCCTATTCTTGTCAGT
1666*	325	353	2088*	ENSMUST00000028852	CATCTGGCGGATAAGAAGGGTCTCCACG
1251	1224	1252	3005*	ENSMUST00000089027	GGCTTCTACGCAGCCTACATGTTTGTCC
1251	1106	1134	3005*	ENSMUST00000089027	GGCTTCTACGCAGCCTACATGTTTGTCC
1694*	793	821	1714*	ENSMUST00000089027	GGCTTCTACGCAGCCTACATGTTTGTCC
206	90	118	4787*	ENSMUST00000190997	AGAGGTTTCGATTCCCTTCACCCATCTT
206	-212	-184	4787*	ENSMUST00000190997	AGAGGTTTCGATTCCCTTCACCCATCTT
-1157	-1273	-1245	-1243*	ENSMUST00000190997	AGAGGTTTCGATTCCCTTCACCCATCTT
ERROR_Not on the same transcript	ERROR_Not on the same transcript	ERROR_Not on the same transcript	ERROR_Not on the same transcript	ENSMUST00000112637	AGTTGTCACCAAATCCCCCAAAACTAAC
315	275	303	1610*	ENSMUST00000112637	AGTTGTCACCAAATCCCCCAAAACTAAC
ERROR_Not on the same transcript	ERROR_Not on the same transcript	ERROR_Not on the same transcript	ERROR_Not on the same transcript	ENSMUST00000107420	TGCTTTGCCTCTGACACCACCTTACACT
ERROR_Not on the same transcript	ERROR_Not on the same transcript	ERROR_Not on the same transcript	ERROR_Not on the same transcript	ENSMUST00000107420	TGCTTTGCCTCTGACACCACCTTACACT
1664*	323	352	2087*	ENSMUST00000028852	AACATCTGGCGGATAAGAAGGGTCTCCAC
-1801	-5722*	-5692*	-1807*	ENSMUST00000092433	CTGGAAGCCTCGGGAAAGTACTCCCCAACC
-1801	-5728*	-5698*	-1807*	ENSMUST00000092433	CTGGAAGCCTCGGGAAAGTACTCCCCAACC
-1801	-1836	-1806	-1807*	ENSMUST00000092433	CTGGAAGCCTCGGGAAAGTACTCCCCAACC
-443*	-442	-412	-1402*	ENSMUST00000199300	TCGCGTGTCGCCCGTCGCACTGTCCAGACC
-836*	-835	-804	-886*	ENSMUST00000196060	GATATAATTGACATTGATTACTTTGAAGGAT
3081*	991	1022	1135*	ENSMUST00000111438	TTGACTTTGCCGGGCTTGCTCGAGGCTTTGC
-51*	ERROR_Not on the same transcript	ERROR_Not on the same transcript	-29*	ENSMUST00000162907	TCTACAGTGGGATCGAGGGGCTGGATGAGTC
ERROR_Not on the same transcript	ERROR_Not on the same transcript	ERROR_Not on the same transcript	ERROR_Not on the same transcript	ENSMUST00000162907	TCTACAGTGGGATCGAGGGGCTGGATGAGTC
ERROR_Not on the same transcript	ERROR_Not on the same transcript	ERROR_Not on the same transcript	ERROR_Not on the same transcript	ENSMUST00000162907	TCTACAGTGGGATCGAGGGGCTGGATGAGTC
ERROR_Not on the same transcript	ERROR_Not on the same transcript	ERROR_Not on the same transcript	ERROR_Not on the same transcript	ENSMUST00000162907	TCTACAGTGGGATCGAGGGGCTGGATGAGTC
ERROR_Not on the same transcript	ERROR_Not on the same transcript	ERROR_Not on the same transcript	ERROR_Not on the same transcript	ENSMUST00000162907	TCTACAGTGGGATCGAGGGGCTGGATGAGTC
ERROR_Not on the same transcript	ERROR_Not on the same transcript	ERROR_Not on the same transcript	ERROR_Not on the same transcript	ENSMUST00000162907	TCTACAGTGGGATCGAGGGGCTGGATGAGTC
ERROR_Not on the same transcript	ERROR_Not on the same transcript	ERROR_Not on the same transcript	ERROR_Not on the same transcript	ENSMUST00000162907	TCTACAGTGGGATCGAGGGGCTGGATGAGTC
-2446	-2924	-2892	-2893*	ENSMUST00000035645	TAAGTCCTCCACCAGGCCCCTGCCCAGACCCA
1716	1690	1723	11807*	ENSMUST00000023206	TCGGAGCGAGCTCCCATCTCTGATCCATCGGCG
2393*	270	303	2138*	ENSMUST00000023206	TCGGAGCGAGCTCCCATCTCTGATCCATCGGCG
10725*	6298	6331	9544*	ENSMUST00000037232	GAAGCATTGAGATACTACTGCCAGTGATGAACT
-2065	-2106	-2072	-2073*	ENSMUST00000143432	AGGCGAACGAGGCCTGACTGGACCATCAGGCCCC
24323*	15270*	15304*	23599*	ENSMUST00000035813	GGTGCTGGGTGCTGGGTGCTGGGTGCTGGGTGCT
4290*	2377	2411	4213*	ENSMUST00000035813	GGTGCTGGGTGCTGGGTGCTGGGTGCTGGGTGCT
3215	3186	3221	21179*	ENSMUST00000108909	CAAGGAGCACCCAGGAAGTGGCTTCAAAGGGGACT
1681	1676	1711	5612*	ENSMUST00000038900	ATAAAATCTGATATATACACGTTAGGAAAGTTCTC
738*	-1635	-1599	-1600*	ENSMUST00000030691	TATTGACATCAATGCCAGCCTGCAAACTATTACTAT
-242*	-592	-556	-557*	ENSMUST00000111216	ATGGGCTCTTCGGCAGCAAAACCAACTTCAACTCCC
5001*	1110	1146	4683*	ENSMUST00000072031	GAGCGGCTCTCCACACATGAGCTCACCTCTCTGCTA
612	586	608	4770*	ENSMUST00000120544	ATGTGTCTTTCTAACTTCTAATAAACTCACTCCAACT
612	ERROR_Not on the same transcript	ERROR_Not on the same transcript	4770*	ENSMUST00000120544	ATGTGTCTTTCTAACTTCTAATAAACTCACTCCAACT
612	ERROR_Not on the same transcript	ERROR_Not on the same transcript	4770*	ENSMUST00000120544	ATGTGTCTTTCTAACTTCTAATAAACTCACTCCAACT
612	586	608	4770*	ENSMUST00000120544	ATGTGTCTTTCTAACTTCTAATAAACTCACTCCAACT
612	ERROR_Not on the same transcript	ERROR_Not on the same transcript	4770*	ENSMUST00000120544	ATGTGTCTTTCTAACTTCTAATAAACTCACTCCAACT
612	ERROR_Not on the same transcript	ERROR_Not on the same transcript	4770*	ENSMUST00000120544	ATGTGTCTTTCTAACTTCTAATAAACTCACTCCAACT
712*	255	293	685*	ENSMUST00000022458	GTCATCATGGAGCGAATCGGTCTTGCTACTGCAGGGGA
712*	255	293	685*	ENSMUST00000022458	GTCATCATGGAGCGAATCGGTCTTGCTACTGCAGGGGA
35619*	1373	1411	35535*	ENSMUST00000004684	TGGCCCACATCCGCCGGGCCGTGGAGAGCTGTCCTGAC
-1537	-1614	-1575	-1576*	ENSMUST00000084513	GGAAGGAAGCCCTTTCCGTCCTTCCCACTCCTCCTCGGC
-157*	-156	-117	-157*	ENSMUST00000113136	ATATTCTGACAGGCCACGGTGAGCATCTATAGACCAGAA
245	168	208	4791*	ENSMUST00000084513	TTCCCCAACTCCATGTTCAGGGTCGAGTTTTGAGGACACC
736*	197	237	1210*	ENSMUST00000003044	TGTTCAAGGGCAAGGTGGAAGCTGTATTGGAGAAGTTAGG
-1721	-1732	-1692	-1693*	ENSMUST00000182597	GTATTTCAGGAGTTGAGTTATTGGTGGACCAGCCTTTCAC
-3578	-3604	-3564	-3565*	ENSMUST00000182597	GTATTTCAGGAGTTGAGTTATTGGTGGACCAGCCTTTCAC
-3732*	-3862	-3822	-3823*	ENSMUST00000182597	GTATTTCAGGAGTTGAGTTATTGGTGGACCAGCCTTTCAC
-192	-197	-157	-158*	ENSMUST00000168361	ATTTAATGAAATTCTACAGGCAGCCTATCAATTAATGACA
-552*	-551	-510	-571*	ENSMUST00000017408	GGTGTGGAATCAAACAAGCAATATCAGCTGGCAGACTGGAG
ERROR_Not on the same transcript	ERROR_Not on the same transcript	ERROR_Not on the same transcript	ERROR_Not on the same transcript	ENSMUST00000107420	TCTTTGGGCTCATGGAGAAGGACTCTTACCCTCGCTTCCTC
ERROR_Not on the same transcript	ERROR_Not on the same transcript	ERROR_Not on the same transcript	ERROR_Not on the same transcript	ENSMUST00000107420	TCTTTGGGCTCATGGAGAAGGACTCTTACCCTCGCTTCCTC
-2457	-2935	-2894	-2895*	ENSMUST00000035645	ACACACCAAGATAAGTCCTCCACCAGGCCCCTGCCCAGACC
11740*	3330	3372	11761*	ENSMUST00000077182	GGCCAAGAAGAACAAAGACAAAGAGTATTACGTCTGAGCACC
18580*	1652*	1694*	18619*	ENSMUST00000122941	CCAGCTACCACTACTTTCTCCATTTATCCTGTGTCCTCCACT
-1668	-1677	-1635	-1636*	ENSMUST00000122941	CCAGCTACCACTACTTTCTCCATTTATCCTGTGTCCTCCACT
2390*	297	339	2411*	ENSMUST00000160597	GAAAACATGATTGGGCCAGACTGGAAAAAGAGGTGGATGTAC
-1458*	-1457	-1415	-1489*	ENSMUST00000031278	GCTTGACAACTCGGCTGCGCTCGCCCAGACCTTCCGCCCTCC
-678*	-677	-635	-638*	ENSMUST00000027432	AACAACAAAGCCATTCGGCGCCTGCTACATGTTGCTGTAAGT
1241	1214	1256	2392*	ENSMUST00000067664	GCCGCAGGTACAGATCTGTATTGTTCTTACTGAAACACAGCA
4790	4770	4812	5720*	ENSMUST00000042824	ATAGTTGACCTTCTCATACCCTCTCCTAATGCTACTGCAGAA
-997	-1122	-1079	-1080*	ENSMUST00000173078	GAAAATCCACAGGAATGGGTAGGACAAGTGGAAATAAGTGCCC
-1051	-1080	-1037	-1038*	ENSMUST00000108909	AAACTTTTACATGGTCCCTGGCATGCTAGAACCCTTGCTCTGC
-813*	-812	-769	-782*	ENSMUST00000084038	ACATCCTCTGTCACCTGAATATCACCATGCCCCCCTGCACCAA
-1309*	-1308	-1265	-1341*	ENSMUST00000084038	ACATCCTCTGTCACCTGAATATCACCATGCCCCCCTGCACCAA
1603*	1404	1448	1592*	ENSMUST00000027414	GTTTGAAGTGGAACTCCAAGCAGCTCGGACTCTGGAGCGGCTGG
-2431	-2442	-2398	-2399*	ENSMUST00000182597	AAATAAATTAAACTCTGCACTATGTAATAGACGTAAAGGTGATC
-4288	-4314	-4270	-4271*	ENSMUST00000182597	AAATAAATTAAACTCTGCACTATGTAATAGACGTAAAGGTGATC
-4442*	-4572	-4528	-4529*	ENSMUST00000182597	AAATAAATTAAACTCTGCACTATGTAATAGACGTAAAGGTGATC
-315	-342	-297	-298*	ENSMUST00000067664	ACCAGGCGAAGCTGGCAGAGCAGGCCGAGCGATACGACGAAATGG
-650	-727	-682	-683*	ENSMUST00000084513	AAAAGACCCCCGAGAAACTTGACAACACTCCTGCCTCACCTCCAA
-1513*	-1211	-1166	-1485*	ENSMUST00000109567	TGGTTCCTGGTCCACTCTGACCCTCAGTCATGCCCATGAGGTCTG
-1133*	-1623	-1578	-1579*	ENSMUST00000109567	TGGTTCCTGGTCCACTCTGACCCTCAGTCATGCCCATGAGGTCTG
2191*	-57	-11	-12*	ENSMUST00000040787	CTTTGCTTTCCCGAATTCTGCCTTCTGATGCCTGTAAAATATACAA
1154*	697	743	1135*	ENSMUST00000022458	GGCTGCCAGCCTTCCTAGACAATCACAATTATGCCAAATCCCCTAT
1154*	697	743	1135*	ENSMUST00000022458	GGCTGCCAGCCTTCCTAGACAATCACAATTATGCCAAATCCCCTAT
-131*	-130	-84	-94*	ENSMUST00000026993	ACCTCAATATCTACTTCAACTGCACTGACTTGAACCCAAGCCGTGA
72219*	1315	1361	72259*	ENSMUST00000148486	CACGGATTTTGACCCCTCTATCCTGCCTCCTCCGGACCCCTGGATT
-69*	-68	-21	-68*	ENSMUST00000061158	ACCGAGAGCGAATAGAACTGTTTTGCACCGAGTATCAGAACAATAAG
-443	-571	-524	-525*	ENSMUST00000033081	GCGGGGAGGCTGGAAAGGAGGATACAGTGGAGGGAGAAGACGAGAAG
-443	-571	-524	-527*	ENSMUST00000033081	GCGGGGAGGCTGGAAAGGAGGATACAGTGGAGGGAGAAGACGAGAAG
-572*	-571	-524	-527*	ENSMUST00000033081	GCGGGGAGGCTGGAAAGGAGGATACAGTGGAGGGAGAAGACGAGAAG
10806*	8997*	9044*	10844*	ENSMUST00000105902	GACTTGGATGAGGACTTTCTTTTCACAGAACCGTTGCCTCCCCCCCT
13857*	1807	1855	13814*	ENSMUST00000033018	AGAACTGCAGTAGTCACTCAAATTATGATTCAACATTTTAATCCTTGG
295	268	316	1452*	ENSMUST00000067664	AAGCTATAAGGACTCTACGCTCATCATGCAGCTGCTACGTGATAACCT
7935*	765	813	7953*	ENSMUST00000159050	CGAGATGAATGGCTCCCTCACCAGCCCAAGCGCCTATGCTGGCCTACA
7935*	762	810	7953*	ENSMUST00000159050	CGAGATGAATGGCTCCCTCACCAGCCCAAGCGCCTATGCTGGCCTACA
91	83	131	650*	ENSMUST00000159050	CGAGATGAATGGCTCCCTCACCAGCCCAAGCGCCTATGCTGGCCTACA
-102*	-101	-53	-69*	ENSMUST00000159050	CGAGATGAATGGCTCCCTCACCAGCCCAAGCGCCTATGCTGGCCTACA
-424*	-423	-375	-379*	ENSMUST00000164930	CAAGAAGCCCACTTCCACTAAGCCTAGCTCCTCTGCTCCCAGGGTGAG
-2031	-2036	-1988	-1989*	ENSMUST00000168361	TAAACAAGATGATGAGGACTCTAAAATAAATGGCAGAGGTTTGCCAAA
-1450*	-1449	-1400	-1437*	ENSMUST00000102554	CCTGTCTAAACTGGCTGTGACTTCCTATGCAGACATTGCCGACCTCATG
1758	1738	1788	2488*	ENSMUST00000037526	TAAACAATGCCCCCATCCTGTGCGTCCAGTCTCACCTTGGCCATGAAGAA
26743*	8566	8617	26778*	ENSMUST00000027521	AAAGGAGACAGAGAAGCGTGTAAAGTAACGGAGAGAGGTGCCTATAATGGA
-728	-915	-862	-863*	ENSMUST00000078111	GAGTCCCTGTCGGTCCCCAAGCTGCAAAGCCCGCCTGGAAGACCCCGAAAGCT
-1958	-1963	-1911	-1912*	ENSMUST00000168361	TTTTAATCGCACTCCTGGAAGTCGCCAAGCCTCTCCAACTGAAGTAGTTGAGC
1008	951	1005	2103*	ENSMUST00000040179	ATACCAATTGCTCTTCTTTCTGCAGTCCTGCTGCTGTTCTTCTGCAGAGACTCC
1008	909	963	2103*	ENSMUST00000040179	ATACCAATTGCTCTTCTTTCTGCAGTCCTGCTGCTGTTCTTCTGCAGAGACTCC
145	108	162	1091*	ENSMUST00000113460	AGATACTTACAGATTGGCCAGGATTCTTGTCCGCCTACCAGCACTCAGGCTCAT
ERROR_Not on the same transcript	4137	4192	ERROR_Not on the same transcript	ENSMUST00000182356	ACCAAGTATGAAACCACGATTTTCTGATACCCGCCGCCCCGTCCTCGCGGTGCCT
ERROR_Not on the same transcript	5675	5730	ERROR_Not on the same transcript	ENSMUST00000232395	CATCTGAGGCTCATTCGGCTGCCTCTGTGGCCAAGTCCTCCCAGAGTCCACCCTT
ERROR_Not on the same transcript	4984	5039	ERROR_Not on the same transcript	ENSMUST00000232395	CATCTGAGGCTCATTCGGCTGCCTCTGTGGCCAAGTCCTCCCAGAGTCCACCCTT
ERROR_Not on the same transcript	4828	4883	ERROR_Not on the same transcript	ENSMUST00000232395	CATCTGAGGCTCATTCGGCTGCCTCTGTGGCCAAGTCCTCCCAGAGTCCACCCTT
775	726	781	1290*	ENSMUST00000232395	CATCTGAGGCTCATTCGGCTGCCTCTGTGGCCAAGTCCTCCCAGAGTCCACCCTT
ERROR_Not on the same transcript	5675	5730	ERROR_Not on the same transcript	ENSMUST00000232395	CATCTGAGGCTCATTCGGCTGCCTCTGTGGCCAAGTCCTCCCAGAGTCCACCCTT
ERROR_Not on the same transcript	4984	5039	ERROR_Not on the same transcript	ENSMUST00000232395	CATCTGAGGCTCATTCGGCTGCCTCTGTGGCCAAGTCCTCCCAGAGTCCACCCTT
ERROR_Not on the same transcript	4828	4883	ERROR_Not on the same transcript	ENSMUST00000232395	CATCTGAGGCTCATTCGGCTGCCTCTGTGGCCAAGTCCTCCCAGAGTCCACCCTT
775	726	781	1290*	ENSMUST00000232395	CATCTGAGGCTCATTCGGCTGCCTCTGTGGCCAAGTCCTCCCAGAGTCCACCCTT
ERROR_Not on the same transcript	5675	5730	ERROR_Not on the same transcript	ENSMUST00000232395	CATCTGAGGCTCATTCGGCTGCCTCTGTGGCCAAGTCCTCCCAGAGTCCACCCTT
ERROR_Not on the same transcript	4984	5039	ERROR_Not on the same transcript	ENSMUST00000232395	CATCTGAGGCTCATTCGGCTGCCTCTGTGGCCAAGTCCTCCCAGAGTCCACCCTT
ERROR_Not on the same transcript	4828	4883	ERROR_Not on the same transcript	ENSMUST00000232395	CATCTGAGGCTCATTCGGCTGCCTCTGTGGCCAAGTCCTCCCAGAGTCCACCCTT
775	726	781	1290*	ENSMUST00000232395	CATCTGAGGCTCATTCGGCTGCCTCTGTGGCCAAGTCCTCCCAGAGTCCACCCTT
12135*	3725	3781	12170*	ENSMUST00000113462	GGCATCGTGGCGGCGGCGGCGCTCTGCATCCTCATTCTCCTCTACGCCATGTACAA
12135*	3725	3781	12170*	ENSMUST00000113462	GGCATCGTGGCGGCGGCGGCGCTCTGCATCCTCATTCTCCTCTACGCCATGTACAA
-37753*	-175	-119	-37805*	ENSMUST00000092887	CGACTGGTGGAGATTAATGGACAGAATGTGGAGAATAAATCCAGGGATGAAATTGT
10372*	870	927	9440*	ENSMUST00000199300	AGCCTGCATCGCATACATTCGGCTCACACAGTACATGGACGGAAGCGGGATGCCAAA
-141*	-140	-83	-100*	ENSMUST00000027521	CTTTCGTGAACAGCCAGGAATGGACACTCAGCCGATCGGTACCGGAGCTCAAAGTGG
-1752	-1757	-1699	-1700*	ENSMUST00000028081	AGCTGGTGCATTCCCGGCTCTACTCTCCGGAGCTGCCCATCCCTCCGGCTGCGGGCGA
2533*	194	252	2576*	ENSMUST00000186360	TATCCTGGTGGGCCACTGCCTGACTTCCCTAATCACTCACTCACCCTCAAAAAGGACA
-1080	-1090	-1032	-1033*	ENSMUST00000054955	AACTGCCACCACATGTGCGCATCTGGGACTCTGTGACACTGAACACTCTGCATGTCAT
-281*	-280	-221	-339*	ENSMUST00000132615	ATGCAGCTCGGCCCGACTACATCGCTTCCAAGGCCTCCCCTACCTCGACTGAGGAGGAG
-281*	-312	-253	-339*	ENSMUST00000132615	ATGCAGCTCGGCCCGACTACATCGCTTCCAAGGCCTCCCCTACCTCGACTGAGGAGGAG
19020*	843	902	19063*	ENSMUST00000027521	TTACATGATTACATGCAGAATGTCCACGGCAAAGAGATAGACCTCTTGAGGACCACTGT
333	298	359	4245*	ENSMUST00000110049	AGATCCATTCCAAGGCATGCGCAAGCCCATGAGTCCTGTCTCAGCCCAGATGAGCCAGCTA
-916*	-915	-853	-857*	ENSMUST00000163979	TAAGGTTGCCGAAAAGCGGACCTCTCCATCCAAGCCTTCATCTGCCCCAGCCCTCAAACCTG
-916*	-915	-853	-857*	ENSMUST00000163979	TAAGGTTGCCGAAAAGCGGACCTCTCCATCCAAGCCTTCATCTGCCCCAGCCCTCAAACCTG
473*	207	269	414*	ENSMUST00000061837	AACAATAAGACAGCAGAGCGCCGGAGGCCCCTGGATGAATTCAACAATGGAGTTGTCATGAC
-696	-807	-745	-746*	ENSMUST00000061837	AACAATAAGACAGCAGAGCGCCGGAGGCCCCTGGATGAATTCAACAATGGAGTTGTCATGAC
-1576	-1581	-1519	-1520*	ENSMUST00000061837	AACAATAAGACAGCAGAGCGCCGGAGGCCCCTGGATGAATTCAACAATGGAGTTGTCATGAC
-503	-580	-518	-519*	ENSMUST00000084513	CAAAAATGCAAGAGTCTCCCAAACTGTCCCAACAATCGTACAACTTTGACCCTGACGCCTGT
-109*	-108	-45	-55*	ENSMUST00000195636	GCGGCTCCGGTGAACGCTTCAGAGTGAGATCATCATCCAAGTCTGAAGGTTCTCCATCGCCAC
679*	50	113	712*	ENSMUST00000110000	ACATGTCACAGCTCTCTCTGTCGCCCCTGAATTCCGCCGTCTTGGCTTGGCTGCTAAACTTAT
-3598*	-6827*	-6763*	-6210*	ENSMUST00000114037	TCTTACACTGATCGATCAATGATGTCTATGGCAGCTGATTCTTACACTGATTCTTATACTGATT
17960*	460	525	17892*	ENSMUST00000112987	AGAAGTATCTATGTGAACTGTGCCTGGACGATGTGCTGTATGCCCGTACCACAAGCAAGCTCAAG
17960*	327	392	17892*	ENSMUST00000112987	AGAAGTATCTATGTGAACTGTGCCTGGACGATGTGCTGTATGCCCGTACCACAAGCAAGCTCAAG
5238*	3603	3668	5297*	ENSMUST00000199659	AGGAAAAACCTAGAGCTCTTTGCCCTGCGCGTTACAAGGAAAGCAACTGGAATTTTAAATTTAGT
5706*	2373	2438	5756*	ENSMUST00000199659	AGGAAAAACCTAGAGCTCTTTGCCCTGCGCGTTACAAGGAAAGCAACTGGAATTTTAAATTTAGT
5048	22244*	22309*	49197*	ENSMUST00000113144	CTTTTGTTCCTGAGTCATCTGACCCTCAAATACTGCTTTGCTTTCCCAGCTGCTTCCTTGTTTCA
5017*	1110	1177	5078*	ENSMUST00000016569	CATTTGCTAGGGTGGATCTTAAGCAGTACGTAGTCTGTCAGTGTTTGTATTTGAATTCTCTGCAATT
1542*	631	698	1550*	ENSMUST00000201700	AACAGTGGCAGAGATTAACGCAACGATGAGTGTCCATCTCCCATTCGCAGTGGTCGGCAGTACTGAA
4985*	482	550	5029*	ENSMUST00000160027	CAAAAATAATTTACATAGTACACGATGAAGTTAAGGATAAAGCTTTTGAACTGGAGCTCAGCTGGGTT
4985*	477	545	5029*	ENSMUST00000160027	CAAAAATAATTTACATAGTACACGATGAAGTTAAGGATAAAGCTTTTGAACTGGAGCTCAGCTGGGTT
-4632	-4664	-4598	-4599*	ENSMUST00000213013	TACCGGAGCTTGACCCTGAACGTCGTGAACCGGCTCACCTCCGTTACTCGCCTCTTCCCAAATTCCTT
3875*	1536	1604	3928*	ENSMUST00000042035	ATGGTCCTGACCCAGCCCCCCCGGGACAGGACTGAGATCACTCTGGAAAGAAGCGGGGTGGGGAATCT
1493*	1142	1211	1321*	ENSMUST00000093995	CAGCGGCAGGGCTCCCGGCTCTCTGCTGTCCCTCACCTCCTGTACATACTGCCTGGGAAGAGACACCAC
8198*	2274	2343	8255*	ENSMUST00000119705	TCTAACATCGTCTTCTACCCTGGTGGAGATTCTGGAAGCCATGAAGCATCCCTCGACAGGAGTCCAGCT
35	24	94	3533*	ENSMUST00000202937	ATGAGGACCTGACCCCAGAGCAGAAGGCTGAGCGCGAGAAGGAACGGAGGATGGCCAATAATGCCCGTGA
90	88	159	1293*	ENSMUST00000178812	GATTGTAATCCGAGGACTCAATACCATTCCATTGTTTGTGCAGTTGCTTTATTCTCCCATTGAAAATATCC
4600*	4386	4457	4662*	ENSMUST00000105900	AGAGAAGCCCGTGGTCAGGACCTGGTGGAGGACAGAAAGTGGGGCACAGGCTGTGGCAAAGTTTAGGTGTG
12676*	4266	4338	12727*	ENSMUST00000113462	GGAAGGAAGGCTGGGGTTTTGTAAAGTGTCCACTGCGCCGTTCGTTTATTTCCCTCGATTTTCTTCTTCCTC
12676*	4266	4338	12727*	ENSMUST00000113462	GGAAGGAAGGCTGGGGTTTTGTAAAGTGTCCACTGCGCCGTTCGTTTATTTCCCTCGATTTTCTTCTTCCTC
-181*	-4894*	-4819*	-142*	ENSMUST00000165123	AATTACTGTCGTGGGCTGCGCTTTGAGGAAGCTCCGGATTACATGTATCTGAGGCAGCTATTCCGCATCCTTTTC
ERROR_Not on the same transcript	ERROR_Not on the same transcript	ERROR_Not on the same transcript	ERROR_Not on the same transcript	ENSMUST00000146701	GATGAATGGATGAGTGAATGAATGAATGAATGAGTGAGTGAATTAATGGATGGGTATATTCTCTGGTTGAGCTTCT
-1974*	-1973	-1897	-1946*	ENSMUST00000089302	AAGAGAATGTGCAATCAAGTTCAATGATTACTTTGAATTTCCTCGAGAGTTAGACATGGAACCTTACACAGTGGCA
491	465	545	4707*	ENSMUST00000120544	TGGCCGGTGCCCTGCGCGGGGCCTCCCCAGGACACACTGACGTAGATTTGCTGTGTAGTCTTGGTGTGGAAATTTGAATT
491	ERROR_Not on the same transcript	ERROR_Not on the same transcript	4707*	ENSMUST00000120544	TGGCCGGTGCCCTGCGCGGGGCCTCCCCAGGACACACTGACGTAGATTTGCTGTGTAGTCTTGGTGTGGAAATTTGAATT
491	ERROR_Not on the same transcript	ERROR_Not on the same transcript	4707*	ENSMUST00000120544	TGGCCGGTGCCCTGCGCGGGGCCTCCCCAGGACACACTGACGTAGATTTGCTGTGTAGTCTTGGTGTGGAAATTTGAATT
491	465	545	4707*	ENSMUST00000120544	TGGCCGGTGCCCTGCGCGGGGCCTCCCCAGGACACACTGACGTAGATTTGCTGTGTAGTCTTGGTGTGGAAATTTGAATT
491	ERROR_Not on the same transcript	ERROR_Not on the same transcript	4707*	ENSMUST00000120544	TGGCCGGTGCCCTGCGCGGGGCCTCCCCAGGACACACTGACGTAGATTTGCTGTGTAGTCTTGGTGTGGAAATTTGAATT
491	ERROR_Not on the same transcript	ERROR_Not on the same transcript	4707*	ENSMUST00000120544	TGGCCGGTGCCCTGCGCGGGGCCTCCCCAGGACACACTGACGTAGATTTGCTGTGTAGTCTTGGTGTGGAAATTTGAATT
4896	4885	4965	6926*	ENSMUST00000182597	GCTCGTTCTGCTGCTTGGTCCTACATCTTTCTGCCTGAGGAAGCCTGGTGTGACCTTACCATCCACCTTCCGTCAGCAGT
3039	3013	3093	6171*	ENSMUST00000182597	GCTCGTTCTGCTGCTTGGTCCTACATCTTTCTGCCTGAGGAAGCCTGGTGTGACCTTACCATCCACCTTCCGTCAGCAGT
4029*	2755	2835	5032*	ENSMUST00000182597	GCTCGTTCTGCTGCTTGGTCCTACATCTTTCTGCCTGAGGAAGCCTGGTGTGACCTTACCATCCACCTTCCGTCAGCAGT
10772*	8963*	9043*	10843*	ENSMUST00000105902	ATTCCGCATCCCCCCTCCCCCTCTGGCATCCGTGGACTTGGATGAGGACTTTCTTTTCACAGAACCGTTGCCTCCCCCCC
4785*	3918	4000	4777*	ENSMUST00000044730	AAGATAGGATGGGCCGGGACCCTTCAGAGGCAACCCTTTGACACTTGGAAGGACTTTGGGGGACAGTTGAGATGACCTCAGA
1073	1068	1150	1723*	ENSMUST00000175903	TTTTACGGAGAAAACTTATCCATGAAGGCTGCCTGCTCTGGAAGACAGCCACAGGCCGCTTCAAAGATGTCCTGTTGCTGCT
1154*	836*	918*	1050*	ENSMUST00000175903	TTTTACGGAGAAAACTTATCCATGAAGGCTGCCTGCTCTGGAAGACAGCCACAGGCCGCTTCAAAGATGTCCTGTTGCTGCT
4870*	979	1062	4599*	ENSMUST00000072031	CCCCTGACCTCAAGACACAGAATGTCCACGTGGAAATTGAGCAGCGTTGGCATCAAGTGGAGACCACCCCTCTCAGGGAGGAG
611	474	558	987*	ENSMUST00000020159	CACCATGGCGGGCAAGTCTCCAGGACCCTTCCCAAACTGTGACTGGAGATTCAATGAGTTTCCCAACCCCGCTGCCCACGCTCT
ERROR_Not on the same transcript	ERROR_Not on the same transcript	ERROR_Not on the same transcript	ERROR_Not on the same transcript	ENSMUST00000146701	GAAAGGTAACAATACACTCACAAATAGGTAGATGAATGTAGCTGGAAGACGGGGCCTGGCTAGGGACGGGATGAGAGGCTGTGTC
ERROR_Not on the same transcript	3783	3868	ERROR_Not on the same transcript	ENSMUST00000232395	GGAGGACAGCAGACTGGAAGTGGCCTCTCCTGACTCTCCTACACCACTCTGTGAGGATGCTTCTCCTTCCCCCACGCCAGCTCCT
ERROR_Not on the same transcript	3092	3177	ERROR_Not on the same transcript	ENSMUST00000232395	GGAGGACAGCAGACTGGAAGTGGCCTCTCCTGACTCTCCTACACCACTCTGTGAGGATGCTTCTCCTTCCCCCACGCCAGCTCCT
ERROR_Not on the same transcript	2936	3021	ERROR_Not on the same transcript	ENSMUST00000232395	GGAGGACAGCAGACTGGAAGTGGCCTCTCCTGACTCTCCTACACCACTCTGTGAGGATGCTTCTCCTTCCCCCACGCCAGCTCCT
-1117	-1166	-1081	-1082*	ENSMUST00000232395	GGAGGACAGCAGACTGGAAGTGGCCTCTCCTGACTCTCCTACACCACTCTGTGAGGATGCTTCTCCTTCCCCCACGCCAGCTCCT
ERROR_Not on the same transcript	3783	3868	ERROR_Not on the same transcript	ENSMUST00000232395	GGAGGACAGCAGACTGGAAGTGGCCTCTCCTGACTCTCCTACACCACTCTGTGAGGATGCTTCTCCTTCCCCCACGCCAGCTCCT
ERROR_Not on the same transcript	3092	3177	ERROR_Not on the same transcript	ENSMUST00000232395	GGAGGACAGCAGACTGGAAGTGGCCTCTCCTGACTCTCCTACACCACTCTGTGAGGATGCTTCTCCTTCCCCCACGCCAGCTCCT
ERROR_Not on the same transcript	2936	3021	ERROR_Not on the same transcript	ENSMUST00000232395	GGAGGACAGCAGACTGGAAGTGGCCTCTCCTGACTCTCCTACACCACTCTGTGAGGATGCTTCTCCTTCCCCCACGCCAGCTCCT
-1117	-1166	-1081	-1082*	ENSMUST00000232395	GGAGGACAGCAGACTGGAAGTGGCCTCTCCTGACTCTCCTACACCACTCTGTGAGGATGCTTCTCCTTCCCCCACGCCAGCTCCT
ERROR_Not on the same transcript	3783	3868	ERROR_Not on the same transcript	ENSMUST00000232395	GGAGGACAGCAGACTGGAAGTGGCCTCTCCTGACTCTCCTACACCACTCTGTGAGGATGCTTCTCCTTCCCCCACGCCAGCTCCT
ERROR_Not on the same transcript	3092	3177	ERROR_Not on the same transcript	ENSMUST00000232395	GGAGGACAGCAGACTGGAAGTGGCCTCTCCTGACTCTCCTACACCACTCTGTGAGGATGCTTCTCCTTCCCCCACGCCAGCTCCT
ERROR_Not on the same transcript	2936	3021	ERROR_Not on the same transcript	ENSMUST00000232395	GGAGGACAGCAGACTGGAAGTGGCCTCTCCTGACTCTCCTACACCACTCTGTGAGGATGCTTCTCCTTCCCCCACGCCAGCTCCT
-1117	-1166	-1081	-1082*	ENSMUST00000232395	GGAGGACAGCAGACTGGAAGTGGCCTCTCCTGACTCTCCTACACCACTCTGTGAGGATGCTTCTCCTTCCCCCACGCCAGCTCCT
3853*	1514	1599	3923*	ENSMUST00000186360	TCTCAGACCCAGGCAGAGAGCATGGTCCTGACCCAGCCCCCCCGGGACAGGACTGAGATCACTCTGGAAAGAAGCGGGGTGGGGA
ERROR_Not on the same transcript	5442	5527	ERROR_Not on the same transcript	ENSMUST00000232395	TACTCGGTCAAGCCAGTCTCCAAAAAAGCCTTCCAACAGTATTATTGAACACCTGTCAGTGATATTCCCATGTTATACCAGCACT
ERROR_Not on the same transcript	4751	4836	ERROR_Not on the same transcript	ENSMUST00000232395	TACTCGGTCAAGCCAGTCTCCAAAAAAGCCTTCCAACAGTATTATTGAACACCTGTCAGTGATATTCCCATGTTATACCAGCACT
ERROR_Not on the same transcript	4595	4680	ERROR_Not on the same transcript	ENSMUST00000232395	TACTCGGTCAAGCCAGTCTCCAAAAAAGCCTTCCAACAGTATTATTGAACACCTGTCAGTGATATTCCCATGTTATACCAGCACT
542	493	578	1087*	ENSMUST00000232395	TACTCGGTCAAGCCAGTCTCCAAAAAAGCCTTCCAACAGTATTATTGAACACCTGTCAGTGATATTCCCATGTTATACCAGCACT
ERROR_Not on the same transcript	5442	5527	ERROR_Not on the same transcript	ENSMUST00000232395	TACTCGGTCAAGCCAGTCTCCAAAAAAGCCTTCCAACAGTATTATTGAACACCTGTCAGTGATATTCCCATGTTATACCAGCACT
ERROR_Not on the same transcript	4751	4836	ERROR_Not on the same transcript	ENSMUST00000232395	TACTCGGTCAAGCCAGTCTCCAAAAAAGCCTTCCAACAGTATTATTGAACACCTGTCAGTGATATTCCCATGTTATACCAGCACT
ERROR_Not on the same transcript	4595	4680	ERROR_Not on the same transcript	ENSMUST00000232395	TACTCGGTCAAGCCAGTCTCCAAAAAAGCCTTCCAACAGTATTATTGAACACCTGTCAGTGATATTCCCATGTTATACCAGCACT
542	493	578	1087*	ENSMUST00000232395	TACTCGGTCAAGCCAGTCTCCAAAAAAGCCTTCCAACAGTATTATTGAACACCTGTCAGTGATATTCCCATGTTATACCAGCACT
ERROR_Not on the same transcript	5442	5527	ERROR_Not on the same transcript	ENSMUST00000232395	TACTCGGTCAAGCCAGTCTCCAAAAAAGCCTTCCAACAGTATTATTGAACACCTGTCAGTGATATTCCCATGTTATACCAGCACT
ERROR_Not on the same transcript	4751	4836	ERROR_Not on the same transcript	ENSMUST00000232395	TACTCGGTCAAGCCAGTCTCCAAAAAAGCCTTCCAACAGTATTATTGAACACCTGTCAGTGATATTCCCATGTTATACCAGCACT
ERROR_Not on the same transcript	4595	4680	ERROR_Not on the same transcript	ENSMUST00000232395	TACTCGGTCAAGCCAGTCTCCAAAAAAGCCTTCCAACAGTATTATTGAACACCTGTCAGTGATATTCCCATGTTATACCAGCACT
542	493	578	1087*	ENSMUST00000232395	TACTCGGTCAAGCCAGTCTCCAAAAAAGCCTTCCAACAGTATTATTGAACACCTGTCAGTGATATTCCCATGTTATACCAGCACT
1001	990	1077	4771*	ENSMUST00000200466	AGCAAATTAAGGAAAGAGTCCTTACTCTGTTTCCTGCGTTCATAGCGGTCTGTTTGTGCTTTGTCTAACAGTGAACACTGGTACTTG
1001	868	955	4771*	ENSMUST00000200466	AGCAAATTAAGGAAAGAGTCCTTACTCTGTTTCCTGCGTTCATAGCGGTCTGTTTGTGCTTTGTCTAACAGTGAACACTGGTACTTG
672	625	712	3734*	ENSMUST00000107976	ACCTGAAGCCCCCAGGATAGGTGGGACAGAGAAGCTCAGTTCTGGGACGGTGGCATCCTCTCTCTCTCTCTCTCTTTCCTTTCTTTT
-926*	-925	-838	-845*	ENSMUST00000105991	AACAATCTGGCTTCCAGCTCTTTCTATGGCAACAACTCTCTGAGCAGTAACTCCCAGAGCAGCTCCCTCTTCTCTCAGGGCTCTGCA
35342*	22292*	22380*	35320*	ENSMUST00000231569	CAACATACTGGGCTCAATCACACTTGGTCACAGGATTCTGCACATACCTTCCTTTTCAAGGATTTGGCATCACCCAGCGACCAGCGTA
35342*	14189*	14277*	35320*	ENSMUST00000231569	CAACATACTGGGCTCAATCACACTTGGTCACAGGATTCTGCACATACCTTCCTTTTCAAGGATTTGGCATCACCCAGCGACCAGCGTA
35342*	2890	2978	35320*	ENSMUST00000231569	CAACATACTGGGCTCAATCACACTTGGTCACAGGATTCTGCACATACCTTCCTTTTCAAGGATTTGGCATCACCCAGCGACCAGCGTA
-1029	-1078	-990	-991*	ENSMUST00000231569	CAACATACTGGGCTCAATCACACTTGGTCACAGGATTCTGCACATACCTTCCTTTTCAAGGATTTGGCATCACCCAGCGACCAGCGTA
1579*	975	1064	1663*	ENSMUST00000131671	AAAGAGCGCCAAGCTGCTAGACAGGCCTCCAGAAGCACTGCGTATGAAGATTATTATTATCACCCTCCTCCCCGAATGCCACCTCCAAT
ERROR_Not on the same transcript	3587	3685	ERROR_Not on the same transcript	ENSMUST00000232395	ACATTTCAAAAACAGGAGAATATTTACGAGTTAAACTACCACTAAATCCAACTGCTAGGGAATTTCAACCAGATGTAAAGTCTGAAGCACTGTCTGAG
ERROR_Not on the same transcript	2896	2994	ERROR_Not on the same transcript	ENSMUST00000232395	ACATTTCAAAAACAGGAGAATATTTACGAGTTAAACTACCACTAAATCCAACTGCTAGGGAATTTCAACCAGATGTAAAGTCTGAAGCACTGTCTGAG
ERROR_Not on the same transcript	2740	2838	ERROR_Not on the same transcript	ENSMUST00000232395	ACATTTCAAAAACAGGAGAATATTTACGAGTTAAACTACCACTAAATCCAACTGCTAGGGAATTTCAACCAGATGTAAAGTCTGAAGCACTGTCTGAG
-1313	-1362	-1264	-1265*	ENSMUST00000232395	ACATTTCAAAAACAGGAGAATATTTACGAGTTAAACTACCACTAAATCCAACTGCTAGGGAATTTCAACCAGATGTAAAGTCTGAAGCACTGTCTGAG
ERROR_Not on the same transcript	3587	3685	ERROR_Not on the same transcript	ENSMUST00000232395	ACATTTCAAAAACAGGAGAATATTTACGAGTTAAACTACCACTAAATCCAACTGCTAGGGAATTTCAACCAGATGTAAAGTCTGAAGCACTGTCTGAG
ERROR_Not on the same transcript	2896	2994	ERROR_Not on the same transcript	ENSMUST00000232395	ACATTTCAAAAACAGGAGAATATTTACGAGTTAAACTACCACTAAATCCAACTGCTAGGGAATTTCAACCAGATGTAAAGTCTGAAGCACTGTCTGAG
ERROR_Not on the same transcript	2740	2838	ERROR_Not on the same transcript	ENSMUST00000232395	ACATTTCAAAAACAGGAGAATATTTACGAGTTAAACTACCACTAAATCCAACTGCTAGGGAATTTCAACCAGATGTAAAGTCTGAAGCACTGTCTGAG
-1313	-1362	-1264	-1265*	ENSMUST00000232395	ACATTTCAAAAACAGGAGAATATTTACGAGTTAAACTACCACTAAATCCAACTGCTAGGGAATTTCAACCAGATGTAAAGTCTGAAGCACTGTCTGAG
ERROR_Not on the same transcript	3587	3685	ERROR_Not on the same transcript	ENSMUST00000232395	ACATTTCAAAAACAGGAGAATATTTACGAGTTAAACTACCACTAAATCCAACTGCTAGGGAATTTCAACCAGATGTAAAGTCTGAAGCACTGTCTGAG
ERROR_Not on the same transcript	2896	2994	ERROR_Not on the same transcript	ENSMUST00000232395	ACATTTCAAAAACAGGAGAATATTTACGAGTTAAACTACCACTAAATCCAACTGCTAGGGAATTTCAACCAGATGTAAAGTCTGAAGCACTGTCTGAG
ERROR_Not on the same transcript	2740	2838	ERROR_Not on the same transcript	ENSMUST00000232395	ACATTTCAAAAACAGGAGAATATTTACGAGTTAAACTACCACTAAATCCAACTGCTAGGGAATTTCAACCAGATGTAAAGTCTGAAGCACTGTCTGAG
-1313	-1362	-1264	-1265*	ENSMUST00000232395	ACATTTCAAAAACAGGAGAATATTTACGAGTTAAACTACCACTAAATCCAACTGCTAGGGAATTTCAACCAGATGTAAAGTCTGAAGCACTGTCTGAG
3704	3684	3782	4690*	ENSMUST00000042824	ACCGCGCTGGAGGGATATCAGATTGGACAGGTGGCCTGTGGGCTGAACCACACCTTGGCAGTGTCAGCAGATGGCTCCATGGTGTGGGCCTTTGGAGA
2546*	1558	1656	10169*	ENSMUST00000171289	TAATTAAAATTACTGTTCTCTGAATGACAGTGTGTAAGGAAATCTTTCAAGAATGCTGTCATTATTCTCTTTGAGCTTTTTGTTGGGATTTGGGGTTTT
2491	19687*	19787*	46675*	ENSMUST00000113144	TATTTTTGGATCTTGGTTCTGGGGCACTGGTGAGAACAGCCTTAGATCTGTTGGAGTCAATTGTGAGAAGATGCCGAAGGCTGGAGAAAAAGAAGTTACT
18693*	516	617	18778*	ENSMUST00000190096	TTAAGTGACTACTCATCCTCTGTTCCTTCGACCCCAAGCACCAGCCAGAAAGAGCTTCGGATCGACGTCCCTCCCACTGCCAACACTCCAACGCCTGTCCG
18693*	516	617	18778*	ENSMUST00000190096	TTAAGTGACTACTCATCCTCTGTTCCTTCGACCCCAAGCACCAGCCAGAAAGAGCTTCGGATCGACGTCCCTCCCACTGCCAACACTCCAACGCCTGTCCG
12494*	4084	4186	12575*	ENSMUST00000113462	AAAGAAAAGGAATATAACTACTACGTGCTCATCCCCTTCCCTCCCGCTGCCCTCGGCGCCGCACTGTCAGCTCTGGGGCTGGCTGTCCTCCGCTCTGCGCCT
12494*	4084	4186	12575*	ENSMUST00000113462	AAAGAAAAGGAATATAACTACTACGTGCTCATCCCCTTCCCTCCCGCTGCCCTCGGCGCCGCACTGTCAGCTCTGGGGCTGGCTGTCCTCCGCTCTGCGCCT
2083	2081	2184	4197*	ENSMUST00000100203	GGCGAGCCCAGGCAACTCCTGACCATGTCCTCTTCATGCTGTTAAATGCCAAGGGAACTACTGTGTGCACAGCCAGCTGCCTTCAGCTTCATAAGCGAGCAGA
2083	2081	2184	4197*	ENSMUST00000100203	GGCGAGCCCAGGCAACTCCTGACCATGTCCTCTTCATGCTGTTAAATGCCAAGGGAACTACTGTGTGCACAGCCAGCTGCCTTCAGCTTCATAAGCGAGCAGA
-2580	-2591	-2488	-2489*	ENSMUST00000182597	TTGAGGCTACCAAAGTTTGCAGAGGAGGAGACTCTTTGTATAGACTCTATAACTCCTTGTGCTGATGGAATTCATTTGTTGGTAGGACTGCGGACATGCTCTG
-4437	-4463	-4360	-4361*	ENSMUST00000182597	TTGAGGCTACCAAAGTTTGCAGAGGAGGAGACTCTTTGTATAGACTCTATAACTCCTTGTGCTGATGGAATTCATTTGTTGGTAGGACTGCGGACATGCTCTG
-4591*	-4721	-4618	-4619*	ENSMUST00000182597	TTGAGGCTACCAAAGTTTGCAGAGGAGGAGACTCTTTGTATAGACTCTATAACTCCTTGTGCTGATGGAATTCATTTGTTGGTAGGACTGCGGACATGCTCTG
6676*	5071	5176	6779*	ENSMUST00000055758	ATACTGTTACAGGATTCATGAACTTGAGTAATTTTACAGTTTGGAACTCTGATGCTATATATACATGGTATAATGTATTCAGACTTTGATCACTACATATTTAAA
5328*	3278	3383	5421*	ENSMUST00000055758	ATACTGTTACAGGATTCATGAACTTGAGTAATTTTACAGTTTGGAACTCTGATGCTATATATACATGGTATAATGTATTCAGACTTTGATCACTACATATTTAAA
14820*	1770	1878	14818*	ENSMUST00000117648	TTTGAAAAAGAACAGATTTCTCGAAGCTCTTAATCACTTTGAAAAGGCAAAGACTTTAATTAGTCGTCTCCCTGGAATTCTAACTTGGCCCACAAGTAATGTGATTAT
14820*	1079	1187	14818*	ENSMUST00000117648	TTTGAAAAAGAACAGATTTCTCGAAGCTCTTAATCACTTTGAAAAGGCAAAGACTTTAATTAGTCGTCTCCCTGGAATTCTAACTTGGCCCACAAGTAATGTGATTAT
14820*	923	1031	14818*	ENSMUST00000117648	TTTGAAAAAGAACAGATTTCTCGAAGCTCTTAATCACTTTGAAAAGGCAAAGACTTTAATTAGTCGTCTCCCTGGAATTCTAACTTGGCCCACAAGTAATGTGATTAT
-3130	-3179	-3071	-3072*	ENSMUST00000117648	TTTGAAAAAGAACAGATTTCTCGAAGCTCTTAATCACTTTGAAAAGGCAAAGACTTTAATTAGTCGTCTCCCTGGAATTCTAACTTGGCCCACAAGTAATGTGATTAT
ERROR_Not on the same transcript	5951	6060	ERROR_Not on the same transcript	ENSMUST00000232395	AACTGTTGCACCATCGTCACAGACCCAGCCCAGGAGAAGATGGGAACCTCCTTCCTGTTGCTGTAGGTAGTCACTCCTCACTAATGCACCATGCACTTCATGAGTTAAA
ERROR_Not on the same transcript	5260	5369	ERROR_Not on the same transcript	ENSMUST00000232395	AACTGTTGCACCATCGTCACAGACCCAGCCCAGGAGAAGATGGGAACCTCCTTCCTGTTGCTGTAGGTAGTCACTCCTCACTAATGCACCATGCACTTCATGAGTTAAA
ERROR_Not on the same transcript	5104	5213	ERROR_Not on the same transcript	ENSMUST00000232395	AACTGTTGCACCATCGTCACAGACCCAGCCCAGGAGAAGATGGGAACCTCCTTCCTGTTGCTGTAGGTAGTCACTCCTCACTAATGCACCATGCACTTCATGAGTTAAA
1051	1002	1111	1620*	ENSMUST00000232395	AACTGTTGCACCATCGTCACAGACCCAGCCCAGGAGAAGATGGGAACCTCCTTCCTGTTGCTGTAGGTAGTCACTCCTCACTAATGCACCATGCACTTCATGAGTTAAA
ERROR_Not on the same transcript	5951	6060	ERROR_Not on the same transcript	ENSMUST00000232395	AACTGTTGCACCATCGTCACAGACCCAGCCCAGGAGAAGATGGGAACCTCCTTCCTGTTGCTGTAGGTAGTCACTCCTCACTAATGCACCATGCACTTCATGAGTTAAA
ERROR_Not on the same transcript	5260	5369	ERROR_Not on the same transcript	ENSMUST00000232395	AACTGTTGCACCATCGTCACAGACCCAGCCCAGGAGAAGATGGGAACCTCCTTCCTGTTGCTGTAGGTAGTCACTCCTCACTAATGCACCATGCACTTCATGAGTTAAA
ERROR_Not on the same transcript	5104	5213	ERROR_Not on the same transcript	ENSMUST00000232395	AACTGTTGCACCATCGTCACAGACCCAGCCCAGGAGAAGATGGGAACCTCCTTCCTGTTGCTGTAGGTAGTCACTCCTCACTAATGCACCATGCACTTCATGAGTTAAA
1051	1002	1111	1620*	ENSMUST00000232395	AACTGTTGCACCATCGTCACAGACCCAGCCCAGGAGAAGATGGGAACCTCCTTCCTGTTGCTGTAGGTAGTCACTCCTCACTAATGCACCATGCACTTCATGAGTTAAA
ERROR_Not on the same transcript	5951	6060	ERROR_Not on the same transcript	ENSMUST00000232395	AACTGTTGCACCATCGTCACAGACCCAGCCCAGGAGAAGATGGGAACCTCCTTCCTGTTGCTGTAGGTAGTCACTCCTCACTAATGCACCATGCACTTCATGAGTTAAA
ERROR_Not on the same transcript	5260	5369	ERROR_Not on the same transcript	ENSMUST00000232395	AACTGTTGCACCATCGTCACAGACCCAGCCCAGGAGAAGATGGGAACCTCCTTCCTGTTGCTGTAGGTAGTCACTCCTCACTAATGCACCATGCACTTCATGAGTTAAA
ERROR_Not on the same transcript	5104	5213	ERROR_Not on the same transcript	ENSMUST00000232395	AACTGTTGCACCATCGTCACAGACCCAGCCCAGGAGAAGATGGGAACCTCCTTCCTGTTGCTGTAGGTAGTCACTCCTCACTAATGCACCATGCACTTCATGAGTTAAA
1051	1002	1111	1620*	ENSMUST00000232395	AACTGTTGCACCATCGTCACAGACCCAGCCCAGGAGAAGATGGGAACCTCCTTCCTGTTGCTGTAGGTAGTCACTCCTCACTAATGCACCATGCACTTCATGAGTTAAA
2678	2631	2742	5764*	ENSMUST00000107976	ATTAAAGCATGCTAAATTCAGGGGCTCTTGCTCGCTCTCCCGATGAGTCATCTTTCTCTCTCTCTGTGGCTGTGGGCTGCTGAACCGCACAGAGATAATTCATCTCTGGGC
6365*	5947	6060	6476*	ENSMUST00000101018	CTTAGTTCCTCTGTCACTTTAGCCTTCAACCCGGCATTGGTACTGTACATGCCTGGCTTCTGAAGGTATCTCTGTACATTGTTCTCAGGCGGTCTTGTGGATGTCTTTCAGGA
4478	21674*	21788*	48676*	ENSMUST00000113144	TATCCAGACCTGAACATGATTGAGACATACGTGTGTCAGATTTGCGAGGACACCTTTGACTATGACTTGGATTCCCCTGATCAGTTGTCCGGATTGACAATGATTACACACCTC
4753*	2380	2504	32533*	ENSMUST00000030691	AAAATAACCAGAGACTCTAAGGATCACACAGTTTCAGGTAATGGGCTAGGAATTAGAATTGTTGGTGGTAAAGAAATTCCTGGACATAGTGGAGAAATTGGAGCCTATATTGCTAAGATTCTTC
4073	4026	4151	7173*	ENSMUST00000107976	CTGGCAGCAGGCTCTGGTAGTCCACGTCTCCTTCCAACCAGCAGAGTAAAGGCACAGACACAGTTGTGCACCGCATATGTATTCAGAGAGACACAAGTATGTAGAGTCATTCATGGCCCAGAGCG
4257*	3839	3964	4380*	ENSMUST00000101018	ATACCAGAGGCCAGCCTGAACTTCCAGAAAGTGCCGCCTGGCTCTATGAACTCTCACAACTTGGACCAGAACATGAATGACAGCCGAGACGATGCTCTGACCAACAAGACGAGGCCTCGGAACCG
4732	4721	4846	6807*	ENSMUST00000182597	CAAATAAAGCTGTTGACAGCACTTTGAAAACAAGGATCCTGGCCTCTGAGCCTGACAATGCAGAAGGAATCCATAACTTTGCACCACTTGGTACCATCACTTCTAGTAGTCCTACTGCCCAGCCA
2875	2849	2974	6052*	ENSMUST00000182597	CAAATAAAGCTGTTGACAGCACTTTGAAAACAAGGATCCTGGCCTCTGAGCCTGACAATGCAGAAGGAATCCATAACTTTGCACCACTTGGTACCATCACTTCTAGTAGTCCTACTGCCCAGCCA
3865*	2591	2716	4913*	ENSMUST00000182597	CAAATAAAGCTGTTGACAGCACTTTGAAAACAAGGATCCTGGCCTCTGAGCCTGACAATGCAGAAGGAATCCATAACTTTGCACCACTTGGTACCATCACTTCTAGTAGTCCTACTGCCCAGCCA
-2603*	-4619	-4474	-4475*	ENSMUST00000182407	GCCCATGAATCTCTGATATTGACCTACTCTGAGCCTTCAGAGAGTGCTACGTCTGTCCCACCTTCTGACACACCTTCTCTCACATCATCTATTTCTTCAGTTTGTACCACAGATAGCTCCTCACCTGTCACTACCCTCGATAGCC
2366	2365	2515	13382*	ENSMUST00000238468	CAGTTGCAATTTTTTGCAAGGTTTTTCGACTCATAGTTCTTTGTCTGGGTACTTTTTCACCCTACAGAGAATTTCTGTATATATTATCGTTTCTGATTCTAGTGTTTTGAATTTTCGCTGGGTCTAAATATCTCTGTCTCAGTGTCAGTA
518	510	660	1872*	ENSMUST00000238468	CAGTTGCAATTTTTTGCAAGGTTTTTCGACTCATAGTTCTTTGTCTGGGTACTTTTTCACCCTACAGAGAATTTCTGTATATATTATCGTTTCTGATTCTAGTGTTTTGAATTTTCGCTGGGTCTAAATATCTCTGTCTCAGTGTCAGTA
518	442	592	1872*	ENSMUST00000238468	CAGTTGCAATTTTTTGCAAGGTTTTTCGACTCATAGTTCTTTGTCTGGGTACTTTTTCACCCTACAGAGAATTTCTGTATATATTATCGTTTCTGATTCTAGTGTTTTGAATTTTCGCTGGGTCTAAATATCTCTGTCTCAGTGTCAGTA
352	272	426	6184*	ENSMUST00000035058	GATCTCATGGCATGCTCTGATGTGTTTTGTAGGAGGGGAAACACTTAAAATAAGCAAAGAAACCGAGCAGGATTGCATATATCGGATGGTTCTTGTCTGTGCTCTCTGTACGTTGCTTCTGCAGCTGTGATTTCTAAACCTCTGCTGGCACTCA
1273	1271	1425	2559*	ENSMUST00000007130	TAGTGTTATGTTCTAGTGAACCTGCTACAGCAATTTCTGATTTCTAAGAACCGAGTAATGGTGTAGAACACTAATTCATAATCACGCTAATTGTAATCTGGAGACGTGTAACATTGTGTAGCCTTTTGTATAAATAGACAGATAGAAATGGTCC
-629*	-628	-473	-489*	ENSMUST00000042035	CTTGCACTTCTTCTTCCTGTCCTCATTTTGCTGGGTGCTCACCGAGGCCTGGCAATCCTACATGGCCGTCACCGGCCGCCTCCGGAGCCGGCTCGTCCGCAAACGCTTTCTCTGCCTGGGCTGGGGGCTCCCTGCACTGGTGGTGGCCATTTCTG
-542	-544	-388	-389*	ENSMUST00000007130	CTTGTTCAAAACTGTCTTTGGACTCTCAGAAACCTTTCAGATGCAGCGACTAAGCAGGAAGGGATGGAAGGCCTCCTTGGGACTCTAGTGCAGCTTCTGGGTTCCGATGATATAAATGTGGTCACCTGTGCAGCTGGAATTCTCTCTAACCTCACT
2864	2835	2995	20953*	ENSMUST00000108909	GAAGTACTTCGTCTCCCCGACCCTATTCCGCGTCATCCGATTGGCCCGCATCGGGCGCATCTTGCGTCTGATCAAGGGCGCCAAAGGGATCCGCACCCTGCTCTTTGCCTTAATGATGTCGCTGCCCGCCCTGTTCAACATCGGCCTCCTGCTCTTCCTG
377	354	514	1337*	ENSMUST00000046257	CCAGGCCTGGACCAGCCTAGGGAAGCGTGCAGACCAGCGCAAGGCCAAATTGGGTGACTCCCATGATCTGCAGCGCTTCCTTAGCGATTTCCGGGACCTCATGTCTTGGATCAATGGAATACGAGGGTTGGTATCTTCAGATGAACTAGCCAAGGACGTC
ERROR_Not on the same transcript	3923	4093	ERROR_Not on the same transcript	ENSMUST00000232395	CATACCTTCCTTTTCAAGGATTTGGCATCACCCAGCGACCAGCGTACATTAACATGGTACCTAGCCTGTCGCAGTTCACTAGCATTTACACACCTTTGGCCAACATTTCTTCTGAGTATCCAATGCAAAGATCCATGCCAGTGGTGCCATCTTTTGTAGCCAGCAACAGA
ERROR_Not on the same transcript	3232	3402	ERROR_Not on the same transcript	ENSMUST00000232395	CATACCTTCCTTTTCAAGGATTTGGCATCACCCAGCGACCAGCGTACATTAACATGGTACCTAGCCTGTCGCAGTTCACTAGCATTTACACACCTTTGGCCAACATTTCTTCTGAGTATCCAATGCAAAGATCCATGCCAGTGGTGCCATCTTTTGTAGCCAGCAACAGA
ERROR_Not on the same transcript	3076	3246	ERROR_Not on the same transcript	ENSMUST00000232395	CATACCTTCCTTTTCAAGGATTTGGCATCACCCAGCGACCAGCGTACATTAACATGGTACCTAGCCTGTCGCAGTTCACTAGCATTTACACACCTTTGGCCAACATTTCTTCTGAGTATCCAATGCAAAGATCCATGCCAGTGGTGCCATCTTTTGTAGCCAGCAACAGA
-977	-1026	-856	-857*	ENSMUST00000232395	CATACCTTCCTTTTCAAGGATTTGGCATCACCCAGCGACCAGCGTACATTAACATGGTACCTAGCCTGTCGCAGTTCACTAGCATTTACACACCTTTGGCCAACATTTCTTCTGAGTATCCAATGCAAAGATCCATGCCAGTGGTGCCATCTTTTGTAGCCAGCAACAGA
ERROR_Not on the same transcript	3923	4093	ERROR_Not on the same transcript	ENSMUST00000232395	CATACCTTCCTTTTCAAGGATTTGGCATCACCCAGCGACCAGCGTACATTAACATGGTACCTAGCCTGTCGCAGTTCACTAGCATTTACACACCTTTGGCCAACATTTCTTCTGAGTATCCAATGCAAAGATCCATGCCAGTGGTGCCATCTTTTGTAGCCAGCAACAGA
ERROR_Not on the same transcript	3232	3402	ERROR_Not on the same transcript	ENSMUST00000232395	CATACCTTCCTTTTCAAGGATTTGGCATCACCCAGCGACCAGCGTACATTAACATGGTACCTAGCCTGTCGCAGTTCACTAGCATTTACACACCTTTGGCCAACATTTCTTCTGAGTATCCAATGCAAAGATCCATGCCAGTGGTGCCATCTTTTGTAGCCAGCAACAGA
ERROR_Not on the same transcript	3076	3246	ERROR_Not on the same transcript	ENSMUST00000232395	CATACCTTCCTTTTCAAGGATTTGGCATCACCCAGCGACCAGCGTACATTAACATGGTACCTAGCCTGTCGCAGTTCACTAGCATTTACACACCTTTGGCCAACATTTCTTCTGAGTATCCAATGCAAAGATCCATGCCAGTGGTGCCATCTTTTGTAGCCAGCAACAGA
-977	-1026	-856	-857*	ENSMUST00000232395	CATACCTTCCTTTTCAAGGATTTGGCATCACCCAGCGACCAGCGTACATTAACATGGTACCTAGCCTGTCGCAGTTCACTAGCATTTACACACCTTTGGCCAACATTTCTTCTGAGTATCCAATGCAAAGATCCATGCCAGTGGTGCCATCTTTTGTAGCCAGCAACAGA
ERROR_Not on the same transcript	3923	4093	ERROR_Not on the same transcript	ENSMUST00000232395	CATACCTTCCTTTTCAAGGATTTGGCATCACCCAGCGACCAGCGTACATTAACATGGTACCTAGCCTGTCGCAGTTCACTAGCATTTACACACCTTTGGCCAACATTTCTTCTGAGTATCCAATGCAAAGATCCATGCCAGTGGTGCCATCTTTTGTAGCCAGCAACAGA
ERROR_Not on the same transcript	3232	3402	ERROR_Not on the same transcript	ENSMUST00000232395	CATACCTTCCTTTTCAAGGATTTGGCATCACCCAGCGACCAGCGTACATTAACATGGTACCTAGCCTGTCGCAGTTCACTAGCATTTACACACCTTTGGCCAACATTTCTTCTGAGTATCCAATGCAAAGATCCATGCCAGTGGTGCCATCTTTTGTAGCCAGCAACAGA
ERROR_Not on the same transcript	3076	3246	ERROR_Not on the same transcript	ENSMUST00000232395	CATACCTTCCTTTTCAAGGATTTGGCATCACCCAGCGACCAGCGTACATTAACATGGTACCTAGCCTGTCGCAGTTCACTAGCATTTACACACCTTTGGCCAACATTTCTTCTGAGTATCCAATGCAAAGATCCATGCCAGTGGTGCCATCTTTTGTAGCCAGCAACAGA
-977	-1026	-856	-857*	ENSMUST00000232395	CATACCTTCCTTTTCAAGGATTTGGCATCACCCAGCGACCAGCGTACATTAACATGGTACCTAGCCTGTCGCAGTTCACTAGCATTTACACACCTTTGGCCAACATTTCTTCTGAGTATCCAATGCAAAGATCCATGCCAGTGGTGCCATCTTTTGTAGCCAGCAACAGA
1329	1273	1444	1523*	ENSMUST00000102919	CAGCGGGTGCAACCCTGTCATCTACTGGCTGGCCAACTACGTGTGGGACATGCTCAATTACCTGGTCCCAGCCACCTGCTGCGTGATCATCCTCTTTGTCTTTGACTTACCTGCCTACACATCACCCACCAACTTCCCCGCGGTGCTCTCCTTGTTCCTGCTCTATGGGTG
3717	3694	3885	4708*	ENSMUST00000129241	AGTGAAGAGATCGAGAGTGCTTTCCGGGCCCTCAGCTCTGAGGGCAAGCCTTATGTGACCAAGGAGGAGCTCTACCAGAACCTGACCCGGGAACAAGCTGACTATTGTGTCTCCCACATGAAGCCCTATGTGGATGGCAAGGGCCGAGAACTTCCAACTGCCTTCGACTACGTCGAGTTCACCCGCTCACT
2457	155	349	4126*	ENSMUST00000087871	AACCTGAAGGAGGCCATTGAAACCATTGTGGCCGCCATGAGCAACCTGGTGCCCCCTGTGGAGCTGGCCAACCCTGAGAACCAGTTCAGAGTGGACTACATTCTGAGCGTGATGAACGTGCCGAACTTTGACTTCCCACCTGAATTCTATGAGCATGCCAAGGCTCTGTGGGAGGATGAGGGAGTGCGTGCCTG
2286	2285	2490	13357*	ENSMUST00000238468	CTACCATGGAGTGACACTGGATATAGAAACTACCGTTAACAGCAGACTCCATGGCTCAGACTTCCAATACAATATGAACTCAGTTGCAATTTTTTGCAAGGTTTTTCGACTCATAGTTCTTTGTCTGGGTACTTTTTCACCCTACAGAGAATTTCTGTATATATTATCGTTTCTGATTCTAGTGTTTTGAATTTTCGCTGGGTCT
438	430	635	1847*	ENSMUST00000238468	CTACCATGGAGTGACACTGGATATAGAAACTACCGTTAACAGCAGACTCCATGGCTCAGACTTCCAATACAATATGAACTCAGTTGCAATTTTTTGCAAGGTTTTTCGACTCATAGTTCTTTGTCTGGGTACTTTTTCACCCTACAGAGAATTTCTGTATATATTATCGTTTCTGATTCTAGTGTTTTGAATTTTCGCTGGGTCT
438	362	567	1847*	ENSMUST00000238468	CTACCATGGAGTGACACTGGATATAGAAACTACCGTTAACAGCAGACTCCATGGCTCAGACTTCCAATACAATATGAACTCAGTTGCAATTTTTTGCAAGGTTTTTCGACTCATAGTTCTTTGTCTGGGTACTTTTTCACCCTACAGAGAATTTCTGTATATATTATCGTTTCTGATTCTAGTGTTTTGAATTTTCGCTGGGTCT
11146*	2736	2985	11374*	ENSMUST00000113462	AGGTGTCCGGCCTCTACTACAATGGGCTCAAGGTACTGGCGCTGGCCGCCGAGAGCGACCCCAATGTGCGGACCGAAGGCCACCTACGGCTAGTAGGGGAGGGGCCGTCCGTGCTGCTCAGTGCTGAGACCACTGCCACCACTCTGCTGGCCGACATGGCCACCACCATCATGGAGACCACCACCACCATGGCCACCACCACTACTCGCCGGGGCCGTTCCCCCACAATGAGGGACAGCACCACCCAGA
11146*	2736	2985	11374*	ENSMUST00000113462	AGGTGTCCGGCCTCTACTACAATGGGCTCAAGGTACTGGCGCTGGCCGCCGAGAGCGACCCCAATGTGCGGACCGAAGGCCACCTACGGCTAGTAGGGGAGGGGCCGTCCGTGCTGCTCAGTGCTGAGACCACTGCCACCACTCTGCTGGCCGACATGGCCACCACCATCATGGAGACCACCACCACCATGGCCACCACCACTACTCGCCGGGGCCGTTCCCCCACAATGAGGGACAGCACCACCCAGA
