Gene	Motif	Coordinates_start	Coordinates_end
Msh2	GATTTGGGTTAGCATGGGC	88026781	88026800
Dlc1	CTAACTTACCCAGGGGGGCCTGTGCTCTCTTACTCACCTCTGT	37416621	37416664
Mmp7	GGCGGAGATGCTCACTTTG	7696122	7696141
Jakmip1	CCTCCACGGCCAGAGGAGG	37204841	37204860
Ndfip2	TAAATGTCATTTTACATTT	105538776	105538795
Zfp672	CCTAAATGACTATAGTCTT	58214512	58214531
Azin1	GAAGAGGTTAATCATGTTA	Pattern not found	Pattern not found
Abhd10	TCTGAAGCATAATAAAGTT	45561866	45561885
Slc25a24	GAAGTCTTATTGGCTGGAT	109070740	109070759
Thoc1	TGGGAGATGTCTTAGACTG	9962406	9962425
Slc30a10	CCCCGCCAACCTGTTGCGG	185187223	185187242
Nxph2	AGTCCATACTCATAGGGAA	23220339	23220358
Cdc73	AAGGTCGTGCCCCTGAACAACGGCCAGCTCCAAATGCAGCCCCCGTGGATCCTACATTGCGTACAAAACAGCCTATTCCAGCTGCTT	Pattern not found	Pattern not found
BC039771	CAAAGCCACCAGTATCCGG	Gene not found	Gene not found
Flrt3	GAACGCAGTGAATACTTGGTCACCGCCCTAGAACCTGAATCACCCTATAGAGTATGCATGGTTCCCATGGAAACCAGTAAC	140503974	140504055
Avpr1b	AGCCTTAACCTCAGCCTCC	131537382	131537401
Fam178a	TCGTCTGGTGTAGGGAAAAAC	Gene not found	Gene not found
Nup210l	CTTAGACTAATAAAATGCC	90079605	90079624
Ncan	CTCTGTCAACTGAGCTCCAAGCACTCTGTCAACTGAGCTCCAAGCACTCTTATCTGTGCTTCGAACGCTACCAACTTAGTTCGATT	70572875	70572961
Ift140	TTAGGCTTCTCTTTAACAG	25279236	25279255
Bcl7a	GACATGCACGATGATAACA	Pattern not found	Pattern not found
Otol1	TTTAACTATTTTGGCTATG	69925856	69925875
Rapgef6	GATTTTCACGTACACCAGA	54528187	54528206
Twist1	AAGCTGCAGCTATGTGGCC	34008507	34008526
Dsp	CCATGAGCAAACTGAAGGT	38376823	38376842
Dclre1c	CTGGTTGGATTTTAATTTGTT	Pattern not found	Pattern not found
AY512915	CATCTTATTGTTATCGTTC	95273019	95273038
Matn3	CTTGAATGATGACAAGAAG	9013570	9013589
Cdc23	CAGACCTGCGGCTGGATTG	Pattern not found	Pattern not found
LOC108169134	GATTTCAAGCTCTATCTTA	Gene not found	Gene not found
Baiap2l1	AAAAAGCGGTGAATGCTAT	Pattern not found	Pattern not found
Sacs	AGGGCTCGCTCCTCCTCCG	61410486	61410505
Zim3	TCCAATTGCTACGCTTTTC	Pattern not found	Pattern not found
Jak2	TGCATAACAATTAGAAGGTAGG	29270565	29270587
Fam26e	AGCCTCGAAGAGCAATGTC	Gene not found	Gene not found
Glp2r	TTGTGCAAACACTTCCTCT	67552381	67552400
Tfe3	AGTCGTGGCTTAGGGCGGG	7628809	7628828
Fgf14	ATTATCATATATCCCAGTG	Pattern not found	Pattern not found
Mreg	AAGATTTGTGGGATTTATC	72251039	72251058
Gad2	ATGTCCAAGGGCACATGGC	22544968	22544987
Slc16a11	GGCCTGGTTCCCGCGCCCA	70105191	70105210
Aim2	TTAGCATAAGAATAGAGAG	173217568	173217587
Zfp248	GAGTTTTTCTTAGCTACCT	118432336	118432355
Tet2	AACACTAGCTAGGCAATGGGATACTGAGCTAACAGTGGAGGCTTAGAGCATTGTAGACCACCATTTTTCTTTTTTTTTTTTTTT	133249547	133249631
Mrc1	GCGTGGATTCCTTTCTATG	14330098	14330117
Prickle3	TTGAATCTGTCTGGGCGCGCCAT	7523677	7523700
Prdm10	ACACACAATAAGCAGTGGT	31222140	31222159
Wdr43	TACTAAGGGGTTTCTTGTC	71965338	71965357
Nek10	TGTGAAATTCTGTCTGAACATT	7663999	7664021
Zswim2	TCAATGCAGGGGATATCTG	83761517	83761536
