prot_start_RiStart	prot_start_RiEnd	prot_end_RiStart	prot_end_RiEnd	transcript_ID	prot_seq
-11	-1162	8	-1144	ENSMUST00000118557	GCGTTCATTCAGATACTAT
10365	2496	10384	2515	ENSMUST00000004326	CTTGAGAGCAAGAACCACC
7771	1927	7790	1946	ENSMUST00000004326	CTTGAGAGCAAGAACCACC
6317	1641	6336	1660	ENSMUST00000004326	CTTGAGAGCAAGAACCACC
5199	1754	5218	1773	ENSMUST00000199754	TCCTCAGATTGTACATGTA
-1567	-2633	-1548	-2614	ENSMUST00000147250	CTTACCTGGTCCCGATGCA
12148	644	12167	663	ENSMUST00000121111	CAGGGGGCAGCGCTGCGCC
6889	1280	6909	1300	ENSMUST00000179769	GTCCAAGCCTAGGTCCTCAG
-1115	-6749	-1095	-6729	ENSMUST00000121416	CCTTTGGGCTCTGAGTCACT
-237	-5792	-217	-5772	ENSMUST00000065111	TGGCTTGAGTCTTCGTAAAG
-237	-5792	-217	-5772	ENSMUST00000065111	TGGCTTGAGTCTTCGTAAAG
3669	873	3689	893	ENSMUST00000092937	CTCTGGCTTCAGGTAGTCCC
-566	-713	-547	-694	ENSMUST00000106354	TGGTGGTTGGGCAGAGCGGC
343	-157	363	-137	ENSMUST00000077609	GGCAGGGGCGGTGGAGGTGG
-106	-333	-86	-313	ENSMUST00000100167	GTCAGTGTCATCCGTGCTTT
4361	2290	4381	2310	ENSMUST00000032359	ATAAAGGGACCTACGCGTGG
34672	2904	35231	2923	ENSMUST00000182061	TCTCGGCAGAGTCATTCCCG
-8	-54	279	-35	ENSMUST00000182061	TCTCGGCAGAGTCATTCCCG
34738	4165	34758	4185	ENSMUST00000027040	TCTTTAACATGTTCTTTATA
3494	-1537	3515	-1516	ENSMUST00000090973	GCCCCAAGCTGAGGGGATCCA
3495	-1536	3516	-1515	ENSMUST00000090973	CCCCAAGCTGAGGGGATCCAG
4351	1100	4372	1121	ENSMUST00000166411	ATCTCTCAGGCTGACTTTATA
5874	990	5895	1011	ENSMUST00000035216	AGTTAGGGCGAATGGAGGTGT
2810	246	2831	267	ENSMUST00000035216	AGTTAGGGCGAATGGAGGTGT
-466	-677	-445	-656	ENSMUST00000035216	AGTTAGGGCGAATGGAGGTGT
-986	-1269	-965	-1248	ENSMUST00000035216	AGTTAGGGCGAATGGAGGTGT
-986	-1269	-965	-1248	ENSMUST00000035216	AGTTAGGGCGAATGGAGGTGT
12007	1406	12028	1427	ENSMUST00000113712	TCCCTTTGGAATTTTTAAATG
7279	1331	7300	1352	ENSMUST00000113712	TCCCTTTGGAATTTTTAAATG
1164	8	1186	30	ENSMUST00000025170	TTCGAAGCCTAAAACTCAAAGC
11681	1239	11703	1261	ENSMUST00000022458	CCTTTCAGTTCCTCTGTCCATC
1859	-355	1881	-333	ENSMUST00000022458	CCTTTCAGTTCCTCTGTCCATC
1859	-355	1881	-333	ENSMUST00000022458	CCTTTCAGTTCCTCTGTCCATC
-355	-679	-333	-657	ENSMUST00000022458	CCTTTCAGTTCCTCTGTCCATC
11681	1239	11703	1261	ENSMUST00000022458	CCTTTCAGTTCCTCTGTCCATC
1859	-355	1881	-333	ENSMUST00000022458	CCTTTCAGTTCCTCTGTCCATC
1859	-355	1881	-333	ENSMUST00000022458	CCTTTCAGTTCCTCTGTCCATC
-355	-679	-333	-657	ENSMUST00000022458	CCTTTCAGTTCCTCTGTCCATC
13402	592	13424	614	ENSMUST00000171265	AAGTTTTGAACTGAAATTTGTA
13402	592	13424	614	ENSMUST00000171265	AAGTTTTGAACTGAAATTTGTA
12159	750	12181	772	ENSMUST00000074792	CGGGCCTAGCTCAGTAGGTAGA
-942	-1119	-920	-1097	ENSMUST00000020756	ATATCCCTTGGAATGGACCTGT
-942	-1119	-920	-1097	ENSMUST00000020756	ATATCCCTTGGAATGGACCTGT
4156	1537	4178	1559	ENSMUST00000019512	TGTGGATTGGCTCTGAGGAGCG
3790	1398	3812	1420	ENSMUST00000019512	TGTGGATTGGCTCTGAGGAGCG
-944	-1121	-922	-1099	ENSMUST00000020756	AGATATCCCTTGGAATGGACCT
8381	552	8403	574	ENSMUST00000080461	CTACTGGAGGCAGCAGTGGCGA
9594	1440	9616	1462	ENSMUST00000076467	CTTCCAGGAGTCAGGATGGACT
-303	-556	-281	-534	ENSMUST00000045026	TTGGAAGAGAACCTGTTGAACT
-556	-761	-534	-739	ENSMUST00000045026	TTGGAAGAGAACCTGTTGAACT
-1924	-2126	-1902	-2104	ENSMUST00000036865	AAGCTTAGGGCAGCAGGCAGAC
8087	790	10564	811	ENSMUST00000020365	GGGTGACAAACCAGAGGAAGAT
-123	-329	-102	-308	ENSMUST00000020365	GGGTGACAAACCAGAGGAAGAT
-123	-329	-102	-308	ENSMUST00000020365	GGGTGACAAACCAGAGGAAGAT
-193	-329	-172	-308	ENSMUST00000020365	GGGTGACAAACCAGAGGAAGAT
-288	-463	-265	-440	ENSMUST00000071442	GAGCCCGGGCTCCCCTCTACTCA
8379	550	8402	573	ENSMUST00000173727	CACTACTGGAGGCAGCAGTGGCG
2661	246	2684	269	ENSMUST00000124470	CAGGCCTACCCCCCTGCCTTCCA
14843	1792	14866	1815	ENSMUST00000087228	TACTTCCAGGGTCTTCAACTATG
4668	366	4691	389	ENSMUST00000087228	TACTTCCAGGGTCTTCAACTATG
-885	-1110	-863	-1088	ENSMUST00000027512	TGGGGAGTTAGCTCAGTTGGTGA
6626	5374	6649	5397	ENSMUST00000099934	TGCTCAGGATGCACGCGGGCGGC
-1875	-2220	-1852	-2197	ENSMUST00000099934	TGCTCAGGATGCACGCGGGCGGC
1282	188	1305	211	ENSMUST00000017799	CTGAACCCTGGAACTGCTTTGGA
1352	300	1376	324	ENSMUST00000017981	GTGCATAAGCAAGCTGTTCTTCCC
236	-187	260	-163	ENSMUST00000098048	GATTTGAGGCGTGGCTTGGTCATG
3327	1800	3351	1824	ENSMUST00000115032	CCCTGGGGTGTACAGCACTGGATG
4322	1703	4346	1727	ENSMUST00000115032	CCCTGGGGTGTACAGCACTGGATG
9183	713	9207	737	ENSMUST00000006112	CAGGTCCGGGCTCGCACAGTAGCG
-235	-604	-211	-580	ENSMUST00000006112	CAGGTCCGGGCTCGCACAGTAGCG
-968	-1316	-944	-1292	ENSMUST00000006112	CAGGTCCGGGCTCGCACAGTAGCG
1917	-237	1941	-213	ENSMUST00000110186	GGCCCCGAGTGCAACAGCCTGCAG
1917	-237	1941	-213	ENSMUST00000110186	GGCCCCGAGTGCAACAGCCTGCAG
1917	-237	1941	-213	ENSMUST00000110186	GGCCCCGAGTGCAACAGCCTGCAG
1283	-237	1307	-213	ENSMUST00000110186	GGCCCCGAGTGCAACAGCCTGCAG
19632	2923	19656	2947	ENSMUST00000042125	ACTGACTGAGTGAACTGTGCATTC
827	-551	851	-527	ENSMUST00000028341	CCTTGGGCTGCTCCTGGATGCGTT
464	-590	489	-565	ENSMUST00000028911	TAAGCTGAAGAGTTTGAGAATGGGC
-1414	-2977	-1389	-2952	ENSMUST00000034703	CCTCACTATCGGCGACGCGAACGGC
-1491	-2977	-1466	-2952	ENSMUST00000034703	CCTCACTATCGGCGACGCGAACGGC
-109	-272	-85	-248	ENSMUST00000027252	TCCAAGCTCAGGGTGTTGAAGTGCC
-1953	-2252	-1929	-2228	ENSMUST00000027252	TCCAAGCTCAGGGTGTTGAAGTGCC
-2543	-2718	-2518	-2693	ENSMUST00000039627	CCTTTTGTAACCTGAGACCTGGCAC
5239	-105	5265	-79	ENSMUST00000029382	TCCTCATCTGGACGGGAAACATGTGG
-236	-5791	-210	-5765	ENSMUST00000065111	GGCTTGAGTCTTCGTAAAGTAAACAG
-236	-5791	-210	-5765	ENSMUST00000065111	GGCTTGAGTCTTCGTAAAGTAAACAG
9958	-2177	9985	-2150	ENSMUST00000030691	AGGGCCATATGGTTACAGAGGGATTGG
-104	-152	-77	-125	ENSMUST00000130698	TAGTATTTCTAGCCTATTCTTGTCAGT
-104	-208	-77	-181	ENSMUST00000130698	TAGTATTTCTAGCCTATTCTTGTCAGT
-104	-208	-77	-181	ENSMUST00000130698	TAGTATTTCTAGCCTATTCTTGTCAGT
-545	-891	-518	-864	ENSMUST00000130698	TAGTATTTCTAGCCTATTCTTGTCAGT
-923	-1179	-896	-1152	ENSMUST00000075695	GAATTGGATATGGACAAAGACCTCAGT
-923	-1179	-896	-1152	ENSMUST00000075695	GAATTGGATATGGACAAAGACCTCAGT
6742	313	6770	341	ENSMUST00000028852	CATCTGGCGGATAAGAAGGGTCTCCACG
-1185	-1442	-1156	-1413	ENSMUST00000026671	TTCACATCCTGCCTCACCACTCCCATCAA
-2667	-2880	-2638	-2851	ENSMUST00000026671	TTCACATCCTGCCTCACCACTCCCATCAA
6740	311	6769	340	ENSMUST00000028852	AACATCTGGCGGATAAGAAGGGTCTCCAC
20167	1848	20196	1877	ENSMUST00000191471	CTTTTCTTTACTCTGTCCTCTCTTCTATC
1506	497	1535	526	ENSMUST00000131717	CCGGGCCCAGTCGGTGCTGTACCAGAGTG
-2185	-2863	-2155	-2833	ENSMUST00000092433	CTGGAAGCCTCGGGAAAGTACTCCCCAACC
-371	-443	-341	-413	ENSMUST00000199300	TCGCGTGTCGCCCGTCGCACTGTCCAGACC
26625	978	26656	1009	ENSMUST00000111438	TTGACTTTGCCGGGCTTGCTCGAGGCTTTGC
8187	605	8219	637	ENSMUST00000020756	CTAAATGATAGAAGCAGCATTGTAATGGGAGA
8187	605	8219	637	ENSMUST00000020756	CTAAATGATAGAAGCAGCATTGTAATGGGAGA
-2926	-3703	-2894	-3671	ENSMUST00000035645	TAAGTCCTCCACCAGGCCCCTGCCCAGACCCA
27573	26657	27607	26691	ENSMUST00000035813	GGTGCTGGGTGCTGGGTGCTGGGTGCTGGGTGCT
27573	26657	27607	26691	ENSMUST00000035813	GGTGCTGGGTGCTGGGTGCTGGGTGCTGGGTGCT
-2161	-2382	-2127	-2348	ENSMUST00000124973	CGGGAGTTGCAAGAACTGCAGGATAGCCTGAATG
-2834	-3085	-2800	-3051	ENSMUST00000124973	CGGGAGTTGCAAGAACTGCAGGATAGCCTGAATG
-3085	-3298	-3051	-3264	ENSMUST00000124973	CGGGAGTTGCAAGAACTGCAGGATAGCCTGAATG
83528	3456	84066	3490	ENSMUST00000111338	CCTAAGATCCGGGCTGTTTCTCCACATTTTGATGA
13225	-1641	13261	-1605	ENSMUST00000030691	TATTGACATCAATGCCAGCCTGCAAACTATTACTAT
-70	-413	-34	-377	ENSMUST00000111216	ATGGGCTCTTCGGCAGCAAAACCAACTTCAACTCCC
-70	-413	-34	-377	ENSMUST00000111216	ATGGGCTCTTCGGCAGCAAAACCAACTTCAACTCCC
-413	-1099	-377	-1063	ENSMUST00000111216	ATGGGCTCTTCGGCAGCAAAACCAACTTCAACTCCC
5746	498	6800	535	ENSMUST00000022458	GTCATCATGGAGCGAATCGGTCTTGCTACTGCAGGGGA
-488	-1096	-451	-1059	ENSMUST00000022458	GTCATCATGGAGCGAATCGGTCTTGCTACTGCAGGGGA
-488	-1096	-451	-1059	ENSMUST00000022458	GTCATCATGGAGCGAATCGGTCTTGCTACTGCAGGGGA
-1096	-1420	-1059	-1383	ENSMUST00000022458	GTCATCATGGAGCGAATCGGTCTTGCTACTGCAGGGGA
5746	498	6800	535	ENSMUST00000022458	GTCATCATGGAGCGAATCGGTCTTGCTACTGCAGGGGA
-488	-1096	-451	-1059	ENSMUST00000022458	GTCATCATGGAGCGAATCGGTCTTGCTACTGCAGGGGA
-488	-1096	-451	-1059	ENSMUST00000022458	GTCATCATGGAGCGAATCGGTCTTGCTACTGCAGGGGA
-1096	-1420	-1059	-1383	ENSMUST00000022458	GTCATCATGGAGCGAATCGGTCTTGCTACTGCAGGGGA
83194	1133	83232	1171	ENSMUST00000036288	CAAATAACCCACAGTCTCGGACCCACTCACCCCCACAG
319	-389	358	-350	ENSMUST00000007253	CCTGAACCTGGGCGCTGTGGTGAACGATGTAGACACAGG
13229	1460	13268	1499	ENSMUST00000239447	AAGCTTGAAAAGGAGGCAGTGGTCCCCAGGAATGTGGAT
3992	191	4032	231	ENSMUST00000003044	TGTTCAAGGGCAAGGTGGAAGCTGTATTGGAGAAGTTAGG
872	55	912	95	ENSMUST00000003044	TGTTCAAGGGCAAGGTGGAAGCTGTATTGGAGAAGTTAGG
41227	9518	41267	9558	ENSMUST00000187040	GCTTTCCCTTGCCCAGGCCTGACTCTGATAACCACTACTT
49896	1979	57146	2018	ENSMUST00000182597	GTATTTCAGGAGTTGAGTTATTGGTGGACCAGCCTTTCAC
-3614	-3872	-3575	-3833	ENSMUST00000182597	GTATTTCAGGAGTTGAGTTATTGGTGGACCAGCCTTTCAC
21955	467	21996	508	ENSMUST00000107153	AAATCCAGATGAAAGTGAAGAAGAGCCACCATCCAATGAGG
-2937	-3714	-2896	-3673	ENSMUST00000035645	ACACACCAAGATAAGTCCTCCACCAGGCCCCTGCCCAGACC
14773	579	14815	621	ENSMUST00000160597	GAAAACATGATTGGGCCAGACTGGAAAAAGAGGTGGATGTAC
1320	-1312	1362	-1270	ENSMUST00000068150	GACCATCCTGTCCCTGCCAGGGTGCATGCATTCGGGGGTATA
1563	50	1605	92	ENSMUST00000068387	GCTTGCGGACTGCAGTCTATCATGAAATTCTAATTGGATATT
-472	-918	-429	-875	ENSMUST00000084038	ACATCCTCTGTCACCTGAATATCACCATGCCCCCCTGCACCAA
-472	-918	-429	-875	ENSMUST00000084038	ACATCCTCTGTCACCTGAATATCACCATGCCCCCCTGCACCAA
5007	813	5051	857	ENSMUST00000027414	GTTTGAAGTGGAACTCCAAGCAGCTCGGACTCTGGAGCGGCTGG
38256	1270	38300	1314	ENSMUST00000182597	AAATAAATTAAACTCTGCACTATGTAATAGACGTAAAGGTGATC
-4323	-4581	-4279	-4537	ENSMUST00000182597	AAATAAATTAAACTCTGCACTATGTAATAGACGTAAAGGTGATC
34181	32785	34226	32830	ENSMUST00000055483	GTTTTAGATGCTCACTTCTGTGTTTTAGGATTCTGCCCATTTACT
-1135	-1214	-1090	-1169	ENSMUST00000109567	TGGTTCCTGGTCCACTCTGACCCTCAGTCATGCCCATGAGGTCTG
-1214	-1626	-1169	-1581	ENSMUST00000109567	TGGTTCCTGGTCCACTCTGACCCTCAGTCATGCCCATGAGGTCTG
4527	-63	4573	-17	ENSMUST00000040787	CTTTGCTTTCCCGAATTCTGCCTTCTGATGCCTGTAAAATATACAA
9043	937	9089	983	ENSMUST00000022458	GGCTGCCAGCCTTCCTAGACAATCACAATTATGCCAAATCCCCTAT
-49	-657	-3	-611	ENSMUST00000022458	GGCTGCCAGCCTTCCTAGACAATCACAATTATGCCAAATCCCCTAT
-49	-657	-3	-611	ENSMUST00000022458	GGCTGCCAGCCTTCCTAGACAATCACAATTATGCCAAATCCCCTAT
-657	-981	-611	-935	ENSMUST00000022458	GGCTGCCAGCCTTCCTAGACAATCACAATTATGCCAAATCCCCTAT
9043	937	9089	983	ENSMUST00000022458	GGCTGCCAGCCTTCCTAGACAATCACAATTATGCCAAATCCCCTAT
-49	-657	-3	-611	ENSMUST00000022458	GGCTGCCAGCCTTCCTAGACAATCACAATTATGCCAAATCCCCTAT
-49	-657	-3	-611	ENSMUST00000022458	GGCTGCCAGCCTTCCTAGACAATCACAATTATGCCAAATCCCCTAT
-657	-981	-611	-935	ENSMUST00000022458	GGCTGCCAGCCTTCCTAGACAATCACAATTATGCCAAATCCCCTAT
-3097	-3305	-3050	-3258	ENSMUST00000096250	TCATTTTCAGAGGACTCCTGTCACCAATCAATCTTCAAATTTGACTG
-114	-439	-66	-391	ENSMUST00000159050	CGAGATGAATGGCTCCCTCACCAGCCCAAGCGCCTATGCTGGCCTACA
-31	-205	154	-157	ENSMUST00000162372	AAATCTGTTCAAACACCAGATCCTTCTCACCCGTACGGCTTTTCAAATA
33484	3885	33538	3939	ENSMUST00000167487	ACATAAAGTTCGACAAAATCTATTCTAATGTGGCTTTTTATGGAGGGTGTAACT
4969	1567	5023	1621	ENSMUST00000167487	ACATAAAGTTCGACAAAATCTATTCTAATGTGGCTTTTTATGGAGGGTGTAACT
139007	136883	139064	136940	ENSMUST00000199300	AGCCTGCATCGCATACATTCGGCTCACACAGTACATGGACGGAAGCGGGATGCCAAA
2602	-996	2659	-939	ENSMUST00000112224	TATCAACTATCTAAAACCTAACTGCAAATTGACCACAGACCTCTGACCTTCTACTTT
-1281	-2872	-1223	-2814	ENSMUST00000054955	AACTGCCACCACATGTGCGCATCTGGGACTCTGTGACACTGAACACTCTGCATGTCAT
1539	333	1600	394	ENSMUST00000132846	ATCAAACCATTCCTTCTGTAGCTCAGGAGAGCGTCCCTACCCCATCTGCTCGCAATGTCCT
9200	2459	9261	2520	ENSMUST00000161431	AGACCCCACAGCCCCCTGTAGGACATCTCCCCCTAGCCATTTATACTTTGGATATTGTTTT
2217	203	2279	265	ENSMUST00000061837	AACAATAAGACAGCAGAGCGCCGGAGGCCCCTGGATGAATTCAACAATGGAGTTGTCATGAC
2217	203	2279	265	ENSMUST00000061837	AACAATAAGACAGCAGAGCGCCGGAGGCCCCTGGATGAATTCAACAATGGAGTTGTCATGAC
320	-3278	383	-3215	ENSMUST00000112223	GGTAAGCATCCTTTGAAAAATAATTTTCTTGAACTTAAACTCTGAGCAGTCAGTATCTCTCAA
-2707	-6188	-2642	-6123	ENSMUST00000112987	AGAAGTATCTATGTGAACTGTGCCTGGACGATGTGCTGTATGCCCGTACCACAAGCAAGCTCAAG
-2707	-5641	-2642	-5576	ENSMUST00000112987	AGAAGTATCTATGTGAACTGTGCCTGGACGATGTGCTGTATGCCCGTACCACAAGCAAGCTCAAG
12072	177	17170	244	ENSMUST00000160027	CAAAAATAATTTACATAGTACACGATGAAGTTAAGGATAAAGCTTTTGAACTGGAGCTCAGCTGGGTT
43839	3396	43907	3464	ENSMUST00000213013	TACCGGAGCTTGACCCTGAACGTCGTGAACCGGCTCACCTCCGTTACTCGCCTCTTCCCAAATTCCTT
4321	1125	4390	1194	ENSMUST00000093995	CAGCGGCAGGGCTCCCGGCTCTCTGCTGTCCCTCACCTCCTGTACATACTGCCTGGGAAGAGACACCAC
4321	929	4390	998	ENSMUST00000093995	CAGCGGCAGGGCTCCCGGCTCTCTGCTGTCCCTCACCTCCTGTACATACTGCCTGGGAAGAGACACCAC
4321	929	4390	998	ENSMUST00000093995	CAGCGGCAGGGCTCCCGGCTCTCTGCTGTCCCTCACCTCCTGTACATACTGCCTGGGAAGAGACACCAC
1839	-712	1910	-641	ENSMUST00000226059	AAACGCTACCTCTCTGTCCCTTGCTGTGTGCTGATCATCGCCAGAGGTGCTTCACTCTGACTTGTTGGTTT
9718	2977	9790	3049	ENSMUST00000161431	ATGGGCAAAGGCTGGTGTGAGGGTGGGGCCCAAGCTGCTGCGCCATCTGGTCTGTTTTTATTTAACTGTATT
31149	2377	31221	2449	ENSMUST00000041956	ACTCTAAAGTTTACGAAGCCTGCTTCTCTGAATATTCTCATATTTTAGATGAATTTCACCCATTTTCATACT
31149	2377	31221	2449	ENSMUST00000041956	ACTCTAAAGTTTACGAAGCCTGCTTCTCTGAATATTCTCATATTTTAGATGAATTTCACCCATTTTCATACT
164564	8557	164644	8637	ENSMUST00000182597	GCTCGTTCTGCTGCTTGGTCCTACATCTTTCTGCCTGAGGAAGCCTGGTGTGACCTTACCATCCACCTTCCGTCAGCAGT
49994	2706	50074	2786	ENSMUST00000182597	GCTCGTTCTGCTGCTTGGTCCTACATCTTTCTGCCTGAGGAAGCCTGGTGTGACCTTACCATCCACCTTCCGTCAGCAGT
1428	-1900	1508	-1820	ENSMUST00000044083	GAGCTGCTGCAGATACTGGATGCCATGGACATCTGCGCCCGAGACCTGAGTAGTGGGACTATGGTGGATATCCCTGCTCT
8321	1059	12814	1140	ENSMUST00000175903	TTTTACGGAGAAAACTTATCCATGAAGGCTGCCTGCTCTGGAAGACAGCCACAGGCCGCTTCAAAGATGTCCTGTTGCTGCT
6317	815	10810	896	ENSMUST00000175903	TTTTACGGAGAAAACTTATCCATGAAGGCTGCCTGCTCTGGAAGACAGCCACAGGCCGCTTCAAAGATGTCCTGTTGCTGCT
6317	815	10810	896	ENSMUST00000175903	TTTTACGGAGAAAACTTATCCATGAAGGCTGCCTGCTCTGGAAGACAGCCACAGGCCGCTTCAAAGATGTCCTGTTGCTGCT
-577	-757	-496	-676	ENSMUST00000175903	TTTTACGGAGAAAACTTATCCATGAAGGCTGCCTGCTCTGGAAGACAGCCACAGGCCGCTTCAAAGATGTCCTGTTGCTGCT
47955	46781	67641	66467	ENSMUST00000113735	AGGGCCCTGTTTGATTATGATCGGACTCGTGACAGCTGTCTACCAAGCCAGGGACTCAGTTTCTCTTATGGTGACATTCTGCACGTC
350	-176	2524	-90	ENSMUST00000031598	AGGAGGAGGAGGAGGAGATGGTTGAGACTGTAGAGGGTGTCTTCACAGAAGTCGTGGGCCAGAAACGGCCAAGGCCGGGACCCAGCC
-176	-393	-90	-307	ENSMUST00000031598	AGGAGGAGGAGGAGGAGATGGTTGAGACTGTAGAGGGTGTCTTCACAGAAGTCGTGGGCCAGAAACGGCCAAGGCCGGGACCCAGCC
5967	800	6054	887	ENSMUST00000107976	ACCTGAAGCCCCCAGGATAGGTGGGACAGAGAAGCTCAGTTCTGGGACGGTGGCATCCTCTCTCTCTCTCTCTCTTTCCTTTCTTTT
72315	1537	72414	1636	ENSMUST00000171289	TAATTAAAATTACTGTTCTCTGAATGACAGTGTGTAAGGAAATCTTTCAAGAATGCTGTCATTATTCTCTTTGAGCTTTTTGTTGGGATTTGGGGTTTT
-2065	-2289	-1964	-2188	ENSMUST00000045393	CTCTCAGTACCACCACCACAGCCCGGCCCACACCCCTCACCAGCACAGCCTCGCCTGCAGCCACCACTCCACTCCGCCGGGCACCCCTCACCACACACCCA
38107	1121	38210	1224	ENSMUST00000182597	TTGAGGCTACCAAAGTTTGCAGAGGAGGAGACTCTTTGTATAGACTCTATAACTCCTTGTGCTGATGGAATTCATTTGTTGGTAGGACTGCGGACATGCTCTG
-4472	-4730	-4369	-4627	ENSMUST00000182597	TTGAGGCTACCAAAGTTTGCAGAGGAGGAGACTCTTTGTATAGACTCTATAACTCCTTGTGCTGATGGAATTCATTTGTTGGTAGGACTGCGGACATGCTCTG
2313	-1285	2417	-1181	ENSMUST00000112227	GCAGAAGCTGGATTCTGACCCGAGCTCTGCAAAATGAGCTTCCCAGTTGATCACATCGGAACAAAATGGGACTGAGGATTTGGTGATCACTATTGTTTGGAAAT
7622	615	7727	720	ENSMUST00000112237	TCCACTTCTATGGTGTGTCCAACCTTCAGGAATTCCGTTATGGCCTAGAAGGTGGCTGTACCGACGACTCCCTTCTCTGAGCCTCCCCACCTGAGGGGTGGAGGA
-2744	-2968	-2635	-2859	ENSMUST00000045393	CACGGACACATTGACTGAATATGCCTCATGGGAGGACTATGTAGCCGCACGCCACACCACCACGTACAGACTGCCCAACCGTGTAGATGGCACTGGCTTTGTGGTCTAC
7973	2806	8084	2917	ENSMUST00000107976	ATTAAAGCATGCTAAATTCAGGGGCTCTTGCTCGCTCTCCCGATGAGTCATCTTTCTCTCTCTCTGTGGCTGTGGGCTGCTGAACCGCACAGAGATAATTCATCTCTGGGC
-839	-1123	-728	-1012	ENSMUST00000080036	CAAGAGGAACAGCACCCTGCCTTCATTTCTCACAGCTGTGCTGAAGAACATTGTTATCAGTCTGGCCCGACTCCCCCTAGTTAACAGCTATACTCGTGTGCCTCCTCTGGTA
96704	2371	151262	2494	ENSMUST00000030691	AAAATAACCAGAGACTCTAAGGATCACACAGTTTCAGGTAATGGGCTAGGAATTAGAATTGTTGGTGGTAAAGAAATTCCTGGACATAGTGGAGAAATTGGAGCCTATATTGCTAAGATTCTTC
9368	4201	9493	4326	ENSMUST00000107976	CTGGCAGCAGGCTCTGGTAGTCCACGTCTCCTTCCAACCAGCAGAGTAAAGGCACAGACACAGTTGTGCACCGCATATGTATTCAGAGAGACACAAGTATGTAGAGTCATTCATGGCCCAGAGCG
162983	8394	164525	8518	ENSMUST00000182597	CAAATAAAGCTGTTGACAGCACTTTGAAAACAAGGATCCTGGCCTCTGAGCCTGACAATGCAGAAGGAATCCATAACTTTGCACCACTTGGTACCATCACTTCTAGTAGTCCTACTGCCCAGCCA
48413	2543	49955	2667	ENSMUST00000182597	CAAATAAAGCTGTTGACAGCACTTTGAAAACAAGGATCCTGGCCTCTGAGCCTGACAATGCAGAAGGAATCCATAACTTTGCACCACTTGGTACCATCACTTCTAGTAGTCCTACTGCCCAGCCA
7511	-4624	7656	-4479	ENSMUST00000182407	GCCCATGAATCTCTGATATTGACCTACTCTGAGCCTTCAGAGAGTGCTACGTCTGTCCCACCTTCTGACACACCTTCTCTCACATCATCTATTTCTTCAGTTTGTACCACAGATAGCTCCTCACCTGTCACTACCCTCGATAGCC
-2119	-2343	-1972	-2196	ENSMUST00000045393	TATAGCCTGGAGTTTGGACCCCCAGATCCCAGTGCTGGCCCAGCCACTTCCCCGCCTCTCAGTACCACCACCACAGCCCGGCCCACACCCCTCACCAGCACAGCCTCGCCTGCAGCCACCACTCCACTCCGCCGGGCACCCCTCACCA
3871	1464	4019	1612	ENSMUST00000099557	GATACTTCCCTGCCTCCTTGACCTCCCTCCCTTCCCACCTTCCTGGCTGTTGTGAGACAGGGAATGCCAAGGAAGAACTCTAGTGTCTGGACCCGATCCAGATAATATTTTTAGACTCCTCTGTTCCCTGATGACCTGCATTAGGGCA
-2719	-2969	-2560	-2810	ENSMUST00000046257	CCAGGCCTGGACCAGCCTAGGGAAGCGTGCAGACCAGCGCAAGGCCAAATTGGGTGACTCCCATGATCTGCAGCGCTTCCTTAGCGATTTCCGGGACCTCATGTCTTGGATCAATGGAATACGAGGGTTGGTATCTTCAGATGAACTAGCCAAGGACGTC
-1138	-1333	-969	-1164	ENSMUST00000102919	CAGCGGGTGCAACCCTGTCATCTACTGGCTGGCCAACTACGTGTGGGACATGCTCAATTACCTGGTCCCAGCCACCTGCTGCGTGATCATCCTCTTTGTCTTTGACTTACCTGCCTACACATCACCCACCAACTTCCCCGCGGTGCTCTCCTTGTTCCTGCTCTATGGGTG
17991	687	9415	877	ENSMUST00000077609	AAGATGGACTCCAGGGGCGAGCACAGACAGGATCGCAGGGAGAGGCCATATTAGCCTGGCTCCTGAAGTTCTGGAACTCTTCCTGTACCCAGTGTTACCCTTGTTATTTTGTAAACTTACAATTCAGGATCGCTCATGGATATTTTTTTTTGGGGGGGGTGGGGCGGTTGTGTGTGTATGTGTGTGTGTGT
2329	269	1465	459	ENSMUST00000129241	AGTGAAGAGATCGAGAGTGCTTTCCGGGCCCTCAGCTCTGAGGGCAAGCCTTATGTGACCAAGGAGGAGCTCTACCAGAACCTGACCCGGGAACAAGCTGACTATTGTGTCTCCCACATGAAGCCCTATGTGGATGGCAAGGGCCGAGAACTTCCAACTGCCTTCGACTACGTCGAGTTCACCCGCTCACT
