prot_start_short_splice_start	prot_start_downstream_start	prot_end_short_splice_start	prot_end_downstream_start	prot_start_long_splice_start	prot_end_long_splice_start	transcript_ID	prot_seq
4015	1781	2523	2289	4009	2520	ENSMUST00000065308	GAAGAGGTTAATCATGTTA
-6074	-7474	-7822	-7456	-6356	-6338	ENSMUST00000065308	GAAGAGGTTAATCATGTTA
-10250	-6150	-10231	-6131	-4578	-4559	ENSMUST00000196398	AGTCTCTTGCTGAGAACAC
-10250	-6150	-10231	-6131	-4578	-4559	ENSMUST00000196398	AGTCTCTTGCTGAGAACAC
-52980	-70254	-58998	-70236	-58161	-58143	ENSMUST00000055833	CTGATCAGACTCCAACGCC
43247	41989	43266	42008	43241	43260	ENSMUST00000106535	TTGCGCGGAGGTTCCGTCT
-16427	-28381	-16408	-28362	-16560	-16541	ENSMUST00000050166	AAGCTAATAAGACAATAGA
-66826	-68950	-66788	-68912	-66880	-66842	ENSMUST00000121146	GGATCTGAAGGAAGAAAAT
-1973	-15598	-1954	-15579	-15153	-15134	ENSMUST00000107127	GCGCGGCGACTTCCCCACT
-1973	-15598	-1954	-15579	-15153	-15134	ENSMUST00000107127	GCGCGGCGACTTCCCCACT
5342	4840	5361	4859	5004	5023	ENSMUST00000103176	GGCCGGACATGGTGAATGG
2366	1824	2385	1843	2026	2045	ENSMUST00000102925	CACTCGCCTGGGCGTCACA
-30335	-30620	-30316	-30601	-30356	-30337	ENSMUST00000168645	AAGAGTTTTCCAAAACAGA
-26294	-13251	-26254	-13231	-26330	-26290	ENSMUST00000181535	AATACAGGTGCTATGCAACC
-26294	-26566	-26254	-26526	-26330	-26290	ENSMUST00000181535	AATACAGGTGCTATGCAACC
52671	49377	45973	42679	49667	42969	ENSMUST00000034529	GGTTTGATCTATTTTCGGAT
32149	24013	25451	17315	31693	24995	ENSMUST00000034529	GGTTTGATCTATTTTCGGAT
-3683	-10286	-3663	-10266	-8827	-8807	ENSMUST00000103140	GCTCAGTGCCATCTCGCTGA
-17866	-18851	-17826	-18831	-15944	-15924	ENSMUST00000103140	GCTCAGTGCCATCTCGCTGA
-3683	-10286	-3663	-10266	-8827	-8807	ENSMUST00000103140	GCTCAGTGCCATCTCGCTGA
-17866	-18851	-17826	-18831	-15944	-15924	ENSMUST00000103140	GCTCAGTGCCATCTCGCTGA
-38378	-20980	-38338	-20960	-19921	-19901	ENSMUST00000193703	TTAAACTTCTTTTAGTAGAG
-30	-18624	-10	-18604	-9746	-9726	ENSMUST00000076493	ATATCCAACTACGTGGCAGC
-30	-28589	-10	-28569	-9746	-9726	ENSMUST00000076493	ATATCCAACTACGTGGCAGC
-9637	-6190	-9597	-6170	-9640	-9600	ENSMUST00000040383	TGGCCTTTGACCAAGAGCGG
-17008	-9200	-16968	-9180	-8586	-8566	ENSMUST00000179243	CAGGATTCCAGGGAGGGGCC
-17626	-10318	-17586	-10298	-17630	-17590	ENSMUST00000111945	CCTTCAGGGTTATGTGCTTA
-20846	-14460	-20806	-14440	-21002	-20962	ENSMUST00000111945	CCTTCAGGGTTATGTGCTTA
-23857	-38997	-23817	-38977	-23860	-23820	ENSMUST00000199808	CTTTAGAGGCCTTGGAAGAG
-23857	-40211	-23817	-40191	-23860	-23820	ENSMUST00000199808	CTTTAGAGGCCTTGGAAGAG
3433	6344	3453	6364	3342	3362	ENSMUST00000064307	GGTGTGACCATCTGGGAGCT
-126472	-75330	-126432	-75310	-126474	-126434	ENSMUST00000112007	TTCTGCAGAGTCCCTATTGT
19387	19221	19407	19241	19335	19355	ENSMUST00000107152	ACCCAACTTAAAAGTACGTT
17779	15793	17799	15813	16251	16271	ENSMUST00000107152	ACCCAACTTAAAAGTACGTT
-25993	-25103	-25953	-25083	-25996	-25956	ENSMUST00000107152	ACCCAACTTAAAAGTACGTT
-25993	-25561	-25953	-25541	-25996	-25956	ENSMUST00000107152	ACCCAACTTAAAAGTACGTT
-25993	-25561	-25953	-25541	-25198	-25178	ENSMUST00000107152	ACCCAACTTAAAAGTACGTT
-25996	-25561	-25956	-25541	-25198	-25178	ENSMUST00000107152	ACCCAACTTAAAAGTACGTT
-25993	-28184	-25953	-28164	-25996	-25956	ENSMUST00000107152	ACCCAACTTAAAAGTACGTT
-25993	-31150	-25953	-31130	-25996	-25956	ENSMUST00000107152	ACCCAACTTAAAAGTACGTT
-19074	-11399	-22144	-11380	-19080	-22150	ENSMUST00000063577	CGACAGAGGAAAGGGCGAGA
-121611	-66603	-121571	-66583	-121686	-121646	ENSMUST00000109266	TATATCAGAAAAAAGAAATT
-19413	-31367	-19392	-31346	-19546	-19525	ENSMUST00000115388	AGGATGTGGTGTGGTTTCTTC
940	70	-574	-677	937	-577	ENSMUST00000054538	AGCCTGACTCTGGCTATCAGA
-18468	-11716	-18426	-11695	-11206	-11185	ENSMUST00000044152	AGCAGAAAACAGCCCATCTGA
-13041	-14007	-13020	-13986	-13060	-13039	ENSMUST00000021614	CCGCATTAAACAGTCAGCCAG
-10922	-11925	-10880	-11904	-10966	-10924	ENSMUST00000022765	TGATTTCTCATTGCTCTTCTG
-10922	-11925	-10880	-11904	-10966	-10924	ENSMUST00000022765	TGATTTCTCATTGCTCTTCTG
13824	8810	13845	8831	11464	11485	ENSMUST00000032179	AGGCCATTGAAGCCTTGCACC
-81004	-47576	-80962	-47555	-81136	-81094	ENSMUST00000032179	AGGCCATTGAAGCCTTGCACC
171461	163421	171482	163442	167403	167424	ENSMUST00000110570	GCGAACGTGTCTCCCGGTGAC
148971	140363	148992	140384	148965	148986	ENSMUST00000110570	GCGAACGTGTCTCCCGGTGAC
40055	18905	40076	18926	40017	40038	ENSMUST00000106321	TCGAGCTCTTTGCAGACGTGG
-19198	-9703	-19156	-9682	-19234	-19192	ENSMUST00000181535	AGCTGAGGGTGACACCAGATT
-19198	-19470	-19156	-19428	-19234	-19192	ENSMUST00000181535	AGCTGAGGGTGACACCAGATT
21133	19687	21154	19708	20813	20834	ENSMUST00000108515	GGTACGGACAGACATGGAGCT
5600	5002	5621	5023	5182	5203	ENSMUST00000019614	CCCAGAATCCGGACAAGGTAC
5600	7439	5621	7460	5182	5203	ENSMUST00000019614	CCCAGAATCCGGACAAGGTAC
-103	-7637	-82	-7616	-136	-115	ENSMUST00000019614	CCCAGAATCCGGACAAGGTAC
18497	16439	18518	16460	18357	18378	ENSMUST00000084125	TCAGACCCAGCTGTTTTCATT
18497	16439	18518	16460	18293	18314	ENSMUST00000084125	TCAGACCCAGCTGTTTTCATT
18497	16439	18518	16460	18117	18138	ENSMUST00000084125	TCAGACCCAGCTGTTTTCATT
18357	16439	18378	16460	18293	18314	ENSMUST00000084125	TCAGACCCAGCTGTTTTCATT
18357	16439	18378	16460	18117	18138	ENSMUST00000084125	TCAGACCCAGCTGTTTTCATT
18293	16439	18314	16460	18117	18138	ENSMUST00000084125	TCAGACCCAGCTGTTTTCATT
18497	16421	18518	16442	18357	18378	ENSMUST00000084125	TCAGACCCAGCTGTTTTCATT
18497	16421	18518	16442	18117	18138	ENSMUST00000084125	TCAGACCCAGCTGTTTTCATT
18357	16421	18378	16442	18117	18138	ENSMUST00000084125	TCAGACCCAGCTGTTTTCATT
18357	16293	18378	16314	18283	18304	ENSMUST00000084125	TCAGACCCAGCTGTTTTCATT
550968	550056	550989	550077	550822	550843	ENSMUST00000058902	GGCCGGGTGACCCCGGGGAGA
-51200	-34033	-51158	-34012	-52112	-52070	ENSMUST00000066498	TTTCAGTTCTGAACATATTAA
39517	38837	39538	38858	39379	39400	ENSMUST00000085758	GGCTTCGGTGTCAGTCAACTT
-8902	-4540	-8860	-4519	-8932	-8890	ENSMUST00000072020	TGACTGAGAACGGCAGGCTCA
-9446	-5405	-9404	-5384	-9458	-9416	ENSMUST00000046719	ATGACAGCAAGTAGCAAATGG
-9446	-5405	-9404	-5384	-9464	-9422	ENSMUST00000046719	ATGACAGCAAGTAGCAAATGG
-9458	-5405	-9416	-5384	-9464	-9422	ENSMUST00000046719	ATGACAGCAAGTAGCAAATGG
-22585	-12663	-22543	-12642	-22588	-22546	ENSMUST00000046719	ATGACAGCAAGTAGCAAATGG
-204037	-105997	-203995	-105976	-204040	-203998	ENSMUST00000112334	TGTGTATAGCTCAGTGGTAGA
-280670	-142465	-280628	-142444	-140338	-140317	ENSMUST00000112334	TGTGTATAGCTCAGTGGTAGA
-4786	-3317	-4742	-3295	-4850	-4806	ENSMUST00000103213	AGAAGATGACTCCACAGCTTAT
2234	-5284	2256	-5262	5990	6012	ENSMUST00000106364	GAGGACTGGAGTCCCAGCACGA
-4796	-13914	-4752	-13892	-2626	-2604	ENSMUST00000090849	TTTTAACTTAACAGTTTGATCT
-9043	-4823	-8999	-4801	-9102	-9058	ENSMUST00000086521	TGTAAGGAGACCGCAGGTGACT
10016	9268	10038	9290	9954	9976	ENSMUST00000032748	GGCCAAGGCCGCGACAATGCCC
-11243	-15541	-11199	-15519	-11248	-11204	ENSMUST00000032748	GGCCAAGGCCGCGACAATGCCC
1908	6927	1930	6949	1792	1814	ENSMUST00000101085	AGTGAGCGAGCCCGGGGGAACA
1908	6909	1930	6931	1792	1814	ENSMUST00000101085	AGTGAGCGAGCCCGGGGGAACA
1916	-31	1938	-9	1908	1930	ENSMUST00000101085	AGTGAGCGAGCCCGGGGGAACA
1916	-31	1938	-9	1792	1814	ENSMUST00000101085	AGTGAGCGAGCCCGGGGGAACA
1908	-31	1930	-9	1792	1814	ENSMUST00000101085	AGTGAGCGAGCCCGGGGGAACA
-51215	-26933	-51171	-26911	-51228	-51184	ENSMUST00000127569	TGTGGTACCTGCTCAGATTTAT
-26375	-21823	-26331	-21801	-26378	-26334	ENSMUST00000131298	CGAGACTGCAAAGGCTTCTGAG
-26375	-24307	-26331	-24285	-26378	-26334	ENSMUST00000131298	CGAGACTGCAAAGGCTTCTGAG
-26375	-25445	-26331	-25423	-26378	-26334	ENSMUST00000131298	CGAGACTGCAAAGGCTTCTGAG
3370	2748	3392	2770	3358	3380	ENSMUST00000063577	TGGAATTTGGAGAGGATCTGCT
114170	113800	114192	113822	114072	114094	ENSMUST00000107788	CTCTGGCGTGGAGCCGGGACGA
27828	23696	27850	23718	27726	27748	ENSMUST00000107788	CTCTGGCGTGGAGCCGGGACGA
12874	11266	12896	11288	12696	12718	ENSMUST00000076463	GAAAACTTTCTGGATGGGCTTG
-47906	-34386	-47862	-34364	-49976	-49932	ENSMUST00000000776	GGGATGAGCTGTGGAACAGAGT
-130993	-141202	-130971	-141180	-131002	-130980	ENSMUST00000145596	TAAATCTAAACTTGTTTCTCAA
-294664	-156851	-294620	-156829	-147344	-147322	ENSMUST00000145596	TAAATCTAAACTTGTTTCTCAA
-130993	-141202	-130971	-141180	-131002	-130980	ENSMUST00000145596	TAAATCTAAACTTGTTTCTCAA
-294664	-156851	-294620	-156829	-147344	-147322	ENSMUST00000145596	TAAATCTAAACTTGTTTCTCAA
-7465	-23958	-7421	-23936	-7470	-7426	ENSMUST00000075872	GTTGACTTCTCAAACATCACAG
66410	64152	27440	25182	66296	27326	ENSMUST00000110483	CCTCTTTGCAGACGACTTAATA
5174	3688	5197	3711	5042	5065	ENSMUST00000031732	CAGCGGGCCCTACTGCTCCTCAC
41782	41384	24551	24153	41600	24369	ENSMUST00000137511	TGAAAGGATGAGAAAATTGACCA
-70861	-35721	-70815	-35698	-70932	-70886	ENSMUST00000132484	CCGCTCCGGGTTGAATACATTGT
88712	86912	88735	86935	88666	88689	ENSMUST00000064536	CGGAAACGAGTTAAGCCGCTCTC
52116	47408	52139	47431	52078	52101	ENSMUST00000064536	CGGAAACGAGTTAAGCCGCTCTC
14839	13721	14862	13744	14611	14634	ENSMUST00000107127	CACACAACCCATCCAAGAGCAGC
14839	13721	14862	13744	14611	14634	ENSMUST00000107127	CACACAACCCATCCAAGAGCAGC
-6360	-29875	-6337	-29852	-7332	-7309	ENSMUST00000173495	CCAGGATTCTTGTTTCACCCGCA
-16342	-31564	-16296	-31541	-30032	-30009	ENSMUST00000173495	CCAGGATTCTTGTTTCACCCGCA
-6160	-4060	-6114	-4037	-7912	-7866	ENSMUST00000126854	AGGGAGGCTAGCGGTTGCTCAGA
-9161	-4669	-9115	-4646	-9194	-9148	ENSMUST00000126854	AGGGAGGCTAGCGGTTGCTCAGA
-9161	-4678	-9115	-4655	-9194	-9148	ENSMUST00000126854	AGGGAGGCTAGCGGTTGCTCAGA
-24342	-12426	-24296	-12403	-12224	-12201	ENSMUST00000126854	AGGGAGGCTAGCGGTTGCTCAGA
601233	600671	601256	600694	601223	601246	ENSMUST00000114960	CGGCCATTATGCCTCCCAGCAAA
188091	174533	188114	174556	188037	188060	ENSMUST00000114960	CGGCCATTATGCCTCCCAGCAAA
97698	95630	97722	95654	97692	97716	ENSMUST00000022023	GCCTATTGGATTGCTCCGTGCAGC
-9014	-7526	-8966	-7502	-9092	-9044	ENSMUST00000191275	ACAAGATCAAGTCTTGTCATAGCT
-9014	-9807	-8966	-9783	-9092	-9044	ENSMUST00000191275	ACAAGATCAAGTCTTGTCATAGCT
18251	16629	18275	16653	18243	18267	ENSMUST00000108321	CTTGTGGCTTCAGTCCTGGGCTTA
16277	5449	16301	5473	16215	16239	ENSMUST00000108321	CTTGTGGCTTCAGTCCTGGGCTTA
-37812	-33297	-37764	-33273	-29054	-29030	ENSMUST00000108321	CTTGTGGCTTCAGTCCTGGGCTTA
-132183	-83308	-132135	-83284	-132210	-132162	ENSMUST00000154376	TGGTCTTGACTGGAGCACGCTTAT
-132183	-103849	-132135	-103825	-132210	-132162	ENSMUST00000154376	TGGTCTTGACTGGAGCACGCTTAT
47696	39974	47720	39998	47690	47714	ENSMUST00000121759	GCAATTCGGATGCTCTTCCACACC
-19578	-33901	-19530	-33877	-31378	-31354	ENSMUST00000121759	GCAATTCGGATGCTCTTCCACACC
-41931	-23242	-41881	-23217	-41952	-41902	ENSMUST00000078308	TGGGGTATAGCTCAGTTGGCAGAGT
15216	14536	15241	14561	15072	15097	ENSMUST00000030886	ACCACTGGAGGTTCCGCCCCTGCTG
-9696	-4945	-9646	-4920	-4869	-4844	ENSMUST00000047534	TTTTTGAGAAGTTTAGGAAGGTTGC
-10130	-9098	-10080	-9073	-10176	-10126	ENSMUST00000047534	TTTTTGAGAAGTTTAGGAAGGTTGC
-10087	-13845	-10037	-13820	-10130	-10080	ENSMUST00000047534	TTTTTGAGAAGTTTAGGAAGGTTGC
-10087	-13845	-10037	-13820	-10176	-10126	ENSMUST00000047534	TTTTTGAGAAGTTTAGGAAGGTTGC
-10130	-13845	-10080	-13820	-10176	-10126	ENSMUST00000047534	TTTTTGAGAAGTTTAGGAAGGTTGC
21742	16770	18343	13371	21626	18227	ENSMUST00000029741	TAAATTAGCCCCGACCCTGAGTTCT
6786	20629	6811	20654	6782	6807	ENSMUST00000118077	ATCCCGGCCAGCATCTCATCGGCCT
-99	-21922	-74	-21897	-20701	-20676	ENSMUST00000118077	ATCCCGGCCAGCATCTCATCGGCCT
-99	-23872	-74	-23847	-20701	-20676	ENSMUST00000118077	ATCCCGGCCAGCATCTCATCGGCCT
-50088	-26629	-50038	-26604	-50092	-50042	ENSMUST00000122091	CGTTGCATTAATCTCAAAAGATTAG
-50088	-27645	-50038	-27620	-50092	-50042	ENSMUST00000122091	CGTTGCATTAATCTCAAAAGATTAG
-14488	-19729	-14438	-19704	-13419	-13394	ENSMUST00000112703	GGAGGGGCTCATGGAGGACAGACGG
-31130	-25342	-31080	-25317	-21786	-21761	ENSMUST00000112703	GGAGGGGCTCATGGAGGACAGACGG
-10918	-11923	-10866	-11897	-10962	-10910	ENSMUST00000022765	ATTTCTCATTGCTCTTCTGTCCTGCC
-10918	-11923	-10866	-11897	-10962	-10910	ENSMUST00000022765	ATTTCTCATTGCTCTTCTGTCCTGCC
-14368	-9210	-14316	-9184	-8069	-8043	ENSMUST00000118593	CACTACCCTCTCCTACCATCTTCCTG
-12069	-8256	-12017	-8230	-12072	-12020	ENSMUST00000030087	ATTATGGGACAGTCGGGGGCTTCAGA
-5814	-6427	-5788	-6401	-5913	-5887	ENSMUST00000109877	TCCCTAGCAACAGTCGAAGCTCTGCT
-36482	-19213	-36430	-19187	-18244	-18218	ENSMUST00000106224	AATACTGGGTGTTAAAGGGCGCATAG
-36482	-19213	-36430	-19187	-18244	-18218	ENSMUST00000106224	AATACTGGGTGTTAAAGGGCGCATAG
-36482	-19213	-36430	-19187	-18244	-18218	ENSMUST00000106224	AATACTGGGTGTTAAAGGGCGCATAG
-9415	-9955	-9389	-9929	-9434	-9408	ENSMUST00000023812	GCTGTGGAGACCTGCCTGGGCTTCGT
9147	4763	6813	2869	6803	4469	ENSMUST00000121227	AGGTTTGCCTGGAGAGAAAGGTGAAAG
-8730	-5934	-8676	-5907	-8746	-8692	ENSMUST00000057062	GTAAAGCTAACACCAGAAGCCTCGTAT
-28766	-16135	-28712	-16108	-14427	-14400	ENSMUST00000057062	GTAAAGCTAACACCAGAAGCCTCGTAT
10682	8516	10709	8543	10566	10593	ENSMUST00000043305	TGAAGCCTTCGCCTGCCAGCAGTGGAC
-29520	-15558	-29466	-15531	-14882	-14855	ENSMUST00000002336	GGGATGACAGGTGTGAGCCACCATGCC
8001	7681	8028	7708	7849	7876	ENSMUST00000043897	TAAATTGTGTCTTTGCATCACTTCTGG
4775	3139	4802	3166	4515	4542	ENSMUST00000043897	TAAATTGTGTCTTTGCATCACTTCTGG
1389	1175	1416	1202	1383	1410	ENSMUST00000043897	TAAATTGTGTCTTTGCATCACTTCTGG
8001	7681	8028	7708	7849	7876	ENSMUST00000043897	TAAATTGTGTCTTTGCATCACTTCTGG
4775	3139	4802	3166	4515	4542	ENSMUST00000043897	TAAATTGTGTCTTTGCATCACTTCTGG
1389	1175	1416	1202	1383	1410	ENSMUST00000043897	TAAATTGTGTCTTTGCATCACTTCTGG
59456	52492	58555	51591	59450	58549	ENSMUST00000182226	CTTACTTCCAAGCTTAGGAAGGCTGAG
-11726	-44390	-12684	-44364	-44269	-44243	ENSMUST00000182226	CTTACTTCCAAGCTTAGGAAGGCTGAG
-18190	-10572	-18134	-10544	-9113	-9085	ENSMUST00000103140	GTTGAACCCAGACCGCCAGTCGCCCTCT
-32412	-19137	-32356	-19109	-16230	-16202	ENSMUST00000103140	GTTGAACCCAGACCGCCAGTCGCCCTCT
-18190	-10572	-18134	-10544	-9113	-9085	ENSMUST00000103140	GTTGAACCCAGACCGCCAGTCGCCCTCT
-32412	-19137	-32356	-19109	-16230	-16202	ENSMUST00000103140	GTTGAACCCAGACCGCCAGTCGCCCTCT
47038	43024	47066	43052	47008	47036	ENSMUST00000186648	CGTCATTGAAATGTGTCAGTTATTGGTC
19286	15854	19314	15882	19124	19152	ENSMUST00000186648	CGTCATTGAAATGTGTCAGTTATTGGTC
-17684	-61706	-17628	-61678	-56387	-56359	ENSMUST00000186648	CGTCATTGAAATGTGTCAGTTATTGGTC
-4614	-3594	-4556	-3565	-2385	-2356	ENSMUST00000004140	CTCCCCAGGTCTGTCTCGTCTACAATAAA
-4614	-3594	-4556	-3565	-2412	-2383	ENSMUST00000004140	CTCCCCAGGTCTGTCTCGTCTACAATAAA
-2385	-3594	-2356	-3565	-2412	-2383	ENSMUST00000004140	CTCCCCAGGTCTGTCTCGTCTACAATAAA
-7086	-3868	-7028	-3839	-3549	-3520	ENSMUST00000166791	AGCCAGGGCTTCTCCATAGCTCCTTTTGG
-7086	-4010	-7028	-3981	-3549	-3520	ENSMUST00000166791	AGCCAGGGCTTCTCCATAGCTCCTTTTGG
-1408	-2437	-1379	-2408	-1478	-1449	ENSMUST00000084125	AATATTCTGGAATGGACTTGGTGTTAATT
-1408	-2437	-1379	-2408	-1510	-1481	ENSMUST00000084125	AATATTCTGGAATGGACTTGGTGTTAATT
-1408	-2437	-1379	-2408	-1598	-1569	ENSMUST00000084125	AATATTCTGGAATGGACTTGGTGTTAATT
-1478	-2437	-1449	-2408	-1510	-1481	ENSMUST00000084125	AATATTCTGGAATGGACTTGGTGTTAATT
-1478	-2437	-1449	-2408	-1598	-1569	ENSMUST00000084125	AATATTCTGGAATGGACTTGGTGTTAATT
-1510	-2437	-1481	-2408	-1598	-1569	ENSMUST00000084125	AATATTCTGGAATGGACTTGGTGTTAATT
-1408	-2446	-1379	-2417	-1478	-1449	ENSMUST00000084125	AATATTCTGGAATGGACTTGGTGTTAATT
-1408	-2446	-1379	-2417	-1598	-1569	ENSMUST00000084125	AATATTCTGGAATGGACTTGGTGTTAATT
-1478	-2446	-1449	-2417	-1598	-1569	ENSMUST00000084125	AATATTCTGGAATGGACTTGGTGTTAATT
-1478	-2510	-1449	-2481	-1515	-1486	ENSMUST00000084125	AATATTCTGGAATGGACTTGGTGTTAATT
-110224	-57879	-110164	-57849	-110228	-110168	ENSMUST00000155901	GTTTGGATGGCTGTTACTACACACTGGATC
10080	5506	10111	5537	10038	10069	ENSMUST00000078308	TTTCTTTGCCCAGCCATTATGTCTCCCAGTC
125393	123873	125424	123904	125327	125358	ENSMUST00000102939	AGGGAGGCTGCAGAGAAGGAGAGCAACGCGG
-64	-81533	-33	-81502	-67	-36	ENSMUST00000102939	AGGGAGGCTGCAGAGAAGGAGAGCAACGCGG
-77086	-114810	-77024	-114779	-113888	-113857	ENSMUST00000102939	AGGGAGGCTGCAGAGAAGGAGAGCAACGCGG
-1686	-1173	-1622	-1141	-891	-859	ENSMUST00000081848	CAGTTACAACCGCCTCAAGAGTCTCATAGAGC
981	3325	-101	-3251	957	-125	ENSMUST00000018821	TTCTGGAGTCTCTCCTACACCAAATCATCCTCC
-89759	-49739	-89693	-49706	-89762	-89696	ENSMUST00000117177	AAGATGTAGCTCAGTCGGTAGAGCACTTGCCTA
-100534	-51162	-100468	-51129	-50313	-50280	ENSMUST00000117177	AAGATGTAGCTCAGTCGGTAGAGCACTTGCCTA
-100534	-52111	-100468	-52078	-50313	-50280	ENSMUST00000117177	AAGATGTAGCTCAGTCGGTAGAGCACTTGCCTA
-23051	-337211	-46833	-337179	-23056	-46838	ENSMUST00000080665	TGGGCCGAGTGCACATGGTGGAGGATCTTCTGA
40797	37439	40832	37474	40791	40826	ENSMUST00000118163	TTATTTGAGGCTGCACATGCACTCTCTCCTACTCT
40797	33649	40832	33684	40791	40826	ENSMUST00000118163	TTATTTGAGGCTGCACATGCACTCTCTCCTACTCT
-122198	-117504	-122128	-117469	-122200	-122130	ENSMUST00000118163	TTATTTGAGGCTGCACATGCACTCTCTCCTACTCT
34813	19243	31096	15526	34621	30904	ENSMUST00000199942	TTTCCCACCTGCCCTCTCTGCAGCTGCTATTGCTG
-89349	-49534	-89279	-49499	-89352	-89282	ENSMUST00000117177	AAAGGGAGAACAGGTGAACTAACAGTGTGGGTTAC
-100124	-50957	-100054	-50922	-50108	-50073	ENSMUST00000117177	AAAGGGAGAACAGGTGAACTAACAGTGTGGGTTAC
-100124	-51906	-100054	-51871	-50108	-50073	ENSMUST00000117177	AAAGGGAGAACAGGTGAACTAACAGTGTGGGTTAC
-4513	-2352	-4443	-2317	-4544	-4474	ENSMUST00000031490	ATCACACTGGATGTTGTCCTTGTAGGAGACGGTGC
-11032	-5631	-10962	-5596	-5534	-5499	ENSMUST00000031490	ATCACACTGGATGTTGTCCTTGTAGGAGACGGTGC
16042	11306	16078	11342	15486	15522	ENSMUST00000182213	AAATATCACAGTCTGCTCTTCCTCCTCTTCCTGGGA
-116697	-99979	-116625	-99943	-116700	-116628	ENSMUST00000039782	ATGAGAAAATCAAAAGTTTTATTTGGGAACTAATCA
-33210	-30317	-33138	-30281	-16609	-16573	ENSMUST00000179865	AATTCAGAATTGACTATAATTGAACACCTGCTAAAA
53288	52918	53325	52955	53190	53227	ENSMUST00000107793	GCGGGTGCTGAAGCTAGTTCGCTTCCTGCCGGCACTG
-33227	-54254	-33153	-54217	-33278	-33204	ENSMUST00000107793	GCGGGTGCTGAAGCTAGTTCGCTTCCTGCCGGCACTG
-39325	-20265	-39251	-20228	-39328	-39254	ENSMUST00000202651	CACAGCTCATCCTCTCTGCTGCCTTTCCACTACAACA
-89106	-52775	-89032	-52738	-89128	-89054	ENSMUST00000202651	CACAGCTCATCCTCTCTGCTGCCTTTCCACTACAACA
-89106	-55891	-89032	-55854	-89128	-89054	ENSMUST00000202651	CACAGCTCATCCTCTCTGCTGCCTTTCCACTACAACA
-9367	-4755	-9329	-4717	-4687	-4649	ENSMUST00000139819	CACATGTCCCTGCTCTACCCTGTGGCCATCCGGACTCT
-25514	-14402	-25438	-14364	-25578	-25502	ENSMUST00000027752	CATAGCAGAGATCATTAAGGATATTCACAACCTGGAGG
-83782	-43874	-83706	-43836	-83856	-83780	ENSMUST00000108407	GTGGAAGCGCATCTGCTTTCCTTGCTGTCTGTGCAAAT
-83782	-43874	-83706	-43836	-83856	-83780	ENSMUST00000108407	GTGGAAGCGCATCTGCTTTCCTTGCTGTCTGTGCAAAT
-3517	-3368	-9631	-6425	-3538	-9652	ENSMUST00000110701	GGCCAGGGGACTTCTCAGAAGAATTGTCAACACTGTTT
-3517	-6932	-9631	-13046	-3538	-9652	ENSMUST00000110701	GGCCAGGGGACTTCTCAGAAGAATTGTCAACACTGTTT
-21024	-26213	-25406	-26175	-21088	-25470	ENSMUST00000090243	TGCCTTCCTGGGGTCATCCCGTACTCACTGGCCTACGCC
6206	2776	5477	2047	6200	5471	ENSMUST00000025253	CAGAGATGAGTCAGTCTGACAGTGGAGTGGACCTGAGTG
-15020	-8479	-14940	-8439	-16398	-16318	ENSMUST00000021347	TTTTTCTTTCTTCGTTCTGCAAACATACACAAGACACTCG
55523	53611	55563	53651	55015	55055	ENSMUST00000154230	ATCTGTCATTCTAAGAGAGAAACCTCAGTCTGGCCGCCAG
41265	41109	41305	41149	41259	41299	ENSMUST00000154230	ATCTGTCATTCTAAGAGAGAAACCTCAGTCTGGCCGCCAG
4536	3624	2851	6243	4478	2822	ENSMUST00000182627	CTATCACAGTGTCTGCCCTGTGAGGAATGAGAGCGCCTCA
4536	1970	2851	5416	4478	2822	ENSMUST00000182627	CTATCACAGTGTCTGCCCTGTGAGGAATGAGAGCGCCTCA
-139976	-86517	-141874	-86478	-140076	-141974	ENSMUST00000182627	CTATCACAGTGTCTGCCCTGTGAGGAATGAGAGCGCCTCA
-6478	-8941	-6396	-8900	-7652	-7611	ENSMUST00000177517	CCGGACCTCCAGTCCCTGCGCTACGCCCTGTCGCTCTACAC
-57881	-29674	-57797	-29632	-57884	-57800	ENSMUST00000029796	TCAAAAAGCCTGTATGGCTGCTCACTCATTAATCTTCTGCCA
11919	8489	11962	8532	11913	11956	ENSMUST00000025253	CCTTTGAAAGAGAAGCTGATCTCAGGGCCTCTGTCCCCCATGT
-119550	-129759	-119507	-129716	-119559	-119516	ENSMUST00000225431	CATACTTCAATGACAATATCCTCACCCTAATACGGACCCTGGT
-255910	-145408	-255824	-145365	-135901	-135858	ENSMUST00000225431	CATACTTCAATGACAATATCCTCACCCTAATACGGACCCTGGT
-119428	-60603	-119342	-60560	-119522	-119436	ENSMUST00000030872	CATTTACTTAGGACTGTGTTTTGCTCTATGAACTATCCCCTGC
-119428	-61086	-119342	-61043	-119522	-119436	ENSMUST00000030872	CATTTACTTAGGACTGTGTTTTGCTCTATGAACTATCCCCTGC
43020	42650	43063	42693	42922	42965	ENSMUST00000100561	TTTTCGCCCAGTGTGGATGGTGATGGGGACAGGAAGAAGCGCT
-43421	-53812	-43335	-53769	-43472	-43386	ENSMUST00000100561	TTTTCGCCCAGTGTGGATGGTGATGGGGACAGGAAGAAGCGCT
-1826	-2749	-1783	-2706	-2586	-2543	ENSMUST00000180572	TTGTAAACTTGTTGCATTTTTATATGATTTTCTTGACTGCACG
243252	237216	243295	237259	243180	243223	ENSMUST00000089317	TTGGACCTCGAGCAGAGCGGGACCCTGTTGGAAGTCGGCACCT
215168	197124	215211	197167	215162	215205	ENSMUST00000089317	TTGGACCTCGAGCAGAGCGGGACCCTGTTGGAAGTCGGCACCT
-2958	-2152	-2870	-2108	-1563	-1519	ENSMUST00000011285	CTTTCGTTCTGATATGGTATGCTGCATCTGTGAGGTAAAGGAGA
141688	96230	141732	96274	141654	141698	ENSMUST00000238317	GTGGCAGCACAGTCCACCACTCTTCCCTCTCTAAGTGGCAGACA
141688	96230	141732	96274	141654	141698	ENSMUST00000238317	GTGGCAGCACAGTCCACCACTCTTCCCTCTCTAAGTGGCAGACA
-19937	-10712	-19847	-10667	-19970	-19880	ENSMUST00000041342	CTTCCTATGTGTCCTCCCTCACTTCCCAATCCCACCCTCTCCGCC
-145361	-78806	-145271	-78761	-145364	-145274	ENSMUST00000041342	CTTCCTATGTGTCCTCCCTCACTTCCCAATCCCACCCTCTCCGCC
-222316	-112083	-222226	-112038	-111161	-111116	ENSMUST00000041342	CTTCCTATGTGTCCTCCCTCACTTCCCAATCCCACCCTCTCCGCC
-16213	-8771	-16123	-8726	-16216	-16126	ENSMUST00000149964	TTCCTGGCTTGAGTTCCTGTCCCTTTTGATTGTGGCCTCTGGAAA
-17954	-12663	-17864	-12618	-17990	-17900	ENSMUST00000149964	TTCCTGGCTTGAGTTCCTGTCCCTTTTGATTGTGGCCTCTGGAAA
-17954	-15766	-17864	-15721	-17990	-17900	ENSMUST00000149964	TTCCTGGCTTGAGTTCCTGTCCCTTTTGATTGTGGCCTCTGGAAA
-17954	-17374	-17864	-17329	-17990	-17900	ENSMUST00000149964	TTCCTGGCTTGAGTTCCTGTCCCTTTTGATTGTGGCCTCTGGAAA
-58	-9090	-12	-9044	-84	-38	ENSMUST00000046022	CATTTGGGGATGTAGGGCTGCTCACAGGGGATGTGCAGCTGCACCC
-1812	-9976	-1720	-9930	-2470	-2378	ENSMUST00000046022	CATTTGGGGATGTAGGGCTGCTCACAGGGGATGTGCAGCTGCACCC
188249	184235	139478	135464	188219	139448	ENSMUST00000027421	AGACTTTGGGGCCTAACTAGTGAATGGTAGTGTCTAGAAAGGGTAT
160497	157065	111726	108294	160335	111564	ENSMUST00000027421	AGACTTTGGGGCCTAACTAGTGAATGGTAGTGTCTAGAAAGGGTAT
123611	112937	74840	64166	123575	74804	ENSMUST00000027421	AGACTTTGGGGCCTAACTAGTGAATGGTAGTGTCTAGAAAGGGTAT
-191180	-158324	-197676	-161572	-95593	-98841	ENSMUST00000162412	TGTTTGATGCTTGGGATGCCTTCGCTCACCTGCCTGCCCTGATGCA
-191180	-194744	-197676	-197992	-95593	-98841	ENSMUST00000162412	TGTTTGATGCTTGGGATGCCTTCGCTCACCTGCCTGCCCTGATGCA
-12220	-6794	-12126	-6747	-6179	-6132	ENSMUST00000169020	CTGTACAGCCGTCCTGTATAGTGTACCCTCTCACTGCGCCCTCTAAC
3945	3725	1823	1603	3903	1781	ENSMUST00000026704	ATTATGCTAACAAGTACAATATCATGTTGGTGAGACTGAACTCAAAG
-42060	-52385	-41964	-52337	-50969	-50921	ENSMUST00000028016	AGAAGGTGTGCCTAATGGTGCAGGACAGAAGAATTCCAAGGATGCTGC
-19484	-10029	-19388	-9981	-9745	-9697	ENSMUST00000113560	TGTGCCCTGTGTCCCTGCTCCTTCCGGGCTCCCAGTCCACCTGCTCAT
-53223	-27511	-53127	-27463	-53280	-53184	ENSMUST00000113560	TGTGCCCTGTGTCCCTGCTCCTTCCGGGCTCCCAGTCCACCTGCTCAT
-53223	-27511	-53127	-27463	-53310	-53214	ENSMUST00000113560	TGTGCCCTGTGTCCCTGCTCCTTCCGGGCTCCCAGTCCACCTGCTCAT
-53280	-27511	-53184	-27463	-53310	-53214	ENSMUST00000113560	TGTGCCCTGTGTCCCTGCTCCTTCCGGGCTCCCAGTCCACCTGCTCAT
86708	83518	80106	76916	86678	80076	ENSMUST00000074468	AGAATGACGAGGGTGTCTGAATTCCTCAAGGTCGCCGAGCAAGTTGGT
-5390	-2875	-5292	-2826	-2752	-2703	ENSMUST00000107132	TCCCTTGACCAGCTTCAGTTCCTCTCAGTGCTCTCGCCTCTAAAGCCTG
-5390	-3245	-5292	-3196	-2752	-2703	ENSMUST00000107132	TCCCTTGACCAGCTTCAGTTCCTCTCAGTGCTCTCGCCTCTAAAGCCTG
-5863	-3245	-5765	-3196	-5884	-5786	ENSMUST00000107132	TCCCTTGACCAGCTTCAGTTCCTCTCAGTGCTCTCGCCTCTAAAGCCTG
-3712	-8157	-3614	-8108	-6519	-6470	ENSMUST00000176652	ACAGGCCTGTGCGCTGCCCCAACAACCCCAGCTGCCCACCCCTTCTCAA
-7246	-10394	-7148	-10345	-8252	-8203	ENSMUST00000176652	ACAGGCCTGTGCGCTGCCCCAACAACCCCAGCTGCCCACCCCTTCTCAA
-3712	-10394	-3614	-10345	-6519	-6470	ENSMUST00000176652	ACAGGCCTGTGCGCTGCCCCAACAACCCCAGCTGCCCACCCCTTCTCAA
-11647	-10766	-11549	-10717	-11652	-11554	ENSMUST00000176652	ACAGGCCTGTGCGCTGCCCCAACAACCCCAGCTGCCCACCCCTTCTCAA
-11647	-10783	-11549	-10734	-11652	-11554	ENSMUST00000176652	ACAGGCCTGTGCGCTGCCCCAACAACCCCAGCTGCCCACCCCTTCTCAA
24966	19646	25015	19695	24950	24999	ENSMUST00000199321	TTACTTTGATAACTGTCCTCTCTTAACTATTCCTGGCCGAACACATCCT
28712	24258	28762	24308	28706	28756	ENSMUST00000064297	TATCCATCCACAGGACCGCAGACTAACCATTTTCCTCATGTAGCTCCACC
-5347	-6303	-5297	-6253	-5601	-5551	ENSMUST00000154230	GTGAGTTCCCCGTGTTTCCCACCACCCTGACTTCAGACCGGCTGTTCCGA
-24952	-12554	-24852	-12504	-12479	-12429	ENSMUST00000154230	GTGAGTTCCCCGTGTTTCCCACCACCCTGACTTCAGACCGGCTGTTCCGA
-5347	-6303	-5297	-6253	-5601	-5551	ENSMUST00000154230	GTGAGTTCCCCGTGTTTCCCACCACCCTGACTTCAGACCGGCTGTTCCGA
-24952	-12554	-24852	-12504	-12479	-12429	ENSMUST00000154230	GTGAGTTCCCCGTGTTTCCCACCACCCTGACTTCAGACCGGCTGTTCCGA
-2827	-439475	-2776	-439424	-2993	-2942	ENSMUST00000053880	GATATTCCCAACATGCGCTCTCCCTTAATCTGTCCGCCTAGAGCTTTGGCT
-2827	-439618	-2776	-439567	-2993	-2942	ENSMUST00000053880	GATATTCCCAACATGCGCTCTCCCTTAATCTGTCCGCCTAGAGCTTTGGCT
-2827	-439475	-2776	-439424	-2993	-2942	ENSMUST00000053880	GATATTCCCAACATGCGCTCTCCCTTAATCTGTCCGCCTAGAGCTTTGGCT
-2827	-439618	-2776	-439567	-2993	-2942	ENSMUST00000053880	GATATTCCCAACATGCGCTCTCCCTTAATCTGTCCGCCTAGAGCTTTGGCT
-124538	-100117	-124436	-100066	-124544	-124442	ENSMUST00000177374	CTGACCCTCCCAGCCCACTACCTCACGGGCCCCCAAACAAAGGCGCAATTC
-625737	-365263	-625635	-365212	-625740	-625638	ENSMUST00000016294	ATAAAGTTTCTGGCTGGACTGTACAGTATTACTATGATGGGCTTGGGCGAC
-1263018	-876274	-1262916	-876223	-633418	-633367	ENSMUST00000016294	ATAAAGTTTCTGGCTGGACTGTACAGTATTACTATGATGGGCTTGGGCGAC
-31551	-24637	-31447	-24585	-31554	-31450	ENSMUST00000098334	CACAAACAAGGGCCACATAGGTCGCCCAGTGCTGCCGATGAGTCCCGGCAGC
-32238	-24637	-32134	-24585	-16153	-16101	ENSMUST00000098334	CACAAACAAGGGCCACATAGGTCGCCCAGTGCTGCCGATGAGTCCCGGCAGC
-801404	-437485	-801300	-437433	-801570	-801466	ENSMUST00000053880	TGTCATTTTCCTGGCCAGCTACACTGCCAACTTAGCCGCCTTCATGATCCAA
-801404	-437628	-801300	-437576	-801570	-801466	ENSMUST00000053880	TGTCATTTTCCTGGCCAGCTACACTGCCAACTTAGCCGCCTTCATGATCCAA
-801404	-437485	-801300	-437433	-801570	-801466	ENSMUST00000053880	TGTCATTTTCCTGGCCAGCTACACTGCCAACTTAGCCGCCTTCATGATCCAA
-801404	-437628	-801300	-437576	-801570	-801466	ENSMUST00000053880	TGTCATTTTCCTGGCCAGCTACACTGCCAACTTAGCCGCCTTCATGATCCAA
2708	9569	2760	9621	10097	10149	ENSMUST00000004378	GTCACCACCGCCACTGCCACCGCCACCGCCGCCAACGCCACCGACTGAGTCT
1679	811	1731	863	1583	1635	ENSMUST00000108661	GATCATAAGTTGTTGCTGACGGGGACCCCGCTGCAGAACAACCTGGAGGAGC
-9334	-19271	-9230	-19219	-9352	-9248	ENSMUST00000108661	GATCATAAGTTGTTGCTGACGGGGACCCCGCTGCAGAACAACCTGGAGGAGC
-9926	-19557	-9822	-19505	-9938	-9834	ENSMUST00000108661	GATCATAAGTTGTTGCTGACGGGGACCCCGCTGCAGAACAACCTGGAGGAGC
548551	532629	548604	532682	548545	548598	ENSMUST00000053733	GAAGAAGAAGAAGGGGGGTGCCAGAAAAAGAAAAAGTCTTAAAGGGCAAAGAA
358203	170857	358256	170910	358199	358252	ENSMUST00000053733	GAAGAAGAAGAAGGGGGGTGCCAGAAAAAGAAAAAGTCTTAAAGGGCAAAGAA
-18150	-30729	-18042	-30675	-27494	-27440	ENSMUST00000020496	CGCAGAGATAATCTCCCGAAGGTCCCTGCTCAGGTTTCTTTATGCACAGCTCGA
-1284	-1182	-2014	-1129	-1360	-2090	ENSMUST00000043897	TCCCAAGACCTTTGTACACTGTGCTACCATATACAAGCGTTATTACATGGATGG
-4434	-3453	-5164	-3400	-4694	-5424	ENSMUST00000043897	TCCCAAGACCTTTGTACACTGTGCTACCATATACAAGCGTTATTACATGGATGG
-7823	-4435	-8553	-4382	-7826	-8556	ENSMUST00000043897	TCCCAAGACCTTTGTACACTGTGCTACCATATACAAGCGTTATTACATGGATGG
-1284	-1182	-2014	-1129	-1360	-2090	ENSMUST00000043897	TCCCAAGACCTTTGTACACTGTGCTACCATATACAAGCGTTATTACATGGATGG
-4434	-3453	-5164	-3400	-4694	-5424	ENSMUST00000043897	TCCCAAGACCTTTGTACACTGTGCTACCATATACAAGCGTTATTACATGGATGG
-7823	-4435	-8553	-4382	-7826	-8556	ENSMUST00000043897	TCCCAAGACCTTTGTACACTGTGCTACCATATACAAGCGTTATTACATGGATGG
-13882	-8486	-13774	-8432	-7039	-6985	ENSMUST00000137217	ATTTATTTATGATTTTCATTTCTGTTGGTTTGCTGAACATAGTTTCATATCACA
-18257	-12711	-18149	-12657	-18450	-18342	ENSMUST00000137217	ATTTATTTATGATTTTCATTTCTGTTGGTTTGCTGAACATAGTTTCATATCACA
-25824	-33979	-25716	-33925	-25842	-25734	ENSMUST00000137217	ATTTATTTATGATTTTCATTTCTGTTGGTTTGCTGAACATAGTTTCATATCACA
-25824	-47009	-25716	-46955	-25842	-25734	ENSMUST00000137217	ATTTATTTATGATTTTCATTTCTGTTGGTTTGCTGAACATAGTTTCATATCACA
-18951	-11010	-18843	-10956	-18954	-18846	ENSMUST00000038193	TTTTTCTTGGTACAGGGCTGGAACTCAGCGCCTTGCACATACTGGTGAGCAGCC
-18951	-16216	-18843	-16162	-18954	-18846	ENSMUST00000038193	TTTTTCTTGGTACAGGGCTGGAACTCAGCGCCTTGCACATACTGGTGAGCAGCC
-40965	-22816	-40855	-22761	-40968	-40858	ENSMUST00000115228	GACCCTGTCCTACCTGATGCCAACTGTACATAGGACCCTACCTGCCTGCCTCCCC
-40965	-26160	-40855	-26105	-40968	-40858	ENSMUST00000115228	GACCCTGTCCTACCTGATGCCAACTGTACATAGGACCCTACCTGCCTGCCTCCCC
10878	8836	10933	8891	10856	10911	ENSMUST00000047421	GGCCCGCACTGCCCTCCTGACTGGACTCACGCCGGGCACCCACTACCAGCTGGAT
-15959	-9626	-15847	-9570	-16010	-15898	ENSMUST00000111147	TCAAATATGGGGGATAATCTGGATGGGCTGCTGCTGTGCTCAATGTGAACTATTTA
-9345	-6940	-9233	-6884	-9354	-9242	ENSMUST00000169449	AAACAGGAAAGCCAGGCCCTAGCAGAGACTCCACTCTCTCTCCTCCTCTCCACATG
-116845	-100053	-116733	-99997	-116848	-116736	ENSMUST00000039782	GCCCCTGAATGAGAAGGATATGGAGATGATTTGCAGGGCTCTGCTGGTGTACTGTG
-39025	-32808	-43651	-32753	-39034	-43660	ENSMUST00000101527	CATTTGGAACCATTGTTTTTACAGTCTTAGTATTCACCGTAACTCTGAAGCTCGCC
-19440	-11022	-19326	-10965	-20196	-20082	ENSMUST00000088010	GCCCCGAAGACCAAGACTACTCCTCGACTTCCTCTGAGACCCCCAATCCTCCCAAAG
-21892	-22338	-21778	-22281	-22008	-21894	ENSMUST00000100143	TTGAGGAAGACCATCTTTCCCATTATTCTCCCTGGTCTTGTGGTACCATAGGCTCTT
-21892	-22338	-21778	-22281	-22008	-21894	ENSMUST00000100143	TTGAGGAAGACCATCTTTCCCATTATTCTCCCTGGTCTTGTGGTACCATAGGCTCTT
18374	17036	18431	17093	18288	18345	ENSMUST00000073687	CCAGGGTCCGCATTGCCTCCAGCTACCACTCTGAAGGGGACGGAGACACCTCCTACC
42741	42519	22986	22764	42679	22924	ENSMUST00000200299	GAAAACATCGTGGCGCTGTATGACTTCCAGGAAATGGCTAATTCTGTCTACCTGGTCA
36191	35961	16436	16206	36155	16400	ENSMUST00000200299	GAAAACATCGTGGCGCTGTATGACTTCCAGGAAATGGCTAATTCTGTCTACCTGGTCA
-4514	-14046	-4398	-13988	-4622	-4506	ENSMUST00000113615	CTTCACTGTCCTCCTCTTCCACTTCGACTACCCGAGGCTCTCACAGGGCTTCCTGCTT
-13178	-19917	-13062	-19859	-18215	-18157	ENSMUST00000113615	CTTCACTGTCCTCCTCTTCCACTTCGACTACCCGAGGCTCTCACAGGGCTTCCTGCTT
-13178	-16790	-13062	-16674	-18215	-18157	ENSMUST00000113615	CTTCACTGTCCTCCTCTTCCACTTCGACTACCCGAGGCTCTCACAGGGCTTCCTGCTT
-13178	-16790	-13062	-16674	-18233	-18175	ENSMUST00000113615	CTTCACTGTCCTCCTCTTCCACTTCGACTACCCGAGGCTCTCACAGGGCTTCCTGCTT
-18215	-16790	-18157	-16674	-18233	-18175	ENSMUST00000113615	CTTCACTGTCCTCCTCTTCCACTTCGACTACCCGAGGCTCTCACAGGGCTTCCTGCTT
-413950	-230428	-413834	-230370	-229167	-229109	ENSMUST00000208290	GAAACTGACAGGGCAGAAGTGACTGAGCCAGGTGTCACCACTGAGCTGGTCCACTTTG
99352	97346	99411	97405	99346	99405	ENSMUST00000075387	GCACACGCCTGCCCTAAGGAAGGGTCTGCCGTCCCTGAAGCAACTCAACTCGGCCCGGA
-2578	-1641	-2458	-1581	-2710	-2590	ENSMUST00000060255	TGGGGCCTCTGCGCCACACTGTAAGACCCCCTTGATGCAGCCCTCTGAACGCCAAGCCTC
-6468	-3748	-6348	-3688	-3268	-3208	ENSMUST00000060255	TGGGGCCTCTGCGCCACACTGTAAGACCCCCTTGATGCAGCCCTCTGAACGCCAAGCCTC
-6468	-3939	-6348	-3879	-3268	-3208	ENSMUST00000060255	TGGGGCCTCTGCGCCACACTGTAAGACCCCCTTGATGCAGCCCTCTGAACGCCAAGCCTC
-20095	-12250	-19975	-12190	-20142	-20022	ENSMUST00000013262	ATGATTTTATGCTTCTCAGAAGAGGACTGGTCCCTTCTGGACCCGGCACAGACTGGTTTC
-6640	-14276	-9720	-14217	-6662	-9742	ENSMUST00000000348	TAAAACGAGGGGCTATTACCCCAAAGGGGGTGGTGAAGTGATTGTCCGAGTGTCCCCAGT
-11632	-15192	-14762	-15133	-14435	-14376	ENSMUST00000000348	TAAAACGAGGGGCTATTACCCCAAAGGGGGTGGTGAAGTGATTGTCCGAGTGTCCCCAGT
-110570	-56363	-110446	-56301	-55288	-55226	ENSMUST00000078226	TTTTAATATCCTGTTTTCCTGGCTCTCTAACTGCCTTGCACAATGATATTTCCTTTAAACTG
-110570	-64206	-110446	-64144	-55288	-55226	ENSMUST00000078226	TTTTAATATCCTGTTTTCCTGGCTCTCTAACTGCCTTGCACAATGATATTTCCTTTAAACTG
-262754	-132057	-262630	-131995	-131471	-131409	ENSMUST00000078226	TTTTAATATCCTGTTTTCCTGGCTCTCTAACTGCCTTGCACAATGATATTTCCTTTAAACTG
7322	4508	6864	4050	4672	4214	ENSMUST00000021062	AAACATTATCTTATTTGCTGCCTGCCATTGTACACATAAACCACCAGCCATTCCTAGAGAGA
-65267	-41403	-65143	-41341	-65270	-65146	ENSMUST00000112904	ATCCTACGTATTCAAAATTAGGATCCTTGTGTAGCACTGAACCTGGGAAAGAGATTTAGACT
-65267	-41403	-65143	-41341	-32925	-32863	ENSMUST00000112904	ATCCTACGTATTCAAAATTAGGATCCTTGTGTAGCACTGAACCTGGGAAAGAGATTTAGACT
-65270	-41403	-65146	-41341	-32925	-32863	ENSMUST00000112904	ATCCTACGTATTCAAAATTAGGATCCTTGTGTAGCACTGAACCTGGGAAAGAGATTTAGACT
14610	11282	14673	11345	14556	14619	ENSMUST00000192314	CCTGTCATCAGCTGCTGCACCGTTCTCTTCAGACTCCCCACGCCCAACTCACCCATCCCCACA
1901	1918	-36	-1567	2656	-829	ENSMUST00000174064	CCCTGGAGGCTAAGGACTTGTTTCGGAAGGAGCTGACTGGCCAATCACAATTGCGAAGATGAAG
-64728	-33672	-64600	-33608	-32367	-32303	ENSMUST00000081982	AAGGTCTGGAGGACCAACTTTCTCCACCTGGGAACCGCATCCTAGGTGACAGTTAGATCTGAGG
12037	8607	12101	8671	12031	12095	ENSMUST00000025253	AGCAGGACAAACCACCTCGTTTCCGAAGGCTGAAACAAGAACGTGAAAACGCTGCCAGAGGAGC
-6258	-4075	-6128	-4010	-6270	-6140	ENSMUST00000178730	GGATGGACAGCCAAGGGCCATAGTCCAGGAGCAAACCAATCCAGTCACAGGACTCTGTGTTTTTA
-9871	-13654	-9741	-13589	-9874	-9744	ENSMUST00000109764	GCTGCACTTCCCTTCCACGTCCATCATCCAGCAGTCGAGCCCGTATTTCACACACCCAACCATCC
-7957	-4260	-7825	-4194	-7958	-7826	ENSMUST00000006754	GATGACGACGACGATGAAGATGACGAAGATGACGACGATGAGGATGAAGACAACGAGTCTGAGGGC
-912330	-456463	-912196	-456396	-912496	-912362	ENSMUST00000053880	CTTGACTGCAGGATCGCCGTGTGGCACACAGGACACATAAACCAGAAAGGTGCTTATTCTTCTCTGG
-912330	-456606	-912196	-456539	-912496	-912362	ENSMUST00000053880	CTTGACTGCAGGATCGCCGTGTGGCACACAGGACACATAAACCAGAAAGGTGCTTATTCTTCTCTGG
186823	183919	186890	183986	186791	186858	ENSMUST00000060043	AGCCGCCGCAGCAGCCGGACTCAGTGTCCCGCGTCGCCCTCGGGGCGCCTTGTCAGTGCTGAGTGGG
-36	-54814	-4329	-54747	-39	-4332	ENSMUST00000107693	ACCCCAAGGTCCTGCCCTGTCTGCACACTTTCTGCGAGAGGTGCCTGCAGAACTACATCCCAGCCCAC
-36	-138775	-4329	-138708	-39	-4332	ENSMUST00000107693	ACCCCAAGGTCCTGCCCTGTCTGCACACTTTCTGCGAGAGGTGCCTGCAGAACTACATCCCAGCCCAC
-73	-2356	-4	-2287	-1092	-1023	ENSMUST00000114102	TCAAGGAGGAGAGTGACTTCCATGACCTCGAGTCAGTAGTCCAGCAAGTCGAACAGAACCTTGAACTGA
11183	9239	7208	5264	11177	7202	ENSMUST00000106224	TGACACGGAGGCCCTACAATCTCTCATTGACACCCATAAGGAATTCATGAAGAAAGTAGAAGAAAAGCG
11183	9239	7208	5264	11177	7202	ENSMUST00000106224	TGACACGGAGGCCCTACAATCTCTCATTGACACCCATAAGGAATTCATGAAGAAAGTAGAAGAAAAGCG
11183	9239	7208	5264	11177	7202	ENSMUST00000106224	TGACACGGAGGCCCTACAATCTCTCATTGACACCCATAAGGAATTCATGAAGAAAGTAGAAGAAAAGCG
114001	68543	114071	68613	113967	114037	ENSMUST00000238317	ACCCATGTTGGATGACGAGATGCTCATGTATGGAAGTAGTAAAGGCCCACCCCAACAAAAAGCGTCTATG
114001	68543	114071	68613	113967	114037	ENSMUST00000238317	ACCCATGTTGGATGACGAGATGCTCATGTATGGAAGTAGTAAAGGCCCACCCCAACAAAAAGCGTCTATG
-5408	-4475	-6612	-4406	-4174	-4105	ENSMUST00000082057	TCAGAACGAGTCTGAAGGCCCTGTGATACAAGAATCAGCCGAGGCAAGCCAGTTGGAAGTCCCAGTAACA
-97067	-54321	-98271	-54252	-97076	-98280	ENSMUST00000082057	TCAGAACGAGTCTGAAGGCCCTGTGATACAAGAATCAGCCGAGGCAAGCCAGTTGGAAGTCCCAGTAACA
4467	3743	4538	3814	4427	4498	ENSMUST00000161308	GTTCGCAGCCTTCGCCGCGCCGCTGCCGCTCTCCAACGCCAGCGCCGCCTCTCGCTTGCCGAGCTCCAGCC
-5569	-2272	-5498	-2201	-5578	-5507	ENSMUST00000110677	TGCAGTTGTGGAACCAGCTGGAAACACGAAGCGTTGACTGTAGAGCAGGCTGGACCCGGAAGGTCAGGTTC
-117042	-127251	-116971	-127180	-117051	-116980	ENSMUST00000145596	CGTCAGCGTCCTGGACTCACTCATGAGCGCGACATACTTCAATGACAATATCCTCACCCTAATACGGACCCT
-222278	-142900	-255830	-142829	-133393	-133322	ENSMUST00000145596	CGTCAGCGTCCTGGACTCACTCATGAGCGCGACATACTTCAATGACAATATCCTCACCCTAATACGGACCCT
-117042	-127251	-116971	-127180	-117051	-116980	ENSMUST00000145596	CGTCAGCGTCCTGGACTCACTCATGAGCGCGACATACTTCAATGACAATATCCTCACCCTAATACGGACCCT
-222278	-142900	-255830	-142829	-133393	-133322	ENSMUST00000145596	CGTCAGCGTCCTGGACTCACTCATGAGCGCGACATACTTCAATGACAATATCCTCACCCTAATACGGACCCT
-94043	-57297	-93899	-57225	-94046	-93902	ENSMUST00000107691	ATGTCAGGCTTGATAGCTCAATAAGAAATAACACAAATTTTTTTTTCTTAACACACAAATATTGGTATGAAC
-94043	-141258	-93899	-141186	-94046	-93902	ENSMUST00000107691	ATGTCAGGCTTGATAGCTCAATAAGAAATAACACAAATTTTTTTTTCTTAACACACAAATATTGGTATGAAC
54928	53016	55001	53089	54420	54493	ENSMUST00000154230	AGGATGATAGACGCGGTATTCACGAAAGACCCAGGCAGCAAGAAATGCACAAGCCTTTCCGAGGCTCAAATTT
40670	40514	40743	40587	40664	40737	ENSMUST00000154230	AGGATGATAGACGCGGTATTCACGAAAGACCCAGGCAGCAAGAAATGCACAAGCCTTTCCGAGGCTCAAATTT
267333	263885	267406	263958	267327	267400	ENSMUST00000057207	AACCCTCCAAATACTGCAGTTGGAAATGCGCTGCCCTGTCTGCCATCGCCGCCGCCCTCCTCTTGGCCATTTT
-191446	-97800	-191298	-97726	-194298	-194150	ENSMUST00000187541	AGGGCCAGCATCCTTCCCCACAGCACTACATCTCCGAGCCCTATCTGGCCCTCCATGAAGACTCCCACGCCTCA
-913280	-456938	-913132	-456864	-913446	-913298	ENSMUST00000053880	GTCAAGGGGACACGTGGGGGAGAGAAATGAGCTCATCGCCAAGGGTACATCCCTGGAAAGCCAGAGAGCATGAA
-913280	-457081	-913132	-457007	-913446	-913298	ENSMUST00000053880	GTCAAGGGGACACGTGGGGGAGAGAAATGAGCTCATCGCCAAGGGTACATCCCTGGAAAGCCAGAGAGCATGAA
-913280	-456938	-913132	-456864	-913446	-913298	ENSMUST00000053880	GTCAAGGGGACACGTGGGGGAGAGAAATGAGCTCATCGCCAAGGGTACATCCCTGGAAAGCCAGAGAGCATGAA
-913280	-457081	-913132	-457007	-913446	-913298	ENSMUST00000053880	GTCAAGGGGACACGTGGGGGAGAGAAATGAGCTCATCGCCAAGGGTACATCCCTGGAAAGCCAGAGAGCATGAA
-11031	-24618	-10883	-24544	-11034	-10886	ENSMUST00000005504	TCAGCATCACAACGCACACCACTGCTTAGAGATCACAGTCAACTGCAGCCCTATTATTGACCACTGTATAATCC
-14755	-7223	-14680	-7148	-14761	-14686	ENSMUST00000047037	ATGCAAGTGTAATTACTTTCTAAGGCCCTTCTAGCTATGATTTTTTTGGAACTGTGTGAATGTAGTATATTCATT
-32524	-16997	-32374	-16922	-16343	-16268	ENSMUST00000047037	ATGCAAGTGTAATTACTTTCTAAGGCCCTTCTAGCTATGATTTTTTTGGAACTGTGTGAATGTAGTATATTCATT
-32524	-17717	-32374	-17642	-16343	-16268	ENSMUST00000047037	ATGCAAGTGTAATTACTTTCTAAGGCCCTTCTAGCTATGATTTTTTTGGAACTGTGTGAATGTAGTATATTCATT
-152901	-77649	-152751	-77574	-152908	-152758	ENSMUST00000047037	ATGCAAGTGTAATTACTTTCTAAGGCCCTTCTAGCTATGATTTTTTTGGAACTGTGTGAATGTAGTATATTCATT
3394	1482	2806	894	2886	2298	ENSMUST00000154230	ATGACCCACATGGTCACGCACATGCCTGACCAGTATAAGATCGTAGAGACTCTCATCCAGCATCATGACTGGTTTT
-10926	-8355	-11480	-8280	-8280	-8205	ENSMUST00000154230	ATGACCCACATGGTCACGCACATGCCTGACCAGTATAAGATCGTAGAGACTCTCATCCAGCATCATGACTGGTTTT
-414	-837	-337	-760	-417	-340	ENSMUST00000079746	TTTTCCTTTTCTACGTTGGAACGTGCCCCGGAATGTGGCCGTCGGCACACTTCTCAGGACAATGAATCCTTCCTGTT
10268	8356	9955	8043	9760	9447	ENSMUST00000154230	ATTGAGGCCAATCGCAAAGAGGACCCACTGGATCGGCTACGAACATTAAAGAGACTAATTCATGACCTGCCTGAGCA
-4046	-8563	-4372	-8487	-8488	-8412	ENSMUST00000154230	ATTGAGGCCAATCGCAAAGAGGACCCACTGGATCGGCTACGAACATTAAAGAGACTAATTCATGACCTGCCTGAGCA
250428	248484	250505	248561	250422	250499	ENSMUST00000106224	AAAAACCTCCAGGCCCACTATGAAGACTTTCTACAGGACAGCCATGACTCTGCCCTCTTCTCTGTGGCCGATCGCTT
250428	248484	250505	248561	250422	250499	ENSMUST00000106224	AAAAACCTCCAGGCCCACTATGAAGACTTTCTACAGGACAGCCATGACTCTGCCCTCTTCTCTGTGGCCGATCGCTT
250428	248484	250505	248561	250422	250499	ENSMUST00000106224	AAAAACCTCCAGGCCCACTATGAAGACTTTCTACAGGACAGCCATGACTCTGCCCTCTTCTCTGTGGCCGATCGCTT
-10637	-14522	-10483	-14445	-10640	-10486	ENSMUST00000108858	CAGCAATGACAACAAGACCTTCGACTCTTCCTGCCACTTCTTTGCCACCAAGTGCACCCTGGAGGGCACCAAGAAGG
-10637	-14522	-10483	-14445	-11874	-11797	ENSMUST00000108858	CAGCAATGACAACAAGACCTTCGACTCTTCCTGCCACTTCTTTGCCACCAAGTGCACCCTGGAGGGCACCAAGAAGG
-10640	-14522	-10486	-14445	-11874	-11797	ENSMUST00000108858	CAGCAATGACAACAAGACCTTCGACTCTTCCTGCCACTTCTTTGCCACCAAGTGCACCCTGGAGGGCACCAAGAAGG
-272067	-141578	-271913	-141501	-272076	-271922	ENSMUST00000064054	AAATTCTGTTTCACTTTGTGTAGTGAACCCCATGGTAGTTTTCTGATCGTTGTTAAAAAAAATGACTTAACATATTA
-40826	-36892	-40670	-36814	-40838	-40682	ENSMUST00000107157	TCCGTGTCATTTACTCTGTGACTCTGTCTGTACATAACTGGAATTCGGATGGCAAACTGTACATAGGCTGTTTGGAGT
-16329	-8477	-16171	-8398	-16370	-16212	ENSMUST00000161046	CTTTCAGTGATCTGTGTGCATCTGTAAAGGCAAACCAGAGAAAACAGCCCTAGTCAATAGTGTTCTCCTCACCATGTCC
-22638	-34592	-22558	-34512	-22771	-22691	ENSMUST00000115386	ACTTCTACTTTTATAGAAACCCAACCACCCGCAACCACTGCAAATCTATCTGCTCTCTGGACGATTTCAAGACCCTCTGA
479293	475139	429316	425162	476441	426464	ENSMUST00000187541	TTGGCCGCCATTTGAGTACATGATCCTGGCCACCATCATTGCCAACTGCATCGTCTTGGCCCTGGAGCAGCATCTTCCTGA
-8442	-4342	-8358	-4258	-2770	-2686	ENSMUST00000196398	AACACTAGCTAGGCAATGGGATACTGAGCTAACAGTGGAGGCTTAGAGCATTGTAGACCACCATTTTTCTTTTTTTTTTTTTTT
-8442	-4342	-8358	-4258	-2770	-2686	ENSMUST00000196398	AACACTAGCTAGGCAATGGGATACTGAGCTAACAGTGGAGGCTTAGAGCATTGTAGACCACCATTTTTCTTTTTTTTTTTTTTT
-101744	-52291	-101576	-52207	-101750	-101582	ENSMUST00000182660	AAAAACGTATCCCAGTTTACTGTGTTGAGTTGGCATTGTACAGAAATTAACAGCCATATTGGTCTAGAAATGTTGAACTTAATT
-39945	-20455	-39775	-20370	-39948	-39778	ENSMUST00000111398	TGCTGACTCCCGAGACTGAGGAAGGAGCCCCTGAGTCTGCCTGCGCGTCCATCCGTCCGTCCGTCCACTCATCTGTCCATCCAGA
-49118	-25339	-48948	-25254	-24562	-24477	ENSMUST00000111398	TGCTGACTCCCGAGACTGAGGAAGGAGCCCCTGAGTCTGCCTGCGCGTCCATCCGTCCGTCCGTCCACTCATCTGTCCATCCAGA
-67306	-38327	-67136	-38242	-33713	-33628	ENSMUST00000111398	TGCTGACTCCCGAGACTGAGGAAGGAGCCCCTGAGTCTGCCTGCGCGTCCATCCGTCCGTCCGTCCACTCATCTGTCCATCCAGA
-16467	-8510	-16297	-8425	-16578	-16408	ENSMUST00000020027	CAGCAGTCTGGGTGAAAATCTCTTCCAGTTGGATTGGCCTTGTGCTGTACGTGTGGACACTAGTGGCACCACTTGTTCTTACAAA
11547	10125	11634	10212	11321	11408	ENSMUST00000039327	AAGAAGTCTGCTACTACATGCTCTTTGCCCTAGCCGCCTATGGCTGGCCCATGTACCTGATGAGGAAGCCCACCTGTGGTCTCTGCC
19602	14932	12155	7485	19596	12149	ENSMUST00000117509	AAGGCCAAAAACTATGCAGATCAGATTTCCCGACTGGAGGAACGAGAATCGGAGATGAAGAAGGAATACAATGCCCTGCACCAGCGGC
19602	8244	12155	797	19596	12149	ENSMUST00000117509	AAGGCCAAAAACTATGCAGATCAGATTTCCCGACTGGAGGAACGAGAATCGGAGATGAAGAAGGAATACAATGCCCTGCACCAGCGGC
54714	52802	54802	52890	54206	54294	ENSMUST00000154230	CTGGAAGATTCTGTGCTGATGAAGTATTGCCCAAGGAGCGCGTCTCAAGGAGCGCTGACCTCACCGCCTGTTAGCTTCAATAATCATA
40456	40300	40544	40388	40450	40538	ENSMUST00000154230	CTGGAAGATTCTGTGCTGATGAAGTATTGCCCAAGGAGCGCGTCTCAAGGAGCGCTGACCTCACCGCCTGTTAGCTTCAATAATCATA
489	-3748	578	-3659	3365	3454	ENSMUST00000097368	TTTATTGAGCATATCCTGTGGCATGTGGGACTCTCAGCCTGCCTTGGACTGACTGTTGCTCTGTCCATCTTTTCGGATATCATCGCCCT
-130	-6401	-41	-6312	-1091	-1002	ENSMUST00000097368	TTTATTGAGCATATCCTGTGGCATGTGGGACTCTCAGCCTGCCTTGGACTGACTGTTGCTCTGTCCATCTTTTCGGATATCATCGCCCT
-35760	-18713	-35578	-18622	-17889	-17798	ENSMUST00000117945	GAAGGGGTCCTGTCATAGCCTGGACCCTACTCCACTGCCACATCCCCACCAGCTGCGGGTGTGTACATAGAAACTGAAATCAGGCACTCAG
-37669	-31872	-37487	-31781	-37672	-37490	ENSMUST00000117945	GAAGGGGTCCTGTCATAGCCTGGACCCTACTCCACTGCCACATCCCCACCAGCTGCGGGTGTGTACATAGAAACTGAAATCAGGCACTCAG
-3065	-439735	-2974	-439644	-3231	-3140	ENSMUST00000111905	AATTGCCGGAGACTCCTTAAATCTATATATTCGGGCTACTAACCTCACATGCACATGGAATAATGGCTCTGGATTCTGCATTGTGAGCCGC
-3065	-439878	-2974	-439787	-3231	-3140	ENSMUST00000111905	AATTGCCGGAGACTCCTTAAATCTATATATTCGGGCTACTAACCTCACATGCACATGGAATAATGGCTCTGGATTCTGCATTGTGAGCCGC
-42765	-22300	-42581	-22208	-42768	-42584	ENSMUST00000140471	TTAGGTAGATAGAGGCTGTGCCTCCTTCAGGAAGAGACACTGTCCTTATAACTTCTGGTCAGTGCTGAGTCACAGGCATTGAGGGAGGAGGG
-59460	-60567	-59368	-60475	-59465	-59373	ENSMUST00000140471	TTAGGTAGATAGAGGCTGTGCCTCCTTCAGGAAGAGACACTGTCCTTATAACTTCTGGTCAGTGCTGAGTCACAGGCATTGAGGGAGGAGGG
58274	57650	44210	43586	58268	44204	ENSMUST00000239177	CGGAATTTCTCTCCAAATGCTCCTGCTCACTTTTCCTTCGTTCCTGCCCGTAGCCATGGCCACAGAACAGACAGGACTGATGGACGGCGCTG
42930	42018	28866	27954	42880	28816	ENSMUST00000239177	CGGAATTTCTCTCCAAATGCTCCTGCTCACTTTTCCTTCGTTCCTGCCCGTAGCCATGGCCACAGAACAGACAGGACTGATGGACGGCGCTG
-86032	-124806	-85942	-124716	-86035	-85945	ENSMUST00000239177	CGGAATTTCTCTCCAAATGCTCCTGCTCACTTTTCCTTCGTTCCTGCCCGTAGCCATGGCCACAGAACAGACAGGACTGATGGACGGCGCTG
-15254	-8719	-15068	-8626	-7630	-7537	ENSMUST00000041391	AGGCCATGGCCAGCGAGCTGAGAGAGCACCGGGCTGCACATCTGGGAAAGAAGGCCCGAGGCAAGGAGGCGGATGAGCAGCGGCAGAAGGAGG
26627	22587	9994	5954	26479	9846	ENSMUST00000108407	CCAGTTCCAGAAGATCTCTGAGGAACTCAAAGTGAAAGGGCCCAAGGACTCTAAGGACAGCCATACATCAGTCACCATGGAAGCTCTGCTGTA
26627	22587	9994	5954	26479	9846	ENSMUST00000108407	CCAGTTCCAGAAGATCTCTGAGGAACTCAAAGTGAAAGGGCCCAAGGACTCTAAGGACAGCCATACATCAGTCACCATGGAAGCTCTGCTGTA
-12422	-16293	-20260	-16201	-13215	-13123	ENSMUST00000030806	ACTTGGAGTTTTCTCTCCTAAAAAGACCCCACATCTTGTTAACCTCAATGAAGACCCATTAATGTCGGAGTGTTTGCTCTATTACATCAAGGA
-12422	-17269	-20260	-17177	-13215	-13123	ENSMUST00000030806	ACTTGGAGTTTTCTCTCCTAAAAAGACCCCACATCTTGTTAACCTCAATGAAGACCCATTAATGTCGGAGTGTTTGCTCTATTACATCAAGGA
10387	1781	8906	9788	10363	14079	ENSMUST00000106983	CTGACACTTCTCAGCAGGATCCACATACCCTAAGGAGTGGAAGACTCCTTGGCGCTTGGTGCTTCAACCGGACTGACTTCCTGGGCCTGGAGTT
1710	10912	-9	-10261	11353	-9820	ENSMUST00000106983	CTGACACTTCTCAGCAGGATCCACATACCCTAAGGAGTGGAAGACTCCTTGGCGCTTGGTGCTTCAACCGGACTGACTTCCTGGGCCTGGAGTT
1710	10748	-9	-10425	11353	-9820	ENSMUST00000106983	CTGACACTTCTCAGCAGGATCCACATACCCTAAGGAGTGGAAGACTCCTTGGCGCTTGGTGCTTCAACCGGACTGACTTCCTGGGCCTGGAGTT
1710	10748	-9	-10425	11350	-9823	ENSMUST00000106983	CTGACACTTCTCAGCAGGATCCACATACCCTAAGGAGTGGAAGACTCCTTGGCGCTTGGTGCTTCAACCGGACTGACTTCCTGGGCCTGGAGTT
11353	10748	-9820	-10425	11350	-9823	ENSMUST00000106983	CTGACACTTCTCAGCAGGATCCACATACCCTAAGGAGTGGAAGACTCCTTGGCGCTTGGTGCTTCAACCGGACTGACTTCCTGGGCCTGGAGTT
1710	10748	-9	-10425	11434	-9739	ENSMUST00000106983	CTGACACTTCTCAGCAGGATCCACATACCCTAAGGAGTGGAAGACTCCTTGGCGCTTGGTGCTTCAACCGGACTGACTTCCTGGGCCTGGAGTT
11434	10748	-9739	-10425	11353	-9820	ENSMUST00000106983	CTGACACTTCTCAGCAGGATCCACATACCCTAAGGAGTGGAAGACTCCTTGGCGCTTGGTGCTTCAACCGGACTGACTTCCTGGGCCTGGAGTT
93761	82329	43347	31915	90017	39603	ENSMUST00000021091	CCTCCTTCCTCCCTTCCCTCTCCCTCCCCCTCCCCCGCTGGTGGATGGGAGTGAAGGACGGAAGAGGCCCTGCGGAGGCGGTGGTGCAGCGCTCCG
-4186	-2490	-3992	-2393	-4346	-4152	ENSMUST00000140901	CTCCAAACCAGAAGACCCTGGGAGGCACTGGCAGGGACCTGGGCCTCTCACCCTGTGACACTCTTAACTGCGTTGACTCTGATTGCATTGCCACCCT
-40381	-29086	-40183	-28987	-40384	-40186	ENSMUST00000177302	ACAAAAGACTCTTTGTTACCCAGGTCTCCTGTAAAACCTATGGACTCCATCACATCGCCATCTATAGCAGAACTCCACAACAGTGTTACGAGTTGTGAT
-40878	-36918	-40672	-36815	-40890	-40684	ENSMUST00000107158	GTTTTCTCTGGCTGGCTAGACGTACAGCGACTCCGTGTCATTTACTCTGTGACTCTGTCTGTACATAACTGGAATTCGGATGGCAAACTGTACATAGGCTGTT
-147332	-80070	-151452	-79968	-147410	-151530	ENSMUST00000060537	CCTCCTCCACTTGCCCCTCCTTGGTGGACTCCAGGAGCAGCTCTATGGATCAGAAGACCCCAGAAGCCAACTCTCGTGCCTCCAGTCCCTGCCAAGAATTTGA
-147332	-81046	-151452	-80944	-147410	-151530	ENSMUST00000060537	CCTCCTCCACTTGCCCCTCCTTGGTGGACTCCAGGAGCAGCTCTATGGATCAGAAGACCCCAGAAGCCAACTCTCGTGCCTCCAGTCCCTGCCAAGAATTTGA
-179490	-91822	-179280	-91717	-182342	-182132	ENSMUST00000187541	AAACCTTCACTCACTATATCAAGGACTTGGGAACTTCTTAGCATTTCTTCTAAGCATTGAATTTTTTTAAGGAAACCTCCATCTTAATGGGACTGAGGCTAAGTT
-87	-9300	-11540	-9195	-99	-11552	ENSMUST00000102930	TGAAGACTCTGACAACAGTGCAATTTATGTGCAAGGATTAAATGACAATGTGACTCTGGATGATCTGGCAGACTTCTTTAAGCAGTGTGGGGTTGTCAAGATGAAC
-105862	-54739	-107102	-54629	-53664	-53554	ENSMUST00000078226	CAGACAGGTCTGGGAGTTCTGTTCCACCTGAGTGGAGAGTTCAATAGAGCAATCGATGCATTTAATGCTGCCTTAACAGTTCGGCCAGAGGATTACTCACTGTGGAACCGT
-105862	-62582	-107102	-62472	-53664	-53554	ENSMUST00000078226	CAGACAGGTCTGGGAGTTCTGTTCCACCTGAGTGGAGAGTTCAATAGAGCAATCGATGCATTTAATGCTGCCTTAACAGTTCGGCCAGAGGATTACTCACTGTGGAACCGT
-258046	-130433	-259286	-130323	-129847	-129737	ENSMUST00000078226	CAGACAGGTCTGGGAGTTCTGTTCCACCTGAGTGGAGAGTTCAATAGAGCAATCGATGCATTTAATGCTGCCTTAACAGTTCGGCCAGAGGATTACTCACTGTGGAACCGT
20265	3327	19761	2823	20033	19529	ENSMUST00000100143	TTGACAATTGTTTTGCAGCGAACTGGTGACCCTGCTAATTTAAATAGGCTGAGACCTCATTTAGAGCTTCTTGCAAACATAGACCCTAATCCAGATGCTGTTTCACCAACT
20265	3327	19761	2823	20033	19529	ENSMUST00000100143	TTGACAATTGTTTTGCAGCGAACTGGTGACCCTGCTAATTTAAATAGGCTGAGACCTCATTTAGAGCTTCTTGCAAACATAGACCCTAATCCAGATGCTGTTTCACCAACT
-71552	-82405	-71332	-82295	-79327	-79217	ENSMUST00000055647	AGCAGAGACTGGATCTGATGCGAGAGATGTATGACAGGGCAGGGGAGGTGGCCTCCAGTGCCCAAGATGACAGCGAGACGACCATGACCGGCAGCGACCCATTCTACGATC
-71552	-83381	-71332	-83271	-79327	-79217	ENSMUST00000055647	AGCAGAGACTGGATCTGATGCGAGAGATGTATGACAGGGCAGGGGAGGTGGCCTCCAGTGCCCAAGATGACAGCGAGACGACCATGACCGGCAGCGACCCATTCTACGATC
-73727	-51721	-78323	-51611	-73742	-78338	ENSMUST00000044443	CCAAGATGAGCAGGAGCGGATGGAAGAAAGGCTGGCTTACATCGCTGATCACCTTGGCTTCAGCTGGACAGAATTAGCAAGAGAACTGGATTTCACTGAGGAGCAAATTCA
-73727	-54265	-78323	-54155	-73742	-78338	ENSMUST00000044443	CCAAGATGAGCAGGAGCGGATGGAAGAAAGGCTGGCTTACATCGCTGATCACCTTGGCTTCAGCTGGACAGAATTAGCAAGAGAACTGGATTTCACTGAGGAGCAAATTCA
21765	12361	21877	12473	21759	21871	ENSMUST00000123853	GAAAAAGAAATGGCAGCCATCTTTGCAAATACCAGACATGTGAAAGGACACAGGATCCGTGTAGAAATGAACTTTCTGAACTGTACAGTTTTTCAGCCTCTCTTGCTAGCAG
66932	60620	34028	27716	66776	33872	ENSMUST00000238956	AAGGCAACTCGACCAGTATTATTAACCCAAAGAACCCAAAGGAAGCACCAAAGTCCTTCAGCTTTGACTACTCCTACTGGTCCCACACCTCGCCTGAAGATCCCTGTTTTGCATC
66932	58668	34028	25764	66776	33872	ENSMUST00000238956	AAGGCAACTCGACCAGTATTATTAACCCAAAGAACCCAAAGGAAGCACCAAAGTCCTTCAGCTTTGACTACTCCTACTGGTCCCACACCTCGCCTGAAGATCCCTGTTTTGCATC
-3864	-37866	-15083	-37752	-3877	-15096	ENSMUST00000050288	TAGCGACAAGTACTGCACCCCGCGATACAGTGAATTTGAAGAACTTGAGCGTAAATACTGGAAAAACCTCACATTCAATCCTCCCATCTATGGAGCAGACGTGAATGGTACTCTC
561084	560522	498166	497604	561074	498156	ENSMUST00000142817	CGTGCACTACAGAAGAGGCATGATGACTTTGAAGAAGTGGCACAGAATACATACACCAATGCGGACAAGCTCCTAGAAGCAGCGGAGCAGCTGGCTCAGACTGGGGAATGTGACCC
147942	134384	85024	71466	147888	84970	ENSMUST00000142817	CGTGCACTACAGAAGAGGCATGATGACTTTGAAGAAGTGGCACAGAATACATACACCAATGCGGACAAGCTCCTAGAAGCAGCGGAGCAGCTGGCTCAGACTGGGGAATGTGACCC
-53737	-35193	-53505	-35077	-53740	-53508	ENSMUST00000161779	TCCACCCCAGTCAGTATCCAGCCCAGTTTGCCCACCAGACCTATATCAGCGCCTCGCCAGCCTCCACCGTCTACACTGGATACCCACTGAGTCCTGCCAAGGTCAACCAATACCCT
-72617	-42630	-72385	-42514	-72698	-72466	ENSMUST00000161779	TCCACCCCAGTCAGTATCCAGCCCAGTTTGCCCACCAGACCTATATCAGCGCCTCGCCAGCCTCCACCGTCTACACTGGATACCCACTGAGTCCTGCCAAGGTCAACCAATACCCT
-53737	-35193	-53505	-35077	-53740	-53508	ENSMUST00000161779	TCCACCCCAGTCAGTATCCAGCCCAGTTTGCCCACCAGACCTATATCAGCGCCTCGCCAGCCTCCACCGTCTACACTGGATACCCACTGAGTCCTGCCAAGGTCAACCAATACCCT
-72617	-42630	-72385	-42514	-72698	-72466	ENSMUST00000161779	TCCACCCCAGTCAGTATCCAGCCCAGTTTGCCCACCAGACCTATATCAGCGCCTCGCCAGCCTCCACCGTCTACACTGGATACCCACTGAGTCCTGCCAAGGTCAACCAATACCCT
118781	115097	116507	112823	116991	114717	ENSMUST00000109830	AACAAGAAGGGAAATGACAACCAAAGGTTCTACAGGCATGGAAGTTCTGTTGTCAACATTGGAGAACACGAAAGATCTTCAGACTGTACTTAATATCCTAAGCATTCTCATTGAGC
-57260	-34283	-57026	-34166	-28718	-28601	ENSMUST00000190723	GACGAATTGTGCTCCCCCCAGAGGTTGTGCGTGTTGTGGTTTCTTCCAAAATTGCTCTGGTGGGAAGTTCGGAATGCCAGGAAGGTCAGAGGGCCCGAGACCCAGGGTATTGCCGCT
-57260	-34283	-57026	-34166	-28718	-28601	ENSMUST00000190723	GACGAATTGTGCTCCCCCCAGAGGTTGTGCGTGTTGTGGTTTCTTCCAAAATTGCTCTGGTGGGAAGTTCGGAATGCCAGGAAGGTCAGAGGGCCCGAGACCCAGGGTATTGCCGCT
-15744	-8783	-15508	-8665	-8255	-8137	ENSMUST00000112476	TAAAGTGGGGTCACGGGCATGAGTGTTTCAGTGCTTACCATGGTGTGTATAAGCCTTGAACTATGCATAGAACTGGAGTTTGGGGAGTGCTGGATGTGTGGTCATGCTTGGTTGAGGC
8631	5727	8751	5847	8599	8719	ENSMUST00000088644	CTCCTCTGGAACAGCTGTGTCTACTTCTGTTTCTCAGCCTGGTATGGTTCATCCTTTGGTCATCTCATCAGCTGTAGTTTCTACACCTGGCCTCCCCCAACCAGTAGTACCTACTTCTAC
-43659	-45074	-43415	-44952	-43662	-43418	ENSMUST00000110136	GACAATGAGTTCAAGTGCAGGCACTCACAGCCAGAATGTGGGTATGGCTTACAGCCCGATCGTTGGACAGAGTACAGCATACAGACAATGGAACCAGATAATCTGGAGCTCATCTTTGACTT
66919	60607	34023	27711	66763	33867	ENSMUST00000030806	ATCATTCAGATGCAAGGCAACTCGACCAGTATTATTAACCCAAAGAACCCAAAGGAAGCACCAAAGTCCTTCAGCTTTGACTACTCCTACTGGTCCCACACCTCGCCTGAAGATCCCTGTTTT
66919	58655	34023	25759	66763	33867	ENSMUST00000030806	ATCATTCAGATGCAAGGCAACTCGACCAGTATTATTAACCCAAAGAACCCAAAGGAAGCACCAAAGTCCTTCAGCTTTGACTACTCCTACTGGTCCCACACCTCGCCTGAAGATCCCTGTTTT
-71386	-82283	-74784	-82160	-71464	-74862	ENSMUST00000060537	TCAAACTTGTGGGAAGCTCCCCTATTTTCCACGGCTGTGTGAATGAGCGCCTTGCCGACCGCACACCCTCCCCCACTTTTTCCACGGCCGATTCCGACATCACTGAACTGGCTGACGAGCAGCA
-71386	-83259	-74784	-83136	-71464	-74862	ENSMUST00000060537	TCAAACTTGTGGGAAGCTCCCCTATTTTCCACGGCTGTGTGAATGAGCGCCTTGCCGACCGCACACCCTCCCCCACTTTTTCCACGGCCGATTCCGACATCACTGAACTGGCTGACGAGCAGCA
-71386	-82283	-74784	-82160	-71464	-74862	ENSMUST00000060537	TCAAACTTGTGGGAAGCTCCCCTATTTTCCACGGCTGTGTGAATGAGCGCCTTGCCGACCGCACACCCTCCCCCACTTTTTCCACGGCCGATTCCGACATCACTGAACTGGCTGACGAGCAGCA
-71386	-83259	-74784	-83136	-71464	-74862	ENSMUST00000060537	TCAAACTTGTGGGAAGCTCCCCTATTTTCCACGGCTGTGTGAATGAGCGCCTTGCCGACCGCACACCCTCCCCCACTTTTTCCACGGCCGATTCCGACATCACTGAACTGGCTGACGAGCAGCA
-151458	-80010	-151210	-79886	-76932	-76808	ENSMUST00000055647	AGAAGCCAACTCTCGTGCCTCCAGTCCCTGCCAAGAATTTGAACAGTTTCAGATCGTCCCAACTGTGGAGACACCCTATTTGGCCCGAGCAGGGAAGAATGAATTTCTCAATCTTGTTCCAGAC
-151458	-80986	-151210	-80862	-76932	-76808	ENSMUST00000055647	AGAAGCCAACTCTCGTGCCTCCAGTCCCTGCCAAGAATTTGAACAGTTTCAGATCGTCCCAACTGTGGAGACACCCTATTTGGCCCGAGCAGGGAAGAATGAATTTCTCAATCTTGTTCCAGAC
11308	7460	9730	5882	11204	9626	ENSMUST00000001480	ATGGAGAACTGGGGCCTTGTTACTTATAGGGAAACGGCCTTGCTTATTGATCCAAAAAACTCGTGTTCTTCATCACGCCAGTGGGTTGCTCTGGTTGTGGGACATGAACTCGCCCATCAATGGTT
35459	33547	34935	33023	34951	34427	ENSMUST00000154230	ACATATTCCTGCATCTGCTGTCATCTCCGCCTCTACTGCCCACGTCCCCTCCATTGCAACTGTTCCCCCCAGCCTCACGACCTCTGCTCCTTTGATTCGACGTCAGCTCTCCCACGACCAAGAATCT
21201	21045	20677	20521	21195	20671	ENSMUST00000154230	ACATATTCCTGCATCTGCTGTCATCTCCGCCTCTACTGCCCACGTCCCCTCCATTGCAACTGTTCCCCCCAGCCTCACGACCTCTGCTCCTTTGATTCGACGTCAGCTCTCCCACGACCAAGAATCT
35459	33547	34935	33023	34951	34427	ENSMUST00000154230	ACATATTCCTGCATCTGCTGTCATCTCCGCCTCTACTGCCCACGTCCCCTCCATTGCAACTGTTCCCCCCAGCCTCACGACCTCTGCTCCTTTGATTCGACGTCAGCTCTCCCACGACCAAGAATCT
21201	21045	20677	20521	21195	20671	ENSMUST00000154230	ACATATTCCTGCATCTGCTGTCATCTCCGCCTCTACTGCCCACGTCCCCTCCATTGCAACTGTTCCCCCCAGCCTCACGACCTCTGCTCCTTTGATTCGACGTCAGCTCTCCCACGACCAAGAATCT
-12416	-83365	-21492	-83236	-80287	-80158	ENSMUST00000055647	TGGAGTTTTCTCTCCTAAAAAGACCCCACATCTTGTTAACCTCAATGAAGACCCATTAATGTCGGAGTGTTTGCTCTATTACATCAAGGATGGAATTACAAGGGTTGGCCAGGCAGATGCTGAGCGGCGCC
-12416	-84341	-21492	-84212	-80287	-80158	ENSMUST00000055647	TGGAGTTTTCTCTCCTAAAAAGACCCCACATCTTGTTAACCTCAATGAAGACCCATTAATGTCGGAGTGTTTGCTCTATTACATCAAGGATGGAATTACAAGGGTTGGCCAGGCAGATGCTGAGCGGCGCC
-3392	-13325	-4170	-13192	-12939	-12806	ENSMUST00000092971	CAGTTCTGCTTCCTCCTGTCCACCCGAGCTGGTGGCCTGGGCATCAACTTGGCCACTGCTGACACTGTCATCATCTTCGATTCTGACTGGAACCCCCATAATGACATCCAGGCCTTCAGCAGAGCCCATCGGAT
-14314	-18503	-15092	-18370	-14332	-15110	ENSMUST00000092971	CAGTTCTGCTTCCTCCTGTCCACCCGAGCTGGTGGCCTGGGCATCAACTTGGCCACTGCTGACACTGTCATCATCTTCGATTCTGACTGGAACCCCCATAATGACATCCAGGCCTTCAGCAGAGCCCATCGGAT
-14906	-18789	-15684	-18656	-14918	-15696	ENSMUST00000092971	CAGTTCTGCTTCCTCCTGTCCACCCGAGCTGGTGGCCTGGGCATCAACTTGGCCACTGCTGACACTGTCATCATCTTCGATTCTGACTGGAACCCCCATAATGACATCCAGGCCTTCAGCAGAGCCCATCGGAT
-347114	-178045	-346846	-177911	-347118	-346850	ENSMUST00000074352	ATCTGGTACAGTGGGGATGACCTGAAAGAGAAGAGGCAGTGCTGTGCCACAGCTGCCCCCTTGGAGCCCTGCTCATGGCCAGTGAGAAGCTGTTGGCTGCAGCTCCTATCCCCACACTGTAATACTCAGCTCTA
-6565	-12643	-7641	-12509	-6568	-7644	ENSMUST00000031411	TTACGCTGGCTGGGCTGACAAGTACCATGGGAAAACCATTCCCATCGACGGCGACTTCTTCAGCTATACCCGCCATGAGCCTGTGGGCGTGTGTGGACAGATCATTCCGTGGAACTTCCCGCTCCTGATGCAAGC
-4934	-3390	-4656	-3251	-6454	-6176	ENSMUST00000105575	GGGTTTTGTGGGCTGTCTGCGGGACGTGGTAGTGGGCCATCGCCAGCTGCATCTGCTGGAGGACGCTGTCACCAAACCAGAGCTAAGACCCTGCCCCACTCTCTGAGCTGCCACTAGAGCTGCCACCTTCCCTCCTGTA
0	-53260	-23963	-53122	-15	-23978	ENSMUST00000044443	GATCCCCAGCCACCAGGTGTCTGCGCTAGCCAAGGAGGCAGAAAGGAATTCTTATCGTCTGAGCTGGGGCACTGAGAACTTAGACAACGTGGCTCTTTCTTCCAGTCCTATTCATTCAGGTTTCCTAGTCAGTTTTATGG
0	-55804	-23963	-55666	-15	-23978	ENSMUST00000044443	GATCCCCAGCCACCAGGTGTCTGCGCTAGCCAAGGAGGCAGAAAGGAATTCTTATCGTCTGAGCTGGGGCACTGAGAACTTAGACAACGTGGCTCTTTCTTCCAGTCCTATTCATTCAGGTTTCCTAGTCAGTTTTATGG
12243	8813	12388	8958	12237	12382	ENSMUST00000025253	AATGAGGAATGGGAGACTGCATCAGAGAGCAGCGACTTTGCCAGTGAGCGCCGGGGTGACAAGGAGACTCCCCCAGCAGCACTTATGACCTCTAAAGCTGTGGGGACTCCTGGGGCCAATGCAGGTGGGGCTGGACCAGGCATTT
-14804	-42180	-68776	-42037	-14878	-68850	ENSMUST00000108407	AAGTGCTACGACAAGACCAAGGTCAACAAAGACAACAATGAGATTGTGGACAAGATCATGGGCAAGGGGCAGATCCAGCTGGATCCACAGACAGTAGAAAGCAAGAACTGGCATACGGACGTGATTGAAATGAATGGGATCAAAG
-14804	-42180	-68776	-42037	-14878	-68850	ENSMUST00000108407	AAGTGCTACGACAAGACCAAGGTCAACAAAGACAACAATGAGATTGTGGACAAGATCATGGGCAAGGGGCAGATCCAGCTGGATCCACAGACAGTAGAAAGCAAGAACTGGCATACGGACGTGATTGAAATGAATGGGATCAAAG
-30996	-28253	-34304	-28109	-22475	-22331	ENSMUST00000237749	TTATATAGCATGGAGTCCAGATGACAGCTATCTTGTTGCTTGTGGTCCAGATGACTGCTCTGAGCTTTGGCTTTGGAATGTACAGACGGGAGAATTAAGAACAAAAATGAGCCAATCTCATGAAGACAGTTTGACCAGTGTGGCC
-30996	-42833	-34304	-46141	-22475	-22331	ENSMUST00000237749	TTATATAGCATGGAGTCCAGATGACAGCTATCTTGTTGCTTGTGGTCCAGATGACTGCTCTGAGCTTTGGCTTTGGAATGTACAGACGGGAGAATTAAGAACAAAAATGAGCCAATCTCATGAAGACAGTTTGACCAGTGTGGCC
-10416	-6753	-10118	-6604	-5306	-5157	ENSMUST00000101141	ATGGAACTCTCTGTAAATATACTGACCTTGCTTGTGGTCAGCTTTTGTGGCTTTACCCTGAACTCTGCCCTGGCAAATATGCACATTCATGCTTGATGCTTACCACTTATCAACAGATCCTCTTGCTTGACTTTAACAAAATAAATAGT
-14598	-10978	-14300	-10829	-7492	-7343	ENSMUST00000101141	ATGGAACTCTCTGTAAATATACTGACCTTGCTTGTGGTCAGCTTTTGTGGCTTTACCCTGAACTCTGCCCTGGCAAATATGCACATTCATGCTTGATGCTTACCACTTATCAACAGATCCTCTTGCTTGACTTTAACAAAATAAATAGT
-22358	-32246	-22060	-32097	-22376	-22078	ENSMUST00000101141	ATGGAACTCTCTGTAAATATACTGACCTTGCTTGTGGTCAGCTTTTGTGGCTTTACCCTGAACTCTGCCCTGGCAAATATGCACATTCATGCTTGATGCTTACCACTTATCAACAGATCCTCTTGCTTGACTTTAACAAAATAAATAGT
-22358	-45276	-22060	-45127	-22376	-22078	ENSMUST00000101141	ATGGAACTCTCTGTAAATATACTGACCTTGCTTGTGGTCAGCTTTTGTGGCTTTACCCTGAACTCTGCCCTGGCAAATATGCACATTCATGCTTGATGCTTACCACTTATCAACAGATCCTCTTGCTTGACTTTAACAAAATAAATAGT
4882	4260	-38	-349	4592	-183	ENSMUST00000009344	TGCAGGCTTTTGGACAGTCCTTTCTTCAGCCTGACATCCACCTGTTCAAACAAAATCTCTTCTACTTGGAGACTCTGAACACGAAGCAGAAACTATACCACAAAAAGATCTTCCGGACCACCATGCTGTTCCAGTTCGTGAACGTGCTGCT
-3299	-5311	-8253	-5162	-3344	-8298	ENSMUST00000009344	TGCAGGCTTTTGGACAGTCCTTTCTTCAGCCTGACATCCACCTGTTCAAACAAAATCTCTTCTACTTGGAGACTCTGAACACGAAGCAGAAACTATACCACAAAAAGATCTTCCGGACCACCATGCTGTTCCAGTTCGTGAACGTGCTGCT
-44818	-26423	-49772	-26274	-25038	-24889	ENSMUST00000009344	TGCAGGCTTTTGGACAGTCCTTTCTTCAGCCTGACATCCACCTGTTCAAACAAAATCTCTTCTACTTGGAGACTCTGAACACGAAGCAGAAACTATACCACAAAAAGATCTTCCGGACCACCATGCTGTTCCAGTTCGTGAACGTGCTGCT
1121774	654332	1121926	654484	1121522	1121674	ENSMUST00000195826	TACTAAATGGACAGAGTGTTTTTGGACTGGATATCGTGGAAACTCCGGAGGGAGAAAAGTGGCCGCAATTGATTGTTCAGCAGAACTTGGATAGAGAACAAAAAGATACCTATGTGATGAAAATCAAAGTGGAGGATGGGGGCACGCCACAG
-2151	-6012	-1988	-5849	-2154	-1991	ENSMUST00000121759	TAGAGCAGATCTGTTAGGACAGAGCACCTTTGCAAATGCTCAGTGTTATCACAATCCTGTGTTTATAGAAGTAACTCTGCTGCAGCCATCACTCGCTGTTAGCAATAACTCTTGTGAGTTTTAGATCGTGCTTGTTGGGGTTCTAATCATTTCAACAGTAGTA
-71448	-38256	-71122	-38093	-35733	-35570	ENSMUST00000121759	TAGAGCAGATCTGTTAGGACAGAGCACCTTTGCAAATGCTCAGTGTTATCACAATCCTGTGTTTATAGAAGTAACTCTGCTGCAGCCATCACTCGCTGTTAGCAATAACTCTTGTGAGTTTTAGATCGTGCTTGTTGGGGTTCTAATCATTTCAACAGTAGTA
-25163	-14687	-24807	-14509	-25168	-24812	ENSMUST00000163230	TTTTTGCTGTTGTCCCAGGTCCTCGGTGTTTGCATTCCAAGAGGAAGTCGAGTGCCTCGGGTCTGTTGTAGGACTTGATTTTTTTTTTTTTTGTAGAGCAATGCAGTGCCATGCTGTTAGAAAGGCTCCAGACTTAGAACCACCAGTGCCAAGCCAGCTCTCAGACCGACTAGGGCTC
-25163	-17940	-24807	-17762	-25168	-24812	ENSMUST00000163230	TTTTTGCTGTTGTCCCAGGTCCTCGGTGTTTGCATTCCAAGAGGAAGTCGAGTGCCTCGGGTCTGTTGTAGGACTTGATTTTTTTTTTTTTTGTAGAGCAATGCAGTGCCATGCTGTTAGAAAGGCTCCAGACTTAGAACCACCAGTGCCAAGCCAGCTCTCAGACCGACTAGGGCTC
11939	5815	7608	1484	10793	6462	ENSMUST00000078352	AAGACTGTGCGGGACCTCATGCCCAAGACCATCATGCACCTCATGATCAACAACACCAAGGAGTTTATCTTCTCTGAGCTGCTGGCCAACCTGTACTCTTGCGGGGACCAGAACACACTGATGGAAGAATCGGCCGAGCAGGCTCAGCGGCGCGACGAGATGCTGCGCATGTACCACGCAC
11939	5815	7608	1484	9093	4762	ENSMUST00000078352	AAGACTGTGCGGGACCTCATGCCCAAGACCATCATGCACCTCATGATCAACAACACCAAGGAGTTTATCTTCTCTGAGCTGCTGGCCAACCTGTACTCTTGCGGGGACCAGAACACACTGATGGAAGAATCGGCCGAGCAGGCTCAGCGGCGCGACGAGATGCTGCGCATGTACCACGCAC
10793	5815	6462	1484	9093	4762	ENSMUST00000078352	AAGACTGTGCGGGACCTCATGCCCAAGACCATCATGCACCTCATGATCAACAACACCAAGGAGTTTATCTTCTCTGAGCTGCTGGCCAACCTGTACTCTTGCGGGGACCAGAACACACTGATGGAAGAATCGGCCGAGCAGGCTCAGCGGCGCGACGAGATGCTGCGCATGTACCACGCAC
93533	91703	85736	83906	93181	85384	ENSMUST00000141722	TTCTCCTGGAAAAGGACTTAGTGCTGATAGACCTTGCACAAAATGGATACCCTATATTTGAGAATCCCTACCCTTTGAGTATACACGAGTCCCCTGTTACATGTTGTGAATATTTTGCTGATTGTCCTGTGGATCTTATTCCTGCACTTTACTCTGTTGGAGCTAGACAGAAGCGTCAAGGTT
76469	53877	68672	46080	76459	68662	ENSMUST00000141722	TTCTCCTGGAAAAGGACTTAGTGCTGATAGACCTTGCACAAAATGGATACCCTATATTTGAGAATCCCTACCCTTTGAGTATACACGAGTCCCCTGTTACATGTTGTGAATATTTTGCTGATTGTCCTGTGGATCTTATTCCTGCACTTTACTCTGTTGGAGCTAGACAGAAGCGTCAAGGTT
59043	47737	56593	45287	58867	56417	ENSMUST00000190723	TGGAGGACCTCTCCAAGCTGGCTGTAACCTCCTACAATGACATCCAGGACCTCATGGACTCAGGGAACAAGGCCAGGACTGTGGCGGCCACAAACATGAATGAGACCAGCAGCCGTTCTCACGCAGTCTTCAACATCATCTTTACCCAGAAGCGCCATGATGCAGAGACCAACATCACCACAGAGA
59043	47737	56593	45287	58867	56417	ENSMUST00000190723	TGGAGGACCTCTCCAAGCTGGCTGTAACCTCCTACAATGACATCCAGGACCTCATGGACTCAGGGAACAAGGCCAGGACTGTGGCGGCCACAAACATGAATGAGACCAGCAGCCGTTCTCACGCAGTCTTCAACATCATCTTTACCCAGAAGCGCCATGATGCAGAGACCAACATCACCACAGAGA
7429	7221	6676	6468	7381	6628	ENSMUST00000200169	TGTCTAGACATTCTGGAGGATTATCTGATCCAGAGGAGGTACTTATATGAACGTATTGATGGGCGAGTTAGAGGCAACCTTCGACAAGCTGCTATCGACCGCTTTAGCAAGCCTGACTCAGACCGCTTTGTCTTCTTGCTATGTACCCGTGCTGGTGGACTTGGTATTAATCTTACAGCTGCTGATACCTG
-42266	-34653	-44172	-34450	-29088	-28885	ENSMUST00000086819	GAAGCAGCCTGGGACAGTTCCATGCATAACTCTCTCCTGCTGAATCGTGTCACCCCTTACCGGGAGAAAATCTACATGACGCTCTCTGCCTACATTGAGATGGAGAACTGTACCCAGCCAGCTGTCATCACCAAGGACTTCTGCATGGTTTTCTACTCTCGGGACGCCAAGCTACCCGCCTCACGCTCCATTCGCAACCTGTTT
32184	31814	31840	31470	32086	31742	ENSMUST00000107788	GGGGAACGCTTACGAGCCTGGGTCCGAGCCCGGCTCCCTGCCTGTTGCCGAGAGCGAGATTCCTGGTCTGCCTATATCTTCCCTCCCCAGTCAAGGTTTCGTCTCCTGTGTCACCGGATCATCACCCACAAGATGTTTGACCATGTGGTCCTCGTCATCATCTTCCTCAACTGTATCACCATCGCTATGGAGCGCCCCAAAATT
-54303	-53057	-54567	-52854	-54354	-54618	ENSMUST00000107788	GGGGAACGCTTACGAGCCTGGGTCCGAGCCCGGCTCCCTGCCTGTTGCCGAGAGCGAGATTCCTGGTCTGCCTATATCTTCCCTCCCCAGTCAAGGTTTCGTCTCCTGTGTCACCGGATCATCACCCACAAGATGTTTGACCATGTGGTCCTCGTCATCATCTTCCTCAACTGTATCACCATCGCTATGGAGCGCCCCAAAATT
60619	49313	59097	47791	60443	58921	ENSMUST00000112958	ACCTCTTCTCTCGAATCAACGACACCACCAACGACAACATGTCCTACTCTGTGGAGGTCAGCTACATGGAGATTTACTGTGAGCGAGTCCGTGACCTCCTGAACCCCAAGAACAAAGGCAACCTGCGTGTGAGGGAGCACCCTCTGCTGGGGCCTTATGTGGAGGACCTCTCCAAGCTGGCTGTAACCTCCTACAATGACATCCAGGACCTCA
25618	19306	23884	17572	25462	23728	ENSMUST00000030806	GAAATTTACTGTGAGAGAGTACGAGATTTACTGAATCCCAAAAACAAGGGTAACTTGCGTGTGCGTGAACACCCGCTTCTTGGACCCTATGTGGAGGATCTGTCCAAGCTGGCGGTCACCTCCTACACTGACATCGCTGACCTGATGGATGCTGGGAACAAAGCCAGGACTGTGGCAGCTACCAACATGAATGAGACAAGCAGCCGTTCTCACGCTGTGTTC
25618	17354	23884	15620	25462	23728	ENSMUST00000030806	GAAATTTACTGTGAGAGAGTACGAGATTTACTGAATCCCAAAAACAAGGGTAACTTGCGTGTGCGTGAACACCCGCTTCTTGGACCCTATGTGGAGGATCTGTCCAAGCTGGCGGTCACCTCCTACACTGACATCGCTGACCTGATGGATGCTGGGAACAAAGCCAGGACTGTGGCAGCTACCAACATGAATGAGACAAGCAGCCGTTCTCACGCTGTGTTC
25618	19306	23884	17572	25462	23728	ENSMUST00000030806	GAAATTTACTGTGAGAGAGTACGAGATTTACTGAATCCCAAAAACAAGGGTAACTTGCGTGTGCGTGAACACCCGCTTCTTGGACCCTATGTGGAGGATCTGTCCAAGCTGGCGGTCACCTCCTACACTGACATCGCTGACCTGATGGATGCTGGGAACAAAGCCAGGACTGTGGCAGCTACCAACATGAATGAGACAAGCAGCCGTTCTCACGCTGTGTTC
25618	17354	23884	15620	25462	23728	ENSMUST00000030806	GAAATTTACTGTGAGAGAGTACGAGATTTACTGAATCCCAAAAACAAGGGTAACTTGCGTGTGCGTGAACACCCGCTTCTTGGACCCTATGTGGAGGATCTGTCCAAGCTGGCGGTCACCTCCTACACTGACATCGCTGACCTGATGGATGCTGGGAACAAAGCCAGGACTGTGGCAGCTACCAACATGAATGAGACAAGCAGCCGTTCTCACGCTGTGTTC
-42216	-34628	-46592	-34407	-29063	-28842	ENSMUST00000190723	ATAACTCTCTCCTGCTGAATCGTGTCACCCCTTACCGGGAGAAAATCTACATGACGCTCTCTGCCTACATTGAGATGGAGAACTGTACCCAGCCAGCTGTCATCACCAAGGACTTCTGCATGGTTTTCTACTCTCGGGACGCCAAGCTACCCGCCTCACGCTCCATTCGCAACCTGTTTGGCAGTGGCAGCCTGCGGGCCACAGAAGGCAACCGTGTGACTGG
-42216	-34628	-46592	-34407	-29063	-28842	ENSMUST00000190723	ATAACTCTCTCCTGCTGAATCGTGTCACCCCTTACCGGGAGAAAATCTACATGACGCTCTCTGCCTACATTGAGATGGAGAACTGTACCCAGCCAGCTGTCATCACCAAGGACTTCTGCATGGTTTTCTACTCTCGGGACGCCAAGCTACCCGCCTCACGCTCCATTCGCAACCTGTTTGGCAGTGGCAGCCTGCGGGCCACAGAAGGCAACCGTGTGACTGG
-49950	-33947	-52436	-33721	-28382	-28156	ENSMUST00000086819	GAGAGCAAGCTCTCTGAGATGTCTGTCACCCTGATGCGGGACCCATCCATGTCCCCTCTGGGTGCTGCTACACTCACTCCCTCCTCCACTTGCCCCTCTCTGATCGAAGGACGATACGGTGCCACTGACGTGAGGACCCCCCAGCCCTGCTCCCGGCCCGCCAGCCCAGAGCCCGAGCTCCTGCCAGAACTTGACTCTAAGAAGACTCCCTCCCCTGTTCGGGCAACA
-152432	-79850	-152958	-79596	-152510	-153036	ENSMUST00000060537	AAGGATACCTGCATTTCAAAGAGCCACTTTCCAGTAACTGGGCTAAACATTTCGTTGTGGTTCGTCGCCCTTACGTCTTCATCTATAACAGTGACAAAGACCCAGTAGAGCGTGGCATCATTAACCTGTCTACAGCACAGGTGGAGTACAGCGAGGACCAGCAGGCCATGGTGAAGACACCTAATACTTTTGCTGTATGCACAAAGCACCGTGGGGTCCTTCTGCAAGCTCTCAATGACAAAGACATGAATGACT
-152432	-80826	-152958	-80572	-152510	-153036	ENSMUST00000060537	AAGGATACCTGCATTTCAAAGAGCCACTTTCCAGTAACTGGGCTAAACATTTCGTTGTGGTTCGTCGCCCTTACGTCTTCATCTATAACAGTGACAAAGACCCAGTAGAGCGTGGCATCATTAACCTGTCTACAGCACAGGTGGAGTACAGCGAGGACCAGCAGGCCATGGTGAAGACACCTAATACTTTTGCTGTATGCACAAAGCACCGTGGGGTCCTTCTGCAAGCTCTCAATGACAAAGACATGAATGACT
54191	42885	38832	27526	54015	38656	ENSMUST00000190723	ACGAGCCGACTCCACAGGAGCCAAGGGCACGCGACTCAAGGAGGGGGCCAACATCAACAAGTCTTTGACCACCCTGGGAAAGGTCATCTCTGCTCTGGCTGAAATGGACTCTGGACCCAACAAGAACAAGAAAAAGAAGAAGACAGATTTCATCCCTTACCGAGACTCCGTATTGACATGGCTTCTCCGGGAAAACCTCGGTGGCAACTCAAGGACAGCCATGGTGGCAGCCCTGAGCCCTGCGGACATCAACTATGATGAGACCCTCAGCACACTGAGATATGCAGATCGGGCCAAACAAATCCGCTGCAATGCCATCATCAATGAAGACCCCAACAACAAGCTGATTAGAGAACTGAAGGATGAGGTGACCAGGCTGAGAGACCTGCTGTATGCCCAAGGTCTTGGCGATATC
