prot_start_short_splice_start	prot_start_short_splice_end	prot_end_short_splice_start	prot_end_short_splice_end	prot_start_long_splice_start	prot_start_long_splice_end	prot_end_long_splice_start	prot_end_long_splice_end	transcript_ID	prot_seq
-14211	-16452	-14192	-16433	-14211	-16365	-16346	-14192	ENSMUST00000050166	AAGCTAATAAGACAATAGA
8267	743	8286	762	8267	753	772	8286	ENSMUST00000177129	GTCTGCAACCCGCAGCGTG
-33440	-34394	-33421	-34375	-33440	-34163	-34144	-33421	ENSMUST00000121146	GGATCTGAAGGAAGAAAAT
-36	-1199	-17	-1180	-36	-970	-951	-17	ENSMUST00000103176	GGCCGGACATGGTGAATGG
2091	1628	2110	1647	2091	1696	1715	2110	ENSMUST00000102925	CACTCGCCTGGGCGTCACA
-60271	-63709	-60252	-63690	-60271	-63694	-63675	-60252	ENSMUST00000168645	AAGAGTTTTCCAAAACAGA
-27609	-31018	-27590	-30999	-27609	-29465	-29446	-27590	ENSMUST00000049081	AACCAAAGCGCTAGGCTCT
-31377	-31608	-31358	-31589	-31377	-31485	-31466	-31358	ENSMUST00000049081	AACCAAAGCGCTAGGCTCT
-6825	-13259	-6805	-13239	-6825	-13251	-13231	-6805	ENSMUST00000181535	AATACAGGTGCTATGCAACC
-6806	-9259	-6786	-9239	-6806	-9158	-9138	-6786	ENSMUST00000181535	AATACAGGTGCTATGCAACC
-9307	-13259	-9287	-13239	-9307	-13251	-13231	-9287	ENSMUST00000181535	AATACAGGTGCTATGCAACC
-13129	-13259	-13109	-13239	-13129	-13251	-13231	-13109	ENSMUST00000181535	AATACAGGTGCTATGCAACC
-13165	-13259	-13145	-13239	-13165	-13251	-13231	-13145	ENSMUST00000181535	AATACAGGTGCTATGCAACC
-5274	-9851	-5254	-9831	-5274	-9811	-9791	-5254	ENSMUST00000000285	GGGCATCTAACTTGGTGTGT
-22096	-60726	-22076	-60706	-22096	-60616	-60596	-22076	ENSMUST00000059256	CTGGGAAATGCTGGTGCAGG
23600	15985	20211	12596	23600	16148	12759	20211	ENSMUST00000034529	GGTTTGATCTATTTTCGGAT
7217	2903	7237	2923	7217	3389	3409	7237	ENSMUST00000106550	CTGCGGCTGGATACAAGTCT
5102	2903	5122	2923	5102	3389	3409	5122	ENSMUST00000106550	CTGCGGCTGGATACAAGTCT
9624	9541	9644	9561	9624	9545	9565	9644	ENSMUST00000107152	ACCCAACTTAAAAGTACGTT
-1864	-2191	-3399	-3726	-1864	-2170	-3705	-3399	ENSMUST00000063577	CGACAGAGGAAAGGGCGAGA
-9889	-11353	-11424	-12888	-9889	-10831	-12366	-11424	ENSMUST00000063577	CGACAGAGGAAAGGGCGAGA
-19981	-22278	-19961	-22258	-19981	-22122	-22102	-19961	ENSMUST00000109266	TATATCAGAAAAAAGAAATT
9119	48	9139	68	9119	52	72	9139	ENSMUST00000052069	GCGGCTTTGCCTCGGCGCGG
-17197	-19438	-17176	-19417	-17197	-19351	-19330	-17176	ENSMUST00000115388	AGGATGTGGTGTGGTTTCTTC
-820	-1068	-1567	-1815	-820	-990	-1737	-1567	ENSMUST00000054538	AGCCTGACTCTGGCTATCAGA
-4232	-4624	-6508	-6900	-4232	-4572	-6848	-6508	ENSMUST00000028608	CCCAAACGACCTGACTGGGGA
3015	2084	3036	2105	3015	2477	2498	3036	ENSMUST00000119954	AAAGAAATATTAAGAGAAGTG
-41936	-42399	-41915	-42378	-41936	-42355	-42334	-41915	ENSMUST00000040603	AGCTAACCCCTCAGCTCCTGG
-41936	-42399	-41915	-42378	-41936	-42355	-42334	-41915	ENSMUST00000040603	AGCTAACCCCTCAGCTCCTGG
-3277	-9711	-3256	-9690	-3277	-9703	-9682	-3256	ENSMUST00000181535	AGCTGAGGGTGACACCAGATT
-3258	-5711	-3237	-5690	-3258	-5610	-5589	-3237	ENSMUST00000181535	AGCTGAGGGTGACACCAGATT
-5759	-9711	-5738	-9690	-5759	-9703	-9682	-5738	ENSMUST00000181535	AGCTGAGGGTGACACCAGATT
-9581	-9711	-9560	-9690	-9581	-9703	-9682	-9560	ENSMUST00000181535	AGCTGAGGGTGACACCAGATT
-9617	-9711	-9596	-9690	-9617	-9703	-9682	-9596	ENSMUST00000181535	AGCTGAGGGTGACACCAGATT
2946	2655	2967	2676	2946	2864	2885	2967	ENSMUST00000019614	CCCAGAATCCGGACAAGGTAC
-2644	-2922	-2623	-2901	-2644	-2836	-2815	-2623	ENSMUST00000019614	CCCAGAATCCGGACAAGGTAC
9043	8084	9064	8105	9043	8102	8123	9064	ENSMUST00000084125	TCAGACCCAGCTGTTTTCATT
9113	8075	9134	8096	9113	8084	8105	9134	ENSMUST00000084125	TCAGACCCAGCTGTTTTCATT
9043	8075	9064	8096	9043	8084	8105	9064	ENSMUST00000084125	TCAGACCCAGCTGTTTTCATT
9043	8011	9064	8032	9043	8084	8105	9064	ENSMUST00000084125	TCAGACCCAGCTGTTTTCATT
9043	8011	9064	8032	9043	8075	8096	9064	ENSMUST00000084125	TCAGACCCAGCTGTTTTCATT
8923	8075	8944	8096	8923	8084	8105	8944	ENSMUST00000084125	TCAGACCCAGCTGTTTTCATT
269508	265631	269529	265652	269508	265739	265760	269529	ENSMUST00000058902	GGCCGGGTGACCCCGGGGAGA
-8022	-11210	-8001	-11189	-8022	-11207	-11186	-8001	ENSMUST00000046719	ATGACAGCAAGTAGCAAATGG
-15377	-16473	-15355	-16451	-15377	-16468	-16446	-15355	ENSMUST00000177594	TTTGTTAAAAGTACTGACAAAT
16242	15780	16264	15802	16242	15796	15818	16264	ENSMUST00000048139	ATCCCGTGGCTAGCTTGGTTGT
3111	2909	3133	2931	3111	3008	3030	3133	ENSMUST00000101085	AGTGAGCGAGCCCGGGGGAACA
546	92	568	114	546	110	132	568	ENSMUST00000101085	AGTGAGCGAGCCCGGGGGAACA
546	19	568	41	546	110	132	568	ENSMUST00000101085	AGTGAGCGAGCCCGGGGGAACA
546	-31	568	-9	546	110	132	568	ENSMUST00000101085	AGTGAGCGAGCCCGGGGGAACA
546	19	568	41	546	92	114	568	ENSMUST00000101085	AGTGAGCGAGCCCGGGGGAACA
546	-31	568	-9	546	92	114	568	ENSMUST00000101085	AGTGAGCGAGCCCGGGGGAACA
546	-31	568	-9	546	19	41	568	ENSMUST00000101085	AGTGAGCGAGCCCGGGGGAACA
430	92	452	114	430	110	132	452	ENSMUST00000101085	AGTGAGCGAGCCCGGGGGAACA
430	-31	452	-9	430	110	132	452	ENSMUST00000101085	AGTGAGCGAGCCCGGGGGAACA
430	-31	452	-9	430	92	114	452	ENSMUST00000101085	AGTGAGCGAGCCCGGGGGAACA
-3152	-3596	-3130	-3574	-3152	-3260	-3238	-3130	ENSMUST00000127569	TGTGGTACCTGCTCAGATTTAT
9063	8736	9085	8758	9063	8757	8779	9085	ENSMUST00000063577	TGGAATTTGGAGAGGATCTGCT
1038	-426	1060	-404	1038	96	118	1060	ENSMUST00000063577	TGGAATTTGGAGAGGATCTGCT
-6449	-8853	-6427	-8831	-6449	-8835	-8813	-6427	ENSMUST00000035346	TTAATGAGCGGTTATCTCCATG
54410	47596	54432	47618	54410	47617	47639	54432	ENSMUST00000107788	CTCTGGCGTGGAGCCGGGACGA
49656	47596	49678	47618	49656	47617	47639	49678	ENSMUST00000107788	CTCTGGCGTGGAGCCGGGACGA
14931	11652	14953	11674	14931	11667	11689	14953	ENSMUST00000021288	GGGCTCAGGGCAGCAGGCGAGC
20145	18217	20167	18239	20145	18300	18322	20167	ENSMUST00000120963	TCTTCTGAAAGAACAAGGACGG
-91606	-141202	-91584	-141180	-91606	-141193	-141171	-91584	ENSMUST00000145596	TAAATCTAAACTTGTTTCTCAA
-96260	-141202	-96238	-141180	-96260	-141193	-141171	-96238	ENSMUST00000145596	TAAATCTAAACTTGTTTCTCAA
-130993	-141202	-130971	-141180	-130993	-141193	-141171	-130971	ENSMUST00000145596	TAAATCTAAACTTGTTTCTCAA
-91606	-141202	-91584	-141180	-91606	-141193	-141171	-91584	ENSMUST00000145596	TAAATCTAAACTTGTTTCTCAA
-96260	-141202	-96238	-141180	-96260	-141193	-141171	-96238	ENSMUST00000145596	TAAATCTAAACTTGTTTCTCAA
-130993	-141202	-130971	-141180	-130993	-141193	-141171	-130971	ENSMUST00000145596	TAAATCTAAACTTGTTTCTCAA
-2498	-5330	-2475	-5307	-2498	-4221	-4198	-2475	ENSMUST00000072222	CACTGCCCTTTGTGATAAAAAAA
-298	-2362	-275	-2339	-298	-2336	-2313	-275	ENSMUST00000071564	TGTTCCCATCGTGTTCAAGGCTT
-38627	-42610	-38604	-42587	-38627	-42282	-42259	-38604	ENSMUST00000036450	CTTTGATCGGGCAGCTGCTGGAT
-4597	-4678	-4574	-4655	-4597	-4669	-4646	-4574	ENSMUST00000126854	AGGGAGGCTAGCGGTTGCTCAGA
-15639	-15884	-15616	-15861	-15639	-15877	-15854	-15616	ENSMUST00000126854	AGGGAGGCTAGCGGTTGCTCAGA
61826	58035	61849	58058	61826	58074	58097	61849	ENSMUST00000114960	CGGCCATTATGCCTCCCAGCAAA
-2636	-2741	-2612	-2717	-2636	-2737	-2713	-2612	ENSMUST00000112308	TTTCTTTTTGCGGCACTGTGTGAC
976	536	720	280	976	617	361	720	ENSMUST00000058860	GAGCTGCAGGAAGGCGGGGACGGC
976	536	720	280	976	617	361	720	ENSMUST00000058860	GAGCTGCAGGAAGGCGGGGACGGC
-15821	-16917	-15797	-16893	-15821	-16912	-16888	-15797	ENSMUST00000177594	CATATCATTCTGTCCCTTGAGAAT
-103906	-116648	-103882	-116624	-103906	-116579	-116555	-103882	ENSMUST00000154376	TGGTCTTGACTGGAGCACGCTTAT
3253	2658	3278	2683	3253	2869	2894	3278	ENSMUST00000030886	ACCACTGGAGGTTCCGCCCCTGCTG
4983	3812	3213	2042	4983	4095	2325	3213	ENSMUST00000029741	TAAATTAGCCCCGACCCTGAGTTCT
-11493	-13378	-11467	-13352	-11493	-13271	-13245	-11467	ENSMUST00000030087	ATTATGGGACAGTCGGGGGCTTCAGA
-16640	-20989	-16614	-20963	-16640	-20079	-20053	-16614	ENSMUST00000098873	GAGGACATAGTTCAGTGGTAGAACGT
-107	-2336	-80	-2309	-107	-2279	-2252	-80	ENSMUST00000032410	GGGCCCAGGAGGATCTGCTGGAGGAGC
4393	4246	4420	4273	4393	4279	4306	4420	ENSMUST00000043897	TAAATTGTGTCTTTGCATCACTTCTGG
4393	4246	4420	4273	4393	4279	4306	4420	ENSMUST00000043897	TAAATTGTGTCTTTGCATCACTTCTGG
-7726	-9204	-7697	-9175	-7726	-9133	-9104	-7697	ENSMUST00000030336	CCCCAAGCAAGAGTCATGGCGGAGGCCCA
-1478	-2437	-1449	-2408	-1478	-2419	-2390	-1449	ENSMUST00000084125	AATATTCTGGAATGGACTTGGTGTTAATT
-1408	-2446	-1379	-2417	-1408	-2437	-2408	-1379	ENSMUST00000084125	AATATTCTGGAATGGACTTGGTGTTAATT
-1478	-2446	-1449	-2417	-1478	-2437	-2408	-1449	ENSMUST00000084125	AATATTCTGGAATGGACTTGGTGTTAATT
-1478	-2510	-1449	-2481	-1478	-2437	-2408	-1449	ENSMUST00000084125	AATATTCTGGAATGGACTTGGTGTTAATT
-1478	-2510	-1449	-2481	-1478	-2446	-2417	-1449	ENSMUST00000084125	AATATTCTGGAATGGACTTGGTGTTAATT
-1598	-2446	-1569	-2417	-1598	-2437	-2408	-1569	ENSMUST00000084125	AATATTCTGGAATGGACTTGGTGTTAATT
-103	-2573	-71	-2541	-103	-2435	-2403	-71	ENSMUST00000111836	AGCCAGGAAAACGCCTGTCACTCAAACTCCAA
-735	-2833	-2506	-4604	-735	-2784	-4555	-2506	ENSMUST00000112066	TCCTCTGAGTTCCGCTGCTCAAGATCCCTAAG
-13115	-14359	-13080	-14324	-13115	-14170	-14135	-13080	ENSMUST00000003961	GCTCGCCCTACGGACTGCACCACCTATACATACCA
-5337	-5800	-5302	-5765	-5337	-5756	-5721	-5302	ENSMUST00000040603	ACAAAACCTTATAAGAAAGACGAGAACTCGATCAA
-5337	-5800	-5302	-5765	-5337	-5756	-5721	-5302	ENSMUST00000040603	ACAAAACCTTATAAGAAAGACGAGAACTCGATCAA
-15803	-19786	-15768	-19751	-15803	-19458	-19423	-15768	ENSMUST00000036450	AGGGTGTGACTTTCATTCCCGGTTCATCCTCTACT
6176	566	6212	602	6176	607	643	6212	ENSMUST00000046603	CGTGCTCATCATCATCTACCATGCCAGGGCCACACT
18061	13540	18098	13577	18061	13544	13581	18098	ENSMUST00000112113	GACCCGTTCCTCCACCGGCTGCGCCCCATGCTCAGCT
24268	17454	24305	17491	24268	17475	17512	24305	ENSMUST00000107793	GCGGGTGCTGAAGCTAGTTCGCTTCCTGCCGGCACTG
19514	17454	19551	17491	19514	17475	17512	19551	ENSMUST00000107793	GCGGGTGCTGAAGCTAGTTCGCTTCCTGCCGGCACTG
-23312	-23491	-23275	-23454	-23312	-23482	-23445	-23275	ENSMUST00000023741	TTTTTAATTATGGGCGTGGGATGGCGGCTGAGGCAAA
11869	9780	11905	9816	11869	9789	9825	11905	ENSMUST00000159855	GTTTGGAAACTAGCCCCATAACCGACACTGACCTGGC
-4611	-4757	-4573	-4719	-4611	-4755	-4717	-4573	ENSMUST00000139819	CACATGTCCCTGCTCTACCCTGTGGCCATCCGGACTCT
-924	-2131	-886	-2093	-924	-2065	-2027	-886	ENSMUST00000013842	GCCTTAAAGGTCCTTCCTAAATCTCCCTAGTCTTGCCT
-1748	-3415	-4805	-6472	-1748	-3368	-6425	-4805	ENSMUST00000110701	GGCCAGGGGACTTCTCAGAAGAATTGTCAACACTGTTT
-1769	-3415	-4826	-6472	-1769	-3368	-6425	-4826	ENSMUST00000110701	GGCCAGGGGACTTCTCAGAAGAATTGTCAACACTGTTT
2752	-19	2790	19	2752	102	140	2790	ENSMUST00000198389	AAGTTCAGGGCGGCCACACAGTGCGAGTTCTCCAAACA
-67	-2010	-29	-1972	-67	-1868	-1830	-29	ENSMUST00000198389	AAGTTCAGGGCGGCCACACAGTGCGAGTTCTCCAAACA
-2983	-4962	-2944	-4923	-2983	-4931	-4892	-2944	ENSMUST00000026665	AAGTTTGTTAAAAGGCTAAAGAGCTCTCTAGAACCTGCT
-25180	-26710	-25140	-26670	-25180	-26560	-26520	-25140	ENSMUST00000021347	TTTTTCTTTCTTCGTTCTGCAAACATACACAAGACACTCG
26588	26048	26628	26088	26588	26275	26315	26628	ENSMUST00000154230	ATCTGTCATTCTAAGAGAGAAACCTCAGTCTGGCCGCCAG
-33183	-85719	-33143	-85679	-33183	-85701	-85661	-33143	ENSMUST00000154230	ATCTGTCATTCTAAGAGAGAAACCTCAGTCTGGCCGCCAG
-8	-5946	-957	-6895	-8	-5918	-6867	-957	ENSMUST00000182627	CTATCACAGTGTCTGCCCTGTGAGGAATGAGAGCGCCTCA
-3937	-5946	-4886	-6895	-3937	-5918	-6867	-4886	ENSMUST00000182627	CTATCACAGTGTCTGCCCTGTGAGGAATGAGAGCGCCTCA
-45016	-45559	-45965	-46508	-45016	-45502	-46451	-45965	ENSMUST00000182627	CTATCACAGTGTCTGCCCTGTGAGGAATGAGAGCGCCTCA
-7635	-8523	-7594	-8482	-7635	-8520	-8479	-7594	ENSMUST00000177517	CCGGACCTCCAGTCCCTGCGCTACGCCCTGTCGCTCTACAC
-21730	-23452	-21689	-23411	-21730	-23431	-23390	-21689	ENSMUST00000177517	CCGGACCTCCAGTCCCTGCGCTACGCCCTGTCGCTCTACAC
-27280	-28268	-27239	-28227	-27280	-27909	-27868	-27239	ENSMUST00000177517	CCGGACCTCCAGTCCCTGCGCTACGCCCTGTCGCTCTACAC
-27280	-28283	-27239	-28242	-27280	-27909	-27868	-27239	ENSMUST00000177517	CCGGACCTCCAGTCCCTGCGCTACGCCCTGTCGCTCTACAC
-27280	-28283	-27239	-28242	-27280	-28268	-28227	-27239	ENSMUST00000177517	CCGGACCTCCAGTCCCTGCGCTACGCCCTGTCGCTCTACAC
-27964	-28283	-27923	-28242	-27964	-28268	-28227	-27923	ENSMUST00000177517	CCGGACCTCCAGTCCCTGCGCTACGCCCTGTCGCTCTACAC
-89152	-95293	-89110	-95251	-89152	-95246	-95204	-89110	ENSMUST00000029796	TCAAAAAGCCTGTATGGCTGCTCACTCATTAATCTTCTGCCA
2359	1900	2401	1942	2359	1924	1966	2401	ENSMUST00000151288	CTTCACACCGCTTATTGGCTCTGCAAGTGACCGCTGCACCCT
-4400	-5280	-4358	-5238	-4400	-5276	-5234	-4358	ENSMUST00000056149	ACTTCTTCCATTCTGCCCACCTGTCTGTCACCTAACCTGGCC
-21518	-26001	-21475	-25958	-21518	-25952	-25909	-21475	ENSMUST00000036161	ACGTGAACCTTGCCTGGAGCATCTCTCCATACCTCGCTGTGCA
-72229	-121825	-72186	-121782	-72229	-121816	-121773	-72186	ENSMUST00000225431	CATACTTCAATGACAATATCCTCACCCTAATACGGACCCTGGT
-76883	-121825	-76840	-121782	-76883	-121816	-121773	-76840	ENSMUST00000225431	CATACTTCAATGACAATATCCTCACCCTAATACGGACCCTGGT
-111616	-121825	-111573	-121782	-111616	-121816	-121773	-111573	ENSMUST00000225431	CATACTTCAATGACAATATCCTCACCCTAATACGGACCCTGGT
19171	12357	19214	12400	19171	12378	12421	19214	ENSMUST00000100561	TTTTCGCCCAGTGTGGATGGTGATGGGGACAGGAAGAAGCGCT
14417	12357	14460	12400	14417	12378	12421	14460	ENSMUST00000100561	TTTTCGCCCAGTGTGGATGGTGATGGGGACAGGAAGAAGCGCT
-1523	-2562	-1480	-2519	-1523	-1793	-1750	-1480	ENSMUST00000180572	TTGTAAACTTGTTGCATTTTTATATGATTTTCTTGACTGCACG
-6899	-7559	-6856	-7516	-6899	-7019	-6976	-6856	ENSMUST00000180572	TTGTAAACTTGTTGCATTTTTATATGATTTTCTTGACTGCACG
-540	-1866	-497	-1823	-540	-1362	-1319	-497	ENSMUST00000105631	CCCTGTCCCCTACTCCACTGTGCACCGGGCTTGTTTTGAACAA
-2881	-7393	-2836	-7348	-2881	-7300	-7255	-2836	ENSMUST00000149964	TTCCTGGCTTGAGTTCCTGTCCCTTTTGATTGTGGCCTCTGGAAA
-5775	-7393	-5730	-7348	-5775	-7300	-7255	-5730	ENSMUST00000149964	TTCCTGGCTTGAGTTCCTGTCCCTTTTGATTGTGGCCTCTGGAAA
-24546	-32863	-24500	-32817	-24546	-30591	-30545	-24500	ENSMUST00000159451	CTACCCAGCCTCTCTCCTGCCACAAACGGCTCAGCCACAGAGTTAT
-1635	-4135	-1588	-4088	-1635	-4036	-3989	-1588	ENSMUST00000170810	GATGAGACAGATCCCGTACACCATGATGAAGTTCGCCTGCTTTGAAC
-228469	-231729	-228422	-231682	-228469	-231598	-231551	-228422	ENSMUST00000114488	ACTCCAGACATGCCTGCTGTGTCTGCGTTCTTCAGCCTCGCTGCACT
25192	22364	25240	22412	25192	22538	22586	25240	ENSMUST00000112790	TCTGATGTTCGTTCTCATCCTGCTCAACACCATCTGCCTGGCCATGCA
24023	22752	24071	22800	24023	22767	22815	24071	ENSMUST00000028016	AGAAGGTGTGCCTAATGGTGCAGGACAGAAGAATTCCAAGGATGCTGC
-18355	-19193	-18307	-19145	-18355	-19178	-19130	-18307	ENSMUST00000028016	AGAAGGTGTGCCTAATGGTGCAGGACAGAAGAATTCCAAGGATGCTGC
-8561	-10418	-8513	-10370	-8561	-10394	-10346	-8513	ENSMUST00000086693	ACGTCCTCGGGCACCTGTACATACACTGCTCTGTCCCTGCCCTCACCT
-28717	-30469	-28669	-30421	-28717	-30405	-30357	-28669	ENSMUST00000086693	ACGTCCTCGGGCACCTGTACATACACTGCTCTGTCCCTGCCCTCACCT
1207	980	1256	1029	1207	1136	1185	1256	ENSMUST00000052885	TACACATCGTCTTCTCCCGGTCCCCCATCAACTGCTTAGAGCATGTTCG
802	362	383	-57	802	443	24	383	ENSMUST00000058860	TCCGTACAGAGAGTAATGGAGGCCAGGTGACATACCGCGTAGTCCAGGT
802	362	383	-57	802	443	24	383	ENSMUST00000058860	TCCGTACAGAGAGTAATGGAGGCCAGGTGACATACCGCGTAGTCCAGGT
-8613	-9072	-8564	-9023	-8613	-9048	-8999	-8564	ENSMUST00000151288	CCAGTAGGGCTGAATGTGAACTCTCAGTGTGCCTCCTGCGTGCTTGTGT
587	18	636	67	587	24	73	636	ENSMUST00000176652	ACAGGCCTGTGCGCTGCCCCAACAACCCCAGCTGCCCACCCCTTCTCAA
-5821	-6157	-5772	-6108	-5821	-6140	-6091	-5772	ENSMUST00000176652	ACAGGCCTGTGCGCTGCCCCAACAACCCCAGCTGCCCACCCCTTCTCAA
-5826	-6157	-5777	-6108	-5826	-6140	-6091	-5777	ENSMUST00000176652	ACAGGCCTGTGCGCTGCCCCAACAACCCCAGCTGCCCACCCCTTCTCAA
-6409	-6949	-6359	-6899	-6409	-6722	-6672	-6359	ENSMUST00000154230	GTGAGTTCCCCGTGTTTCCCACCACCCTGACTTCAGACCGGCTGTTCCGA
-66180	-118716	-66130	-118666	-66180	-118698	-118648	-66130	ENSMUST00000154230	GTGAGTTCCCCGTGTTTCCCACCACCCTGACTTCAGACCGGCTGTTCCGA
-6409	-6949	-6359	-6899	-6409	-6722	-6672	-6359	ENSMUST00000154230	GTGAGTTCCCCGTGTTTCCCACCACCCTGACTTCAGACCGGCTGTTCCGA
-66180	-118716	-66130	-118666	-66180	-118698	-118648	-66130	ENSMUST00000154230	GTGAGTTCCCCGTGTTTCCCACCACCCTGACTTCAGACCGGCTGTTCCGA
-41910	-47897	-41859	-47846	-41910	-47861	-47810	-41859	ENSMUST00000177374	CTGACCCTCCCAGCCCACTACCTCACGGGCCCCCAAACAAAGGCGCAATTC
-42832	-47897	-42781	-47846	-42832	-47861	-47810	-42781	ENSMUST00000177374	CTGACCCTCCCAGCCCACTACCTCACGGGCCCCCAAACAAAGGCGCAATTC
-126196	-131707	-126145	-131656	-126196	-131567	-131516	-126145	ENSMUST00000061611	ACAGTGTCACCAGTAGACTGGCAAAACAAAATGGAGTGCCCAGTGCTGAGC
-19461	-21550	-23220	-25309	-19461	-21541	-25300	-23220	ENSMUST00000159855	ATGACCAGCATTCCTAAGGAAGAACTCCCACACTGTCCTGCAGGTCCCAAA
1814	1424	1866	1476	1814	1513	1565	1866	ENSMUST00000004378	GTCACCACCGCCACTGCCACCGCCACCGCCGCCAACGCCACCGACTGAGTCT
1814	1373	1866	1425	1814	1513	1565	1866	ENSMUST00000004378	GTCACCACCGCCACTGCCACCGCCACCGCCGCCAACGCCACCGACTGAGTCT
1814	1373	1866	1425	1814	1424	1476	1866	ENSMUST00000004378	GTCACCACCGCCACTGCCACCGCCACCGCCGCCAACGCCACCGACTGAGTCT
-24002	-25831	-23949	-25778	-24002	-25816	-25763	-23949	ENSMUST00000098473	AACTTCCGTACCATAGGATTTTTATCATGCTGCTGTTGGAGCTCAATGCACCC
2234	1131	2288	1185	2234	1161	1215	2288	ENSMUST00000020496	CGCAGAGATAATCTCCCGAAGGTCCCTGCTCAGGTTTCTTTATGCACAGCTCGA
-36	-183	-401	-548	-36	-150	-515	-401	ENSMUST00000043897	TCCCAAGACCTTTGTACACTGTGCTACCATATACAAGCGTTATTACATGGATGG
-36	-183	-401	-548	-36	-150	-515	-401	ENSMUST00000043897	TCCCAAGACCTTTGTACACTGTGCTACCATATACAAGCGTTATTACATGGATGG
-9032	-12711	-8978	-12657	-9032	-12621	-12567	-8978	ENSMUST00000137217	ATTTATTTATGATTTTCATTTCTGTTGGTTTGCTGAACATAGTTTCATATCACA
-17470	-21999	-17416	-21945	-17470	-21981	-21927	-17416	ENSMUST00000230022	ATATTTTCCATGAGACTTTCGGGCGAACCTTAGAATCTGTGGACCCACTAGGTG
-18737	-21999	-18683	-21945	-18737	-21981	-21927	-18683	ENSMUST00000230022	ATATTTTCCATGAGACTTTCGGGCGAACCTTAGAATCTGTGGACCCACTAGGTG
-7643	-8518	-7588	-8463	-7643	-8491	-8436	-7588	ENSMUST00000115228	GACCCTGTCCTACCTGATGCCAACTGTACATAGGACCCTACCTGCCTGCCTCCCC
-10773	-15092	-10718	-15037	-10773	-15080	-15025	-10718	ENSMUST00000115228	GACCCTGTCCTACCTGATGCCAACTGTACATAGGACCCTACCTGCCTGCCTCCCC
-17050	-20432	-16995	-20377	-17050	-20339	-20284	-16995	ENSMUST00000115228	GACCCTGTCCTACCTGATGCCAACTGTACATAGGACCCTACCTGCCTGCCTCCCC
-21977	-23715	-21922	-23660	-21977	-23705	-23650	-21922	ENSMUST00000121153	CAAACTTCCGAGAATGAAAGTGAACCATCCACTAGGCGTCTTAGTGTAGAAAACA
-1084	-1279	-1028	-1223	-1084	-1252	-1196	-1028	ENSMUST00000105369	AGAATGCCCGCCTCACCCACCTCCACCTACCGCCCCTCAAAATCGCTACTATCCAT
23629	20403	23686	20460	23629	20415	20472	23686	ENSMUST00000103186	ACTGCCCTGCAGCCCCAGTGACAGGAGGAGACCATACTCCCCGACAGCGCCATGGCC
23629	20403	23686	20460	23629	20415	20472	23686	ENSMUST00000103186	ACTGCCCTGCAGCCCCAGTGACAGGAGGAGACCATACTCCCCGACAGCGCCATGGCC
-5576	-5839	-5519	-5782	-5576	-5824	-5767	-5519	ENSMUST00000073687	CCAGGGTCCGCATTGCCTCCAGCTACCACTCTGAAGGGGACGGAGACACCTCCTACC
-6589	-8342	-6531	-8284	-6589	-8312	-8254	-6531	ENSMUST00000113615	CTTCACTGTCCTCCTCTTCCACTTCGACTACCCGAGGCTCTCACAGGGCTTCCTGCTT
-6610	-8342	-6552	-8284	-6610	-8312	-8254	-6552	ENSMUST00000113615	CTTCACTGTCCTCCTCTTCCACTTCGACTACCCGAGGCTCTCACAGGGCTTCCTGCTT
38515	30198	36256	27939	38515	32470	30211	36256	ENSMUST00000178410	GTCATTCGCCCAGATCTACAGCTGGAATTCTGTGCTGAAGGGTCTAAAAACTCTTTTTA
-5886	-14203	-12912	-21229	-5886	-11931	-18957	-12912	ENSMUST00000162065	CAGGGGCGACAGCACGTCCAGTACCAGGAGTGCTGGGAAACTGTCCAAAACAGGTTCTG
-1026	-1298	-966	-1238	-1026	-1148	-1088	-966	ENSMUST00000060255	TGGGGCCTCTGCGCCACACTGTAAGACCCCCTTGATGCAGCCCTCTGAACGCCAAGCCTC
-9361	-9937	-9301	-9877	-9361	-9644	-9584	-9301	ENSMUST00000013262	ATGATTTTATGCTTCTCAGAAGAGGACTGGTCCCTTCTGGACCCGGCACAGACTGGTTTC
1050985	1028885	1051046	1028946	1050985	1028894	1028955	1051046	ENSMUST00000160844	AAAGTGTGTTTCTTCCGATTCTGCTCTCCTACTGCTGGCACCGCGCCGGTGGTACTTTGAA
387464	386382	387525	386443	387464	386403	386464	387525	ENSMUST00000160844	AAAGTGTGTTTCTTCCGATTCTGCTCTCCTACTGCTGGCACCGCGCCGGTGGTACTTTGAA
-11666	-27618	-11602	-27554	-11666	-27614	-27550	-11602	ENSMUST00000147563	TTTTTTGATGACTGGAGCTGCTCTTTTCCCTTTTAAAATCACTTCTCTGGCCTCTGTTTCCTCT
-16512	-27618	-16448	-27554	-16512	-27614	-27550	-16448	ENSMUST00000147563	TTTTTTGATGACTGGAGCTGCTCTTTTCCCTTTTAAAATCACTTCTCTGGCCTCTGTTTCCTCT
-6340	-29304	-6275	-29239	-6340	-29278	-29213	-6275	ENSMUST00000046892	TTGGACCTGCTGGACCATTCGCTCTGTCTTCCTGTCTGTGAGCTACCACCCTAGTCTTCCCCAGC
-3135	-4075	-3070	-4010	-3135	-4042	-3977	-3070	ENSMUST00000178730	GGATGGACAGCCAAGGGCCATAGTCCAGGAGCAAACCAATCCAGTCACAGGACTCTGTGTTTTTA
-19876	-21797	-19810	-21731	-19876	-21794	-21728	-19810	ENSMUST00000003726	AACCTCCACCCCCACCACCTCCGCCCTCCATGCCACAGCAGACTGCCCCAGCGATGAAGTCCTCGC
-27446	-50751	-27380	-50685	-27446	-50707	-50641	-27380	ENSMUST00000003726	AACCTCCACCCCCACCACCTCCGCCCTCCATGCCACAGCAGACTGCCCCAGCGATGAAGTCCTCGC
-1069	-1152	-1003	-1086	-1069	-1148	-1082	-1003	ENSMUST00000006754	GATGACGACGACGATGAAGATGACGAAGATGACGACGATGAGGATGAAGACAACGAGTCTGAGGGC
110485	105030	110552	105097	110485	105051	105118	110552	ENSMUST00000060043	AGCCGCCGCAGCAGCCGGACTCAGTGTCCCGCGTCGCCCTCGGGGCGCCTTGTCAGTGCTGAGTGGG
107852	105030	107919	105097	107852	105051	105118	107919	ENSMUST00000060043	AGCCGCCGCAGCAGCCGGACTCAGTGTCCCGCGTCGCCCTCGGGGCGCCTTGTCAGTGCTGAGTGGG
-3513	-55113	-3445	-55045	-3513	-55111	-55043	-3445	ENSMUST00000039438	TTTGGATCCAGGGATGCTAAGTAGAAACTGCATGAGCCACCAGTGCTCCCACACCTTTTACCACCACT
-7480	-10706	-7412	-10638	-7480	-10694	-10626	-7412	ENSMUST00000103186	CTGAAGAACTCTTTGCCCGGAAATTTAATGCTCTCTTCGCCCAGGGAAACTACTCAGAGGCTGCAAAG
-19068	-23551	-19000	-23483	-19068	-23502	-23434	-19000	ENSMUST00000036161	GAAGATATAAGCATAATGATTAAGTTTTGGACTGCCATGTTCTCAGATAAGAAGTACCTGACTGCCAG
32137	18235	30024	16122	32137	19803	17690	30024	ENSMUST00000107693	ACCCCAAGGTCCTGCCCTGTCTGCACACTTTCTGCGAGAGGTGCCTGCAGAACTACATCCCAGCCCAC
715	-4	784	65	715	39	108	784	ENSMUST00000114102	TCAAGGAGGAGAGTGACTTCCATGACCTCGAGTCAGTAGTCCAGCAAGTCGAACAGAACCTTGAACTGA
715	-453	784	-384	715	39	108	784	ENSMUST00000114102	TCAAGGAGGAGAGTGACTTCCATGACCTCGAGTCAGTAGTCCAGCAAGTCGAACAGAACCTTGAACTGA
391	-4	460	65	391	39	108	460	ENSMUST00000114102	TCAAGGAGGAGAGTGACTTCCATGACCTCGAGTCAGTAGTCCAGCAAGTCGAACAGAACCTTGAACTGA
391	-453	460	-384	391	39	108	460	ENSMUST00000114102	TCAAGGAGGAGAGTGACTTCCATGACCTCGAGTCAGTAGTCCAGCAAGTCGAACAGAACCTTGAACTGA
-16747	-23384	-16678	-23315	-16747	-23354	-23285	-16678	ENSMUST00000043169	TGGAGTATTCTGTCATCTGCAAGCCCTGTTCTTACCTCACCTGTCCACGTTCACCACAGGCCACTTGAG
-22021	-23384	-21952	-23315	-22021	-23354	-23285	-21952	ENSMUST00000043169	TGGAGTATTCTGTCATCTGCAAGCCCTGTTCTTACCTCACCTGTCCACGTTCACCACAGGCCACTTGAG
23499	20273	23569	20343	23499	20285	20355	23569	ENSMUST00000103186	AGCCTCCGCCCCCGACCCAAGCTCTCTCGTCTGCCTGCCAGTTCCCTGCGTCCCCGGAGAGTATCCCTCT
273533	221933	213041	161441	273533	221935	161443	213041	ENSMUST00000039438	CATCTCAAGGAATATCACTTCCATACACATAGAGAACTGGCGAGGCCTGCACACACTCAATGCTGTGGACAT
-55413	-105009	-72189	-121785	-55413	-105000	-121776	-72189	ENSMUST00000145596	CGTCAGCGTCCTGGACTCACTCATGAGCGCGACATACTTCAATGACAATATCCTCACCCTAATACGGACCCT
-60067	-105009	-76843	-121785	-60067	-105000	-121776	-76843	ENSMUST00000145596	CGTCAGCGTCCTGGACTCACTCATGAGCGCGACATACTTCAATGACAATATCCTCACCCTAATACGGACCCT
-94800	-105009	-111576	-121785	-94800	-105000	-121776	-111576	ENSMUST00000145596	CGTCAGCGTCCTGGACTCACTCATGAGCGCGACATACTTCAATGACAATATCCTCACCCTAATACGGACCCT
-55413	-105009	-72189	-121785	-55413	-105000	-121776	-72189	ENSMUST00000145596	CGTCAGCGTCCTGGACTCACTCATGAGCGCGACATACTTCAATGACAATATCCTCACCCTAATACGGACCCT
-60067	-105009	-76843	-121785	-60067	-105000	-121776	-76843	ENSMUST00000145596	CGTCAGCGTCCTGGACTCACTCATGAGCGCGACATACTTCAATGACAATATCCTCACCCTAATACGGACCCT
-94800	-105009	-111576	-121785	-94800	-105000	-121776	-111576	ENSMUST00000145596	CGTCAGCGTCCTGGACTCACTCATGAGCGCGACATACTTCAATGACAATATCCTCACCCTAATACGGACCCT
-14847	-28749	-14775	-28677	-14847	-27181	-27109	-14775	ENSMUST00000107691	ATGTCAGGCTTGATAGCTCAATAAGAAATAACACAAATTTTTTTTTCTTAACACACAAATATTGGTATGAAC
25993	25453	26066	25526	25993	25680	25753	26066	ENSMUST00000154230	AGGATGATAGACGCGGTATTCACGAAAGACCCAGGCAGCAAGAAATGCACAAGCCTTTCCGAGGCTCAAATTT
-33778	-86314	-33705	-86241	-33778	-86296	-86223	-33705	ENSMUST00000154230	AGGATGATAGACGCGGTATTCACGAAAGACCCAGGCAGCAAGAAATGCACAAGCCTTTCCGAGGCTCAAATTT
-6554	-6983	-6480	-6909	-6554	-6775	-6701	-6480	ENSMUST00000049057	GCGGGATGACTTCTTCCGTGCCAAACCGCGCTCCGCCAGCCGACCGGCCGCCGAGCCTCCTGGTGCCCGCACCG
-16262	-17717	-16187	-17642	-16262	-17184	-17109	-16187	ENSMUST00000047037	ATGCAAGTGTAATTACTTTCTAAGGCCCTTCTAGCTATGATTTTTTTGGAACTGTGTGAATGTAGTATATTCATT
-83705	-85676	-83630	-85601	-83705	-85672	-85597	-83630	ENSMUST00000047037	ATGCAAGTGTAATTACTTTCTAAGGCCCTTCTAGCTATGATTTTTTTGGAACTGTGTGAATGTAGTATATTCATT
-60885	-65385	-60810	-65310	-60885	-65343	-65268	-60810	ENSMUST00000165566	ATTTCCCCTTTGGATTTACCAAGTTACTAAGAACTTCGGGACTTGCGTCCAAATCTTGACTGTATGACTCTTACT
604	64	327	-213	604	291	14	327	ENSMUST00000154230	ATGACCCACATGGTCACGCACATGCCTGACCAGTATAAGATCGTAGAGACTCTCATCCAGCATCATGACTGGTTTT
-59167	-111703	-59444	-111980	-59167	-111685	-111962	-59444	ENSMUST00000154230	ATGACCCACATGGTCACGCACATGCCTGACCAGTATAAGATCGTAGAGACTCTCATCCAGCATCATGACTGGTTTT
4044	3504	3881	3341	4044	3731	3568	3881	ENSMUST00000154230	ATTGAGGCCAATCGCAAAGAGGACCCACTGGATCGGCTACGAACATTAAAGAGACTAATTCATGACCTGCCTGAGCA
-55727	-108263	-55890	-108426	-55727	-108245	-108408	-55890	ENSMUST00000154230	ATTGAGGCCAATCGCAAAGAGGACCCACTGGATCGGCTACGAACATTAAAGAGACTAATTCATGACCTGCCTGAGCA
-198284	-202370	-198207	-202293	-198284	-202361	-202284	-198207	ENSMUST00000183703	AATTGCCGGCCTGATGATGACATCACAAAGATGTGTTCTGTTCAACTTTGCCTTGGTAATTATTGTAAACACTTTGT
-19512	-21467	-19433	-21388	-19512	-21328	-21249	-19433	ENSMUST00000161046	CTTTCAGTGATCTGTGTGCATCTGTAAAGGCAAACCAGAGAAAACAGCCCTAGTCAATAGTGTTCTCCTCACCATGTCC
-20422	-22663	-20342	-22583	-20422	-22576	-22496	-20342	ENSMUST00000115386	ACTTCTACTTTTATAGAAACCCAACCACCCGCAACCACTGCAAATCTATCTGCTCTCTGGACGATTTCAAGACCCTCTGA
-9973	-12062	-9890	-11979	-9973	-12053	-11970	-9890	ENSMUST00000159855	AGGCTGTGGTAGAACAAAACTGTTCTGGTTGATGGCATTAGCAGATTCTAAAACAATGAAGGCAATGGTGGAATTCCGAGAAC
-5816	-7087	-5732	-7003	-5816	-7072	-6988	-5732	ENSMUST00000182660	AAAAACGTATCCCAGTTTACTGTGTTGAGTTGGCATTGTACAGAAATTAACAGCCATATTGGTCTAGAAATGTTGAACTTAATT
-48194	-49032	-48110	-48948	-48194	-49017	-48933	-48110	ENSMUST00000182660	AAAAACGTATCCCAGTTTACTGTGTTGAGTTGGCATTGTACAGAAATTAACAGCCATATTGGTCTAGAAATGTTGAACTTAATT
-1585	-2554	-1500	-2469	-1585	-2413	-2328	-1500	ENSMUST00000111398	TGCTGACTCCCGAGACTGAGGAAGGAGCCCCTGAGTCTGCCTGCGCGTCCATCCGTCCGTCCGTCCACTCATCTGTCCATCCAGA
-9812	-11215	-9727	-11130	-9812	-11206	-11121	-9727	ENSMUST00000111398	TGCTGACTCCCGAGACTGAGGAAGGAGCCCCTGAGTCTGCCTGCGCGTCCATCCGTCCGTCCGTCCACTCATCTGTCCATCCAGA
-8590	-9556	-8505	-9471	-8590	-9515	-9430	-8505	ENSMUST00000020027	CAGCAGTCTGGGTGAAAATCTCTTCCAGTTGGATTGGCCTTGTGCTGTACGTGTGGACACTAGTGGCACCACTTGTTCTTACAAA
-8655	-10340	-8568	-10253	-8655	-10317	-10230	-8568	ENSMUST00000039327	AAGAAGTCTGCTACTACATGCTCTTTGCCCTAGCCGCCTATGGCTGGCCCATGTACCTGATGAGGAAGCCCACCTGTGGTCTCTGCC
-9148	-10340	-9061	-10253	-9148	-10317	-10230	-9061	ENSMUST00000039327	AAGAAGTCTGCTACTACATGCTCTTTGCCCTAGCCGCCTATGGCTGGCCCATGTACCTGATGAGGAAGCCCACCTGTGGTCTCTGCC
22627	21752	18912	18037	22627	21779	18064	18912	ENSMUST00000117509	AAGGCCAAAAACTATGCAGATCAGATTTCCCGACTGGAGGAACGAGAATCGGAGATGAAGAAGGAATACAATGCCCTGCACCAGCGGC
19497	15178	15782	11463	19497	15190	11475	15782	ENSMUST00000117509	AAGGCCAAAAACTATGCAGATCAGATTTCCCGACTGGAGGAACGAGAATCGGAGATGAAGAAGGAATACAATGCCCTGCACCAGCGGC
13220	9838	9505	6123	13220	9931	6216	9505	ENSMUST00000117509	AAGGCCAAAAACTATGCAGATCAGATTTCCCGACTGGAGGAACGAGAATCGGAGATGAAGAAGGAATACAATGCCCTGCACCAGCGGC
25779	25239	25867	25327	25779	25466	25554	25867	ENSMUST00000154230	CTGGAAGATTCTGTGCTGATGAAGTATTGCCCAAGGAGCGCGTCTCAAGGAGCGCTGACCTCACCGCCTGTTAGCTTCAATAATCATA
-33992	-86528	-33904	-86440	-33992	-86510	-86422	-33904	ENSMUST00000154230	CTGGAAGATTCTGTGCTGATGAAGTATTGCCCAAGGAGCGCGTCTCAAGGAGCGCTGACCTCACCGCCTGTTAGCTTCAATAATCATA
659	-407	748	-318	659	24	113	748	ENSMUST00000097368	TTTATTGAGCATATCCTGTGGCATGTGGGACTCTCAGCCTGCCTTGGACTGACTGTTGCTCTGTCCATCTTTTCGGATATCATCGCCCT
124	-407	213	-318	124	24	113	213	ENSMUST00000097368	TTTATTGAGCATATCCTGTGGCATGTGGGACTCTCAGCCTGCCTTGGACTGACTGTTGCTCTGTCCATCTTTTCGGATATCATCGCCCT
-139	-1425	-43	-1329	-139	-911	-815	-43	ENSMUST00000045243	AGCACCTCCAAGGAGAACTGCACAGCAAGAGCCAGCAGCTCCATGTTCTGGAGGCGGAAAAATACAATGAGATTCGAACCCAGGGACAAAACATCC
-1132	-23232	-1035	-23135	-1132	-23223	-23126	-1035	ENSMUST00000174331	AGATTATGAGGAGTTGGTCAGCTGGCACAACTGGAGCAGGGGTTGGAACTTGCATTTGAGACAAAGTGCTGGCTTTTTTTTTCTTTTTTTCTTTTCT
-664653	-665735	-664556	-665638	-664653	-665714	-665617	-664556	ENSMUST00000174331	AGATTATGAGGAGTTGGTCAGCTGGCACAACTGGAGCAGGGGTTGGAACTTGCATTTGAGACAAAGTGCTGGCTTTTTTTTTCTTTTTTTCTTTTCT
-1027	-3791	-6701	-9465	-1027	-3760	-9434	-6701	ENSMUST00000102930	TGAAGACTCTGACAACAGTGCAATTTATGTGCAAGGATTAAATGACAATGTGACTCTGGATGATCTGGCAGACTTCTTTAAGCAGTGTGGGGTTGTCAAGATGAAC
-12239	-15465	-13578	-16804	-12239	-15453	-16792	-13578	ENSMUST00000103186	CTGAGAAATGTCATGCGGATCAGTCCAGATCAAGGACAGCAGTTTGCTCAAATGTTAGTTCAGGATGAAGAGCCTCTTGCTGATATCACCCAGATTGTGGATGTCTTTA
-12239	-15465	-13578	-16804	-12239	-15453	-16792	-13578	ENSMUST00000103186	CTGAGAAATGTCATGCGGATCAGTCCAGATCAAGGACAGCAGTTTGCTCAAATGTTAGTTCAGGATGAAGAGCCTCTTGCTGATATCACCCAGATTGTGGATGTCTTTA
-28860	-32086	-29107	-32333	-28860	-32074	-32321	-29107	ENSMUST00000103186	AACTACTATCAGGATCGTGGATATTTTGAAGAACTCATCACCATGTTGGAGGCAGCCTTGGGACTGGAGCGAGCTCACATGGGAATGTTCACAGAGCTAGCTATTTTGT
41797	38006	10300	6509	41797	38045	6548	10300	ENSMUST00000142817	CGTGCACTACAGAAGAGGCATGATGACTTTGAAGAAGTGGCACAGAATACATACACCAATGCGGACAAGCTCCTAGAAGCAGCGGAGCAGCTGGCTCAGACTGGGGAATGTGACCC
-11275	-24046	-12386	-25157	-11275	-23921	-25032	-12386	ENSMUST00000109830	AACAAGAAGGGAAATGACAACCAAAGGTTCTACAGGCATGGAAGTTCTGTTGTCAACATTGGAGAACACGAAAGATCTTCAGACTGTACTTAATATCCTAAGCATTCTCATTGAGC
3982	-157	4098	-41	3982	2957	3073	4098	ENSMUST00000161132	TTTCATAAAGAACTGCTTTTACACAAACAAAAGAGCCAAAACAAAAGTGAATCTTCTGAGCATTCCCTCCCTCCTTTGTTTCTGTCCAAGGAAATAGAGCATCCATTCATTTCACT
-7331	-7721	-7213	-7603	-7331	-7632	-7514	-7213	ENSMUST00000112476	TAAAGTGGGGTCACGGGCATGAGTGTTTCAGTGCTTACCATGGTGTGTATAAGCCTTGAACTATGCATAGAACTGGAGTTTGGGGAGTGCTGGATGTGTGGTCATGCTTGGTTGAGGC
-7331	-7772	-7213	-7654	-7331	-7632	-7514	-7213	ENSMUST00000112476	TAAAGTGGGGTCACGGGCATGAGTGTTTCAGTGCTTACCATGGTGTGTATAAGCCTTGAACTATGCATAGAACTGGAGTTTGGGGAGTGCTGGATGTGTGGTCATGCTTGGTTGAGGC
-7331	-7772	-7213	-7654	-7331	-7721	-7603	-7213	ENSMUST00000112476	TAAAGTGGGGTCACGGGCATGAGTGTTTCAGTGCTTACCATGGTGTGTATAAGCCTTGAACTATGCATAGAACTGGAGTTTGGGGAGTGCTGGATGTGTGGTCATGCTTGGTTGAGGC
-4750	-4945	-4631	-4826	-4750	-4918	-4799	-4631	ENSMUST00000170219	ACCCTCCACTCGTGAGCACTGGCAGGCAGTAACACTGCCTGCCACTGTGTGAGCGAACCTACTGGAGGTGAAGTGACTGTGGGGCACTGAGGATCAGAGAGGAGCTCGCCGCCCCATAT
21546	16091	21666	16211	21546	16112	16232	21666	ENSMUST00000088644	CTCCTCTGGAACAGCTGTGTCTACTTCTGTTTCTCAGCCTGGTATGGTTCATCCTTTGGTCATCTCATCAGCTGTAGTTTCTACACCTGGCCTCCCCCAACCAGTAGTACCTACTTCTAC
18913	16091	19033	16211	18913	16112	16232	19033	ENSMUST00000088644	CTCCTCTGGAACAGCTGTGTCTACTTCTGTTTCTCAGCCTGGTATGGTTCATCCTTTGGTCATCTCATCAGCTGTAGTTTCTACACCTGGCCTCCCCCAACCAGTAGTACCTACTTCTAC
-200066	-261220	-199941	-261095	-200066	-261190	-261065	-199941	ENSMUST00000078673	ATTTCAAGCACTAAAGGACACTACAAATCTGCACTGACTACCGTTTAAAAGTCACTGGTAACAGGACTTATGCCAAATCACAATTCAACTGACACAATGATGCCAAATGTTGGTCTTTTGATATT
-2726	-6422	-3510	-7206	-2726	-6392	-7176	-3510	ENSMUST00000001480	ATGGAGAACTGGGGCCTTGTTACTTATAGGGAAACGGCCTTGCTTATTGATCCAAAAAACTCGTGTTCTTCATCACGCCAGTGGGTTGCTCTGGTTGTGGGACATGAACTCGCCCATCAATGGTT
16607	16067	16357	15817	16607	16294	16044	16357	ENSMUST00000154230	ACATATTCCTGCATCTGCTGTCATCTCCGCCTCTACTGCCCACGTCCCCTCCATTGCAACTGTTCCCCCCAGCCTCACGACCTCTGCTCCTTTGATTCGACGTCAGCTCTCCCACGACCAAGAATCT
-43164	-95700	-43414	-95950	-43164	-95682	-95932	-43414	ENSMUST00000154230	ACATATTCCTGCATCTGCTGTCATCTCCGCCTCTACTGCCCACGTCCCCTCCATTGCAACTGTTCCCCCCAGCCTCACGACCTCTGCTCCTTTGATTCGACGTCAGCTCTCCCACGACCAAGAATCT
16607	16067	16357	15817	16607	16294	16044	16357	ENSMUST00000154230	ACATATTCCTGCATCTGCTGTCATCTCCGCCTCTACTGCCCACGTCCCCTCCATTGCAACTGTTCCCCCCAGCCTCACGACCTCTGCTCCTTTGATTCGACGTCAGCTCTCCCACGACCAAGAATCT
-43164	-95700	-43414	-95950	-43164	-95682	-95932	-43414	ENSMUST00000154230	ACATATTCCTGCATCTGCTGTCATCTCCGCCTCTACTGCCCACGTCCCCTCCATTGCAACTGTTCCCCCCAGCCTCACGACCTCTGCTCCTTTGATTCGACGTCAGCTCTCCCACGACCAAGAATCT
21256	19930	17410	16084	21256	20434	16588	17410	ENSMUST00000135665	AGCCTGAGCATCAGTGAGGTTCTGCAGCTGCTACATAAACTCAACGTGAACCTGCCCCGGCAGAGGGTGAAACAGATGTTCAGGGAGGCGGACACAGATGACCATCAGGGGACATTAGGCTTTGAGGAATT
-2164	-3203	-2025	-3064	-2164	-2434	-2295	-2025	ENSMUST00000105575	GGGTTTTGTGGGCTGTCTGCGGGACGTGGTAGTGGGCCATCGCCAGCTGCATCTGCTGGAGGACGCTGTCACCAAACCAGAGCTAAGACCCTGCCCCACTCTCTGAGCTGCCACTAGAGCTGCCACCTTCCCTCCTGTA
-7540	-8200	-7401	-8061	-7540	-7660	-7521	-7401	ENSMUST00000105575	GGGTTTTGTGGGCTGTCTGCGGGACGTGGTAGTGGGCCATCGCCAGCTGCATCTGCTGGAGGACGCTGTCACCAAACCAGAGCTAAGACCCTGCCCCACTCTCTGAGCTGCCACTAGAGCTGCCACCTTCCCTCCTGTA
-6376	-15363	-6237	-15224	-6376	-15339	-15200	-6237	ENSMUST00000091628	AGGTTACTTGCGTTGGCTTCCAAGAAGGAAAATGCAAGCCCCGCTTCCCGCGAGAGCCAGCTTCTCCCAGCTGTGCCGGCAGCATCTTTTCTGTATTTTAGGTCTAGTACTGTTCATGACTATGGACAACTCGGGTGCC
-15498	-21388	-17152	-23042	-15498	-21340	-22994	-17152	ENSMUST00000237749	TTATATAGCATGGAGTCCAGATGACAGCTATCTTGTTGCTTGTGGTCCAGATGACTGCTCTGAGCTTTGGCTTTGGAATGTACAGACGGGAGAATTAAGAACAAAAATGAGCCAATCTCATGAAGACAGTTTGACCAGTGTGGCC
-15562	-21388	-17216	-23042	-15562	-21340	-22994	-17216	ENSMUST00000237749	TTATATAGCATGGAGTCCAGATGACAGCTATCTTGTTGCTTGTGGTCCAGATGACTGCTCTGAGCTTTGGCTTTGGAATGTACAGACGGGAGAATTAAGAACAAAAATGAGCCAATCTCATGAAGACAGTTTGACCAGTGTGGCC
-7299	-10978	-7150	-10829	-7299	-10888	-10739	-7150	ENSMUST00000101141	ATGGAACTCTCTGTAAATATACTGACCTTGCTTGTGGTCAGCTTTTGTGGCTTTACCCTGAACTCTGCCCTGGCAAATATGCACATTCATGCTTGATGCTTACCACTTATCAACAGATCCTCTTGCTTGACTTTAACAAAATAAATAGT
2029	-1223	-448	-3700	2029	158	-2319	-448	ENSMUST00000009344	TGCAGGCTTTTGGACAGTCCTTTCTTCAGCCTGACATCCACCTGTTCAAACAAAATCTCTTCTACTTGGAGACTCTGAACACGAAGCAGAAACTATACCACAAAAAGATCTTCCGGACCACCATGCTGTTCCAGTTCGTGAACGTGCTGCT
-42132	-45597	-44609	-48074	-42132	-43995	-46472	-44609	ENSMUST00000009344	TGCAGGCTTTTGGACAGTCCTTTCTTCAGCCTGACATCCACCTGTTCAAACAAAATCTCTTCTACTTGGAGACTCTGAACACGAAGCAGAAACTATACCACAAAAAGATCTTCCGGACCACCATGCTGTTCCAGTTCGTGAACGTGCTGCT
-42309	-45597	-44786	-48074	-42309	-43995	-46472	-44786	ENSMUST00000009344	TGCAGGCTTTTGGACAGTCCTTTCTTCAGCCTGACATCCACCTGTTCAAACAAAATCTCTTCTACTTGGAGACTCTGAACACGAAGCAGAAACTATACCACAAAAAGATCTTCCGGACCACCATGCTGTTCCAGTTCGTGAACGTGCTGCT
-4747	-4942	-4578	-4773	-4747	-4915	-4746	-4578	ENSMUST00000170219	CTCCACTCGTGAGCACTGGCAGGCAGTAACACTGCCTGCCACTGTGTGAGCGAACCTACTGGAGGTGAAGTGACTGTGGGGCACTGAGGATCAGAGAGGAGCTCGCCGCCCCATATTCTGAGTTGATTTACCCTGTCCATGGTATGCGCTCTACCTTTCCTCTCTGAGC
2665	2298	469	102	2665	2324	128	469	ENSMUST00000078352	AAGACTGTGCGGGACCTCATGCCCAAGACCATCATGCACCTCATGATCAACAACACCAAGGAGTTTATCTTCTCTGAGCTGCTGGCCAACCTGTACTCTTGCGGGGACCAGAACACACTGATGGAAGAATCGGCCGAGCAGGCTCAGCGGCGCGACGAGATGCTGCGCATGTACCACGCAC
-13040	-18145	-15236	-20341	-13040	-18058	-20254	-15236	ENSMUST00000078352	AAGACTGTGCGGGACCTCATGCCCAAGACCATCATGCACCTCATGATCAACAACACCAAGGAGTTTATCTTCTCTGAGCTGCTGGCCAACCTGTACTCTTGCGGGGACCAGAACACACTGATGGAAGAATCGGCCGAGCAGGCTCAGCGGCGCGACGAGATGCTGCGCATGTACCACGCAC
13730	6916	13598	6784	13730	6937	6805	13598	ENSMUST00000107788	GGGGAACGCTTACGAGCCTGGGTCCGAGCCCGGCTCCCTGCCTGTTGCCGAGAGCGAGATTCCTGGTCTGCCTATATCTTCCCTCCCCAGTCAAGGTTTCGTCTCCTGTGTCACCGGATCATCACCCACAAGATGTTTGACCATGTGGTCCTCGTCATCATCTTCCTCAACTGTATCACCATCGCTATGGAGCGCCCCAAAATT
8976	6916	8844	6784	8976	6937	6805	8844	ENSMUST00000107788	GGGGAACGCTTACGAGCCTGGGTCCGAGCCCGGCTCCCTGCCTGTTGCCGAGAGCGAGATTCCTGGTCTGCCTATATCTTCCCTCCCCAGTCAAGGTTTCGTCTCCTGTGTCACCGGATCATCACCCACAAGATGTTTGACCATGTGGTCCTCGTCATCATCTTCCTCAACTGTATCACCATCGCTATGGAGCGCCCCAAAATT
