prot_start_splice_start	prot_start_splice_end	prot_end_splice_start	prot_end_splice_end	transcript_ID	prot_seq
-6253	-7405	8	-1144	ENSMUST00000118557	GCGTTCATTCAGATACTAT
5164	4561	5183	4580	ENSMUST00000004326	CTTGAGAGCAAGAACCACC
3867	3411	3886	3430	ENSMUST00000004326	CTTGAGAGCAAGAACCACC
3140	2718	3159	2737	ENSMUST00000004326	CTTGAGAGCAAGAACCACC
5199	3721	5218	3740	ENSMUST00000199754	TCCTCAGATTGTACATGTA
-12299	-13544	-12280	-13525	ENSMUST00000147250	CTTACCTGGTCCCGATGCA
6044	5721	6063	5740	ENSMUST00000121111	CAGGGGGCAGCGCTGCGCC
6889	5223	6909	5243	ENSMUST00000179769	GTCCAAGCCTAGGTCCTCAG
-19502	-21585	-19482	-21565	ENSMUST00000121416	CCTTTGGGCTCTGAGTCACT
-3815	-7453	-3795	-7433	ENSMUST00000065111	TGGCTTGAGTCTTCGTAAAG
-3815	-7453	-3795	-7433	ENSMUST00000065111	TGGCTTGAGTCTTCGTAAAG
3669	3238	3689	3258	ENSMUST00000092937	CTCTGGCTTCAGGTAGTCCC
-5000	-7858	-4452	-7310	ENSMUST00000106354	TGGTGGTTGGGCAGAGCGGC
126	-3241	146	-3221	ENSMUST00000077609	GGCAGGGGCGGTGGAGGTGG
-967	-1962	-947	-1942	ENSMUST00000100167	GTCAGTGTCATCCGTGCTTT
4361	2290	4381	2310	ENSMUST00000032359	ATAAAGGGACCTACGCGTGG
17332	14796	17598	15062	ENSMUST00000182061	TCTCGGCAGAGTCATTCCCG
-144	-301	122	-35	ENSMUST00000182061	TCTCGGCAGAGTCATTCCCG
34738	34311	34758	34331	ENSMUST00000027040	TCTTTAACATGTTCTTTATA
3494	-1537	3515	-1516	ENSMUST00000090973	GCCCCAAGCTGAGGGGATCCA
3495	-1536	3516	-1515	ENSMUST00000090973	CCCCAAGCTGAGGGGATCCAG
4351	4070	4372	4091	ENSMUST00000166411	ATCTCTCAGGCTGACTTTATA
2889	2496	2910	2517	ENSMUST00000035216	AGTTAGGGCGAATGGAGGTGT
1357	663	1378	684	ENSMUST00000035216	AGTTAGGGCGAATGGAGGTGT
-708	-1006	-687	-985	ENSMUST00000035216	AGTTAGGGCGAATGGAGGTGT
-2518	-2896	-2497	-2875	ENSMUST00000035216	AGTTAGGGCGAATGGAGGTGT
-2518	-2896	-2497	-2875	ENSMUST00000035216	AGTTAGGGCGAATGGAGGTGT
12007	10473	12028	10494	ENSMUST00000113712	TCCCTTTGGAATTTTTAAATG
7279	6464	7300	6485	ENSMUST00000113712	TCCCTTTGGAATTTTTAAATG
530	142	552	164	ENSMUST00000025170	TTCGAAGCCTAAAACTCAAAGC
5663	5458	5685	5480	ENSMUST00000022458	CCTTTCAGTTCCTCTGTCCATC
752	-355	774	-333	ENSMUST00000022458	CCTTTCAGTTCCTCTGTCCATC
752	-355	774	-333	ENSMUST00000022458	CCTTTCAGTTCCTCTGTCCATC
-468	-1118	-446	-1096	ENSMUST00000022458	CCTTTCAGTTCCTCTGTCCATC
5663	5458	5685	5480	ENSMUST00000022458	CCTTTCAGTTCCTCTGTCCATC
752	-355	774	-333	ENSMUST00000022458	CCTTTCAGTTCCTCTGTCCATC
752	-355	774	-333	ENSMUST00000022458	CCTTTCAGTTCCTCTGTCCATC
-468	-1118	-446	-1096	ENSMUST00000022458	CCTTTCAGTTCCTCTGTCCATC
13402	12926	13424	12948	ENSMUST00000171265	AAGTTTTGAACTGAAATTTGTA
13402	12926	13424	12948	ENSMUST00000171265	AAGTTTTGAACTGAAATTTGTA
12159	10816	12181	10838	ENSMUST00000074792	CGGGCCTAGCTCAGTAGGTAGA
-15954	-16938	-15932	-16916	ENSMUST00000020756	ATATCCCTTGGAATGGACCTGT
-15954	-16938	-15932	-16916	ENSMUST00000020756	ATATCCCTTGGAATGGACCTGT
4156	3683	4178	3705	ENSMUST00000019512	TGTGGATTGGCTCTGAGGAGCG
3790	3470	3812	3492	ENSMUST00000019512	TGTGGATTGGCTCTGAGGAGCG
-15956	-16940	-15934	-16918	ENSMUST00000020756	AGATATCCCTTGGAATGGACCT
4125	3703	4147	3725	ENSMUST00000080461	CTACTGGAGGCAGCAGTGGCGA
9594	8534	9616	8556	ENSMUST00000076467	CTTCCAGGAGTCAGGATGGACT
-8329	-8756	-8307	-8734	ENSMUST00000045026	TTGGAAGAGAACCTGTTGAACT
-8980	-9273	-8958	-9251	ENSMUST00000045026	TTGGAAGAGAACCTGTTGAACT
-21612	-21973	-21590	-21951	ENSMUST00000036865	AAGCTTAGGGCAGCAGGCAGAC
4034	2901	5231	4098	ENSMUST00000020365	GGGTGACAAACCAGAGGAAGAT
-3082	-5892	-1885	-4695	ENSMUST00000020365	GGGTGACAAACCAGAGGAAGAT
-3082	-5892	-1885	-4695	ENSMUST00000020365	GGGTGACAAACCAGAGGAAGAT
-5286	-5892	-4089	-4695	ENSMUST00000020365	GGGTGACAAACCAGAGGAAGAT
-727	-1122	-704	-1099	ENSMUST00000071442	GAGCCCGGGCTCCCCTCTACTCA
4123	3701	4146	3724	ENSMUST00000173727	CACTACTGGAGGCAGCAGTGGCG
2661	1982	2684	2005	ENSMUST00000124470	CAGGCCTACCCCCCTGCCTTCCA
14843	13499	14866	13522	ENSMUST00000087228	TACTTCCAGGGTCTTCAACTATG
4668	3298	4691	3321	ENSMUST00000087228	TACTTCCAGGGTCTTCAACTATG
-20438	-20909	-19750	-20221	ENSMUST00000027512	TGGGGAGTTAGCTCAGTTGGTGA
3244	2618	3267	2641	ENSMUST00000099934	TGCTCAGGATGCACGCGGGCGGC
-5340	-5777	-5317	-5754	ENSMUST00000099934	TGCTCAGGATGCACGCGGGCGGC
1282	1062	1305	1085	ENSMUST00000017799	CTGAACCCTGGAACTGCTTTGGA
1352	1110	1376	1134	ENSMUST00000017981	GTGCATAAGCAAGCTGTTCTTCCC
84	-276	108	-252	ENSMUST00000098048	GATTTGAGGCGTGGCTTGGTCATG
3327	2868	3351	2892	ENSMUST00000115032	CCCTGGGGTGTACAGCACTGGATG
4322	2349	4346	2373	ENSMUST00000115032	CCCTGGGGTGTACAGCACTGGATG
4554	3881	4578	3905	ENSMUST00000006112	CAGGTCCGGGCTCGCACAGTAGCG
-1541	-2016	-1517	-1992	ENSMUST00000006112	CAGGTCCGGGCTCGCACAGTAGCG
-2986	-3426	-2962	-3402	ENSMUST00000006112	CAGGTCCGGGCTCGCACAGTAGCG
840	-237	864	-213	ENSMUST00000110186	GGCCCCGAGTGCAACAGCCTGCAG
840	-237	864	-213	ENSMUST00000110186	GGCCCCGAGTGCAACAGCCTGCAG
840	-237	864	-213	ENSMUST00000110186	GGCCCCGAGTGCAACAGCCTGCAG
523	-237	547	-213	ENSMUST00000110186	GGCCCCGAGTGCAACAGCCTGCAG
19632	18066	19656	18090	ENSMUST00000042125	ACTGACTGAGTGAACTGTGCATTC
204	-814	228	-790	ENSMUST00000028341	CCTTGGGCTGCTCCTGGATGCGTT
464	-590	489	-565	ENSMUST00000028911	TAAGCTGAAGAGTTTGAGAATGGGC
-40386	-42346	-40361	-42321	ENSMUST00000034703	CCTCACTATCGGCGACGCGAACGGC
-40729	-42346	-40704	-42321	ENSMUST00000034703	CCTCACTATCGGCGACGCGAACGGC
-10764	-11800	-777	-1813	ENSMUST00000027252	TCCAAGCTCAGGGTGTTGAAGTGCC
-27883	-28981	-17896	-18994	ENSMUST00000027252	TCCAAGCTCAGGGTGTTGAAGTGCC
-6464	-6832	-6439	-6807	ENSMUST00000039627	CCTTTTGTAACCTGAGACCTGGCAC
2567	-105	2593	-79	ENSMUST00000029382	TCCTCATCTGGACGGGAAACATGTGG
-3814	-7452	-3788	-7426	ENSMUST00000065111	GGCTTGAGTCTTCGTAAAGTAAACAG
-3814	-7452	-3788	-7426	ENSMUST00000065111	GGCTTGAGTCTTCGTAAAGTAAACAG
4899	-2534	4926	-2507	ENSMUST00000030691	AGGGCCATATGGTTACAGAGGGATTGG
-194	-493	-167	-466	ENSMUST00000130698	TAGTATTTCTAGCCTATTCTTGTCAGT
-194	-677	-167	-650	ENSMUST00000130698	TAGTATTTCTAGCCTATTCTTGTCAGT
-194	-677	-167	-650	ENSMUST00000130698	TAGTATTTCTAGCCTATTCTTGTCAGT
-1765	-2377	-1738	-2350	ENSMUST00000130698	TAGTATTTCTAGCCTATTCTTGTCAGT
-23345	-23990	-23318	-23963	ENSMUST00000075695	GAATTGGATATGGACAAAGACCTCAGT
-23345	-23990	-23318	-23963	ENSMUST00000075695	GAATTGGATATGGACAAAGACCTCAGT
6742	5365	6770	5393	ENSMUST00000028852	CATCTGGCGGATAAGAAGGGTCTCCACG
-99895	-101082	-99866	-101053	ENSMUST00000026671	TTCACATCCTGCCTCACCACTCCCATCAA
-137884	-138634	-137855	-138605	ENSMUST00000026671	TTCACATCCTGCCTCACCACTCCCATCAA
6740	5363	6769	5392	ENSMUST00000028852	AACATCTGGCGGATAAGAAGGGTCTCCAC
20167	19691	20196	19720	ENSMUST00000191471	CTTTTCTTTACTCTGTCCTCTCTTCTATC
1506	1145	1535	1174	ENSMUST00000131717	CCGGGCCCAGTCGGTGCTGTACCAGAGTG
-75789	-76468	-75759	-76438	ENSMUST00000092433	CTGGAAGCCTCGGGAAAGTACTCCCCAACC
-173379	-174441	-173349	-174411	ENSMUST00000199300	TCGCGTGTCGCCCGTCGCACTGTCCAGACC
13168	10990	13199	11021	ENSMUST00000111438	TTGACTTTGCCGGGCTTGCTCGAGGCTTTGC
8187	7203	8219	7235	ENSMUST00000020756	CTAAATGATAGAAGCAGCATTGTAATGGGAGA
8187	7203	8219	7235	ENSMUST00000020756	CTAAATGATAGAAGCAGCATTGTAATGGGAGA
-10234	-11095	-10202	-11063	ENSMUST00000035645	TAAGTCCTCCACCAGGCCCCTGCCCAGACCCA
27573	26657	27607	26691	ENSMUST00000035813	GGTGCTGGGTGCTGGGTGCTGGGTGCTGGGTGCT
27573	26657	27607	26691	ENSMUST00000035813	GGTGCTGGGTGCTGGGTGCTGGGTGCTGGGTGCT
-15309	-15772	-15275	-15738	ENSMUST00000124973	CGGGAGTTGCAAGAACTGCAGGATAGCCTGAATG
-21110	-21484	-21076	-21450	ENSMUST00000124973	CGGGAGTTGCAAGAACTGCAGGATAGCCTGAATG
-22754	-24481	-22720	-24447	ENSMUST00000124973	CGGGAGTTGCAAGAACTGCAGGATAGCCTGAATG
41762	39899	41988	40125	ENSMUST00000111338	CCTAAGATCCGGGCTGTTTCTCCACATTTTGATGA
5792	-1641	5828	-1605	ENSMUST00000030691	TATTGACATCAATGCCAGCCTGCAAACTATTACTAT
-839	-1333	-803	-1297	ENSMUST00000111216	ATGGGCTCTTCGGCAGCAAAACCAACTTCAACTCCC
-839	-1333	-803	-1297	ENSMUST00000111216	ATGGGCTCTTCGGCAGCAAAACCAACTTCAACTCCC
-1436	-2123	-1400	-2087	ENSMUST00000111216	ATGGGCTCTTCGGCAGCAAAACCAACTTCAACTCCC
2856	2651	3340	3135	ENSMUST00000022458	GTCATCATGGAGCGAATCGGTCTTGCTACTGCAGGGGA
-2055	-3162	-1571	-2678	ENSMUST00000022458	GTCATCATGGAGCGAATCGGTCTTGCTACTGCAGGGGA
-2055	-3162	-1571	-2678	ENSMUST00000022458	GTCATCATGGAGCGAATCGGTCTTGCTACTGCAGGGGA
-3275	-3925	-2791	-3441	ENSMUST00000022458	GTCATCATGGAGCGAATCGGTCTTGCTACTGCAGGGGA
2856	2651	3340	3135	ENSMUST00000022458	GTCATCATGGAGCGAATCGGTCTTGCTACTGCAGGGGA
-2055	-3162	-1571	-2678	ENSMUST00000022458	GTCATCATGGAGCGAATCGGTCTTGCTACTGCAGGGGA
-2055	-3162	-1571	-2678	ENSMUST00000022458	GTCATCATGGAGCGAATCGGTCTTGCTACTGCAGGGGA
-3275	-3925	-2791	-3441	ENSMUST00000022458	GTCATCATGGAGCGAATCGGTCTTGCTACTGCAGGGGA
41538	38869	41576	38907	ENSMUST00000036288	CAAATAACCCACAGTCTCGGACCCACTCACCCCCACAG
56	-1564	95	-1525	ENSMUST00000007253	CCTGAACCTGGGCGCTGTGGTGAACGATGTAGACACAGG
6567	6288	6606	6327	ENSMUST00000239447	AAGCTTGAAAAGGAGGCAGTGGTCCCCAGGAATGTGGAT
1970	1383	2010	1423	ENSMUST00000003044	TGTTCAAGGGCAAGGTGGAAGCTGTATTGGAGAAGTTAGG
410	187	450	227	ENSMUST00000003044	TGTTCAAGGGCAAGGTGGAAGCTGTATTGGAGAAGTTAGG
41227	40975	41267	41015	ENSMUST00000187040	GCTTTCCCTTGCCCAGGCCTGACTCTGATAACCACTACTT
24944	23993	28476	27525	ENSMUST00000182597	GTATTTCAGGAGTTGAGTTATTGGTGGACCAGCCTTTCAC
-32341	-33744	-28809	-30212	ENSMUST00000182597	GTATTTCAGGAGTTGAGTTATTGGTGGACCAGCCTTTCAC
10881	9767	10922	9808	ENSMUST00000107153	AAATCCAGATGAAAGTGAAGAAGAGCCACCATCCAATGAGG
-10245	-11106	-10204	-11065	ENSMUST00000035645	ACACACCAAGATAAGTCCTCCACCAGGCCCCTGCCCAGACC
7354	6315	7396	6357	ENSMUST00000160597	GAAAACATGATTGGGCCAGACTGGAAAAAGAGGTGGATGTAC
1320	-1312	1362	-1270	ENSMUST00000068150	GACCATCCTGTCCCTGCCAGGGTGCATGCATTCGGGGGTATA
750	349	792	391	ENSMUST00000068387	GCTTGCGGACTGCAGTCTATCATGAAATTCTAATTGGATATT
-12706	-13244	-12663	-13201	ENSMUST00000084038	ACATCCTCTGTCACCTGAATATCACCATGCCCCCCTGCACCAA
-12706	-13244	-12663	-13201	ENSMUST00000084038	ACATCCTCTGTCACCTGAATATCACCATGCCCCCCTGCACCAA
2448	2039	2492	2083	ENSMUST00000027414	GTTTGAAGTGGAACTCCAAGCAGCTCGGACTCTGGAGCGGCTGG
18844	17893	18888	17937	ENSMUST00000182597	AAATAAATTAAACTCTGCACTATGTAATAGACGTAAAGGTGATC
-38441	-39844	-38397	-39800	ENSMUST00000182597	AAATAAATTAAACTCTGCACTATGTAATAGACGTAAAGGTGATC
34181	32785	34226	32830	ENSMUST00000055483	GTTTTAGATGCTCACTTCTGTGTTTTAGGATTCTGCCCATTTACT
-46474	-46872	-46429	-46827	ENSMUST00000109567	TGGTTCCTGGTCCACTCTGACCCTCAGTCATGCCCATGAGGTCTG
-47395	-47808	-47350	-47763	ENSMUST00000109567	TGGTTCCTGGTCCACTCTGACCCTCAGTCATGCCCATGAGGTCTG
2232	-63	2278	-17	ENSMUST00000040787	CTTTGCTTTCCCGAATTCTGCCTTCTGATGCCTGTAAAATATACAA
4497	4292	4543	4338	ENSMUST00000022458	GGCTGCCAGCCTTCCTAGACAATCACAATTATGCCAAATCCCCTAT
-414	-1521	-368	-1475	ENSMUST00000022458	GGCTGCCAGCCTTCCTAGACAATCACAATTATGCCAAATCCCCTAT
-414	-1521	-368	-1475	ENSMUST00000022458	GGCTGCCAGCCTTCCTAGACAATCACAATTATGCCAAATCCCCTAT
-1634	-2284	-1588	-2238	ENSMUST00000022458	GGCTGCCAGCCTTCCTAGACAATCACAATTATGCCAAATCCCCTAT
4497	4292	4543	4338	ENSMUST00000022458	GGCTGCCAGCCTTCCTAGACAATCACAATTATGCCAAATCCCCTAT
-414	-1521	-368	-1475	ENSMUST00000022458	GGCTGCCAGCCTTCCTAGACAATCACAATTATGCCAAATCCCCTAT
-414	-1521	-368	-1475	ENSMUST00000022458	GGCTGCCAGCCTTCCTAGACAATCACAATTATGCCAAATCCCCTAT
-1634	-2284	-1588	-2238	ENSMUST00000022458	GGCTGCCAGCCTTCCTAGACAATCACAATTATGCCAAATCCCCTAT
-21152	-22527	-21105	-22480	ENSMUST00000096250	TCATTTTCAGAGGACTCCTGTCACCAATCAATCTTCAAATTTGACTG
-1256	-2508	-1208	-2460	ENSMUST00000159050	CGAGATGAATGGCTCCCTCACCAGCCCAAGCGCCTATGCTGGCCTACA
-2118	-4594	18	-2458	ENSMUST00000162372	AAATCTGTTCAAACACCAGATCCTTCTCACCCGTACGGCTTTTCAAATA
33484	32807	33538	32861	ENSMUST00000167487	ACATAAAGTTCGACAAAATCTATTCTAATGTGGCTTTTTATGGAGGGTGTAACT
4969	3413	5023	3467	ENSMUST00000167487	ACATAAAGTTCGACAAAATCTATTCTAATGTGGCTTTTTATGGAGGGTGTAACT
69426	68364	69483	68421	ENSMUST00000199300	AGCCTGCATCGCATACATTCGGCTCACACAGTACATGGACGGAAGCGGGATGCCAAA
2602	-996	2659	-939	ENSMUST00000112224	TATCAACTATCTAAAACCTAACTGCAAATTGACCACAGACCTCTGACCTTCTACTTT
-25511	-27742	-25453	-27684	ENSMUST00000054955	AACTGCCACCACATGTGCGCATCTGGGACTCTGTGACACTGAACACTCTGCATGTCAT
1539	1325	1600	1386	ENSMUST00000132846	ATCAAACCATTCCTTCTGTAGCTCAGGAGAGCGTCCCTACCCCATCTGCTCGCAATGTCCT
9200	8814	9261	8875	ENSMUST00000161431	AGACCCCACAGCCCCCTGTAGGACATCTCCCCCTAGCCATTTATACTTTGGATATTGTTTT
1061	349	1123	411	ENSMUST00000061837	AACAATAAGACAGCAGAGCGCCGGAGGCCCCTGGATGAATTCAACAATGGAGTTGTCATGAC
1061	349	1123	411	ENSMUST00000061837	AACAATAAGACAGCAGAGCGCCGGAGGCCCCTGGATGAATTCAACAATGGAGTTGTCATGAC
320	-3278	383	-3215	ENSMUST00000112223	GGTAAGCATCCTTTGAAAAATAATTTTCTTGAACTTAAACTCTGAGCAGTCAGTATCTCTCAA
-18169	-21106	-18104	-21041	ENSMUST00000112987	AGAAGTATCTATGTGAACTGTGCCTGGACGATGTGCTGTATGCCCGTACCACAAGCAAGCTCAAG
-18169	-21104	-18104	-21039	ENSMUST00000112987	AGAAGTATCTATGTGAACTGTGCCTGGACGATGTGCTGTATGCCCGTACCACAAGCAAGCTCAAG
6033	5780	8582	8329	ENSMUST00000160027	CAAAAATAATTTACATAGTACACGATGAAGTTAAGGATAAAGCTTTTGAACTGGAGCTCAGCTGGGTT
21872	20564	21940	20632	ENSMUST00000213013	TACCGGAGCTTGACCCTGAACGTCGTGAACCGGCTCACCTCCGTTACTCGCCTCTTCCCAAATTCCTT
4321	3774	4390	3843	ENSMUST00000093995	CAGCGGCAGGGCTCCCGGCTCTCTGCTGTCCCTCACCTCCTGTACATACTGCCTGGGAAGAGACACCAC
4321	3467	4390	3536	ENSMUST00000093995	CAGCGGCAGGGCTCCCGGCTCTCTGCTGTCCCTCACCTCCTGTACATACTGCCTGGGAAGAGACACCAC
4321	3467	4390	3536	ENSMUST00000093995	CAGCGGCAGGGCTCCCGGCTCTCTGCTGTCCCTCACCTCCTGTACATACTGCCTGGGAAGAGACACCAC
1839	-712	1910	-641	ENSMUST00000226059	AAACGCTACCTCTCTGTCCCTTGCTGTGTGCTGATCATCGCCAGAGGTGCTTCACTCTGACTTGTTGGTTT
9718	9332	9790	9404	ENSMUST00000161431	ATGGGCAAAGGCTGGTGTGAGGGTGGGGCCCAAGCTGCTGCGCCATCTGGTCTGTTTTTATTTAACTGTATT
31149	30504	31221	30576	ENSMUST00000041956	ACTCTAAAGTTTACGAAGCCTGCTTCTCTGAATATTCTCATATTTTAGATGAATTTCACCCATTTTCATACT
31149	30504	31221	30576	ENSMUST00000041956	ACTCTAAAGTTTACGAAGCCTGCTTCTCTGAATATTCTCATATTTTAGATGAATTTCACCCATTTTCATACT
82219	81268	82299	81348	ENSMUST00000182597	GCTCGTTCTGCTGCTTGGTCCTACATCTTTCTGCCTGAGGAAGCCTGGTGTGACCTTACCATCCACCTTCCGTCAGCAGT
24934	23531	25014	23611	ENSMUST00000182597	GCTCGTTCTGCTGCTTGGTCCTACATCTTTCTGCCTGAGGAAGCCTGGTGTGACCTTACCATCCACCTTCCGTCAGCAGT
178	-2373	258	-2293	ENSMUST00000044083	GAGCTGCTGCAGATACTGGATGCCATGGACATCTGCGCCCGAGACCTGAGTAGTGGGACTATGGTGGATATCCCTGCTCT
4128	3705	6377	5954	ENSMUST00000175903	TTTTACGGAGAAAACTTATCCATGAAGGCTGCCTGCTCTGGAAGACAGCCACAGGCCGCTTCAAAGATGTCCTGTTGCTGCT
3126	2671	5375	4920	ENSMUST00000175903	TTTTACGGAGAAAACTTATCCATGAAGGCTGCCTGCTCTGGAAGACAGCCACAGGCCGCTTCAAAGATGTCCTGTTGCTGCT
3126	2671	5375	4920	ENSMUST00000175903	TTTTACGGAGAAAACTTATCCATGAAGGCTGCCTGCTCTGGAAGACAGCCACAGGCCGCTTCAAAGATGTCCTGTTGCTGCT
-6887	-7178	-4638	-4929	ENSMUST00000175903	TTTTACGGAGAAAACTTATCCATGAAGGCTGCCTGCTCTGGAAGACAGCCACAGGCCGCTTCAAAGATGTCCTGTTGCTGCT
23977	23390	33775	33188	ENSMUST00000113735	AGGGCCCTGTTTGATTATGATCGGACTCGTGACAGCTGTCTACCAAGCCAGGGACTCAGTTTCTCTTATGGTGACATTCTGCACGTC
158	-1149	1217	-90	ENSMUST00000031598	AGGAGGAGGAGGAGGAGATGGTTGAGACTGTAGAGGGTGTCTTCACAGAAGTCGTGGGCCAGAAACGGCCAAGGCCGGGACCCAGCC
-1230	-1810	-171	-751	ENSMUST00000031598	AGGAGGAGGAGGAGGAGATGGTTGAGACTGTAGAGGGTGTCTTCACAGAAGTCGTGGGCCAGAAACGGCCAAGGCCGGGACCCAGCC
5967	5585	6054	5672	ENSMUST00000107976	ACCTGAAGCCCCCAGGATAGGTGGGACAGAGAAGCTCAGTTCTGGGACGGTGGCATCCTCTCTCTCTCTCTCTCTTTCCTTTCTTTT
72315	71253	72414	71352	ENSMUST00000171289	TAATTAAAATTACTGTTCTCTGAATGACAGTGTGTAAGGAAATCTTTCAAGAATGCTGTCATTATTCTCTTTGAGCTTTTTGTTGGGATTTGGGGTTTT
-6216	-6577	-6115	-6476	ENSMUST00000045393	CTCTCAGTACCACCACCACAGCCCGGCCCACACCCCTCACCAGCACAGCCTCGCCTGCAGCCACCACTCCACTCCGCCGGGCACCCCTCACCACACACCCA
18695	17744	18798	17847	ENSMUST00000182597	TTGAGGCTACCAAAGTTTGCAGAGGAGGAGACTCTTTGTATAGACTCTATAACTCCTTGTGCTGATGGAATTCATTTGTTGGTAGGACTGCGGACATGCTCTG
-38590	-39993	-38487	-39890	ENSMUST00000182597	TTGAGGCTACCAAAGTTTGCAGAGGAGGAGACTCTTTGTATAGACTCTATAACTCCTTGTGCTGATGGAATTCATTTGTTGGTAGGACTGCGGACATGCTCTG
2313	-1285	2417	-1181	ENSMUST00000112227	GCAGAAGCTGGATTCTGACCCGAGCTCTGCAAAATGAGCTTCCCAGTTGATCACATCGGAACAAAATGGGACTGAGGATTTGGTGATCACTATTGTTTGGAAAT
7622	6657	7727	6762	ENSMUST00000112237	TCCACTTCTATGGTGTGTCCAACCTTCAGGAATTCCGTTATGGCCTAGAAGGTGGCTGTACCGACGACTCCCTTCTCTGAGCCTCCCCACCTGAGGGGTGGAGGA
-7593	-7954	-7484	-7845	ENSMUST00000045393	CACGGACACATTGACTGAATATGCCTCATGGGAGGACTATGTAGCCGCACGCCACACCACCACGTACAGACTGCCCAACCGTGTAGATGGCACTGGCTTTGTGGTCTAC
7973	7591	8084	7702	ENSMUST00000107976	ATTAAAGCATGCTAAATTCAGGGGCTCTTGCTCGCTCTCCCGATGAGTCATCTTTCTCTCTCTCTGTGGCTGTGGGCTGCTGAACCGCACAGAGATAATTCATCTCTGGGC
-9387	-10518	-7442	-8573	ENSMUST00000080036	CAAGAGGAACAGCACCCTGCCTTCATTTCTCACAGCTGTGCTGAAGAACATTGTTATCAGTCTGGCCCGACTCCCCCTAGTTAACAGCTATACTCGTGTGCCTCCTCTGGTA
48334	40901	75612	68179	ENSMUST00000030691	AAAATAACCAGAGACTCTAAGGATCACACAGTTTCAGGTAATGGGCTAGGAATTAGAATTGTTGGTGGTAAAGAAATTCCTGGACATAGTGGAGAAATTGGAGCCTATATTGCTAAGATTCTTC
9368	8986	9493	9111	ENSMUST00000107976	CTGGCAGCAGGCTCTGGTAGTCCACGTCTCCTTCCAACCAGCAGAGTAAAGGCACAGACACAGTTGTGCACCGCATATGTATTCAGAGAGACACAAGTATGTAGAGTCATTCATGGCCCAGAGCG
81447	80496	82180	81229	ENSMUST00000182597	CAAATAAAGCTGTTGACAGCACTTTGAAAACAAGGATCCTGGCCTCTGAGCCTGACAATGCAGAAGGAATCCATAACTTTGCACCACTTGGTACCATCACTTCTAGTAGTCCTACTGCCCAGCCA
24162	22759	24895	23492	ENSMUST00000182597	CAAATAAAGCTGTTGACAGCACTTTGAAAACAAGGATCCTGGCCTCTGAGCCTGACAATGCAGAAGGAATCCATAACTTTGCACCACTTGGTACCATCACTTCTAGTAGTCCTACTGCCCAGCCA
2452	-4981	2597	-4836	ENSMUST00000182407	GCCCATGAATCTCTGATATTGACCTACTCTGAGCCTTCAGAGAGTGCTACGTCTGTCCCACCTTCTGACACACCTTCTCTCACATCATCTATTTCTTCAGTTTGTACCACAGATAGCTCCTCACCTGTCACTACCCTCGATAGCC
-6968	-7329	-6123	-6484	ENSMUST00000045393	TATAGCCTGGAGTTTGGACCCCCAGATCCCAGTGCTGGCCCAGCCACTTCCCCGCCTCTCAGTACCACCACCACAGCCCGGCCCACACCCCTCACCAGCACAGCCTCGCCTGCAGCCACCACTCCACTCCGCCGGGCACCCCTCACCA
3871	3097	4019	3245	ENSMUST00000099557	GATACTTCCCTGCCTCCTTGACCTCCCTCCCTTCCCACCTTCCTGGCTGTTGTGAGACAGGGAATGCCAAGGAAGAACTCTAGTGTCTGGACCCGATCCAGATAATATTTTTAGACTCCTCTGTTCCCTGATGACCTGCATTAGGGCA
-21456	-22033	-18853	-19430	ENSMUST00000046257	CCAGGCCTGGACCAGCCTAGGGAAGCGTGCAGACCAGCGCAAGGCCAAATTGGGTGACTCCCATGATCTGCAGCGCTTCCTTAGCGATTTCCGGGACCTCATGTCTTGGATCAATGGAATACGAGGGTTGGTATCTTCAGATGAACTAGCCAAGGACGTC
-2244	-2514	-1912	-2182	ENSMUST00000102919	CAGCGGGTGCAACCCTGTCATCTACTGGCTGGCCAACTACGTGTGGGACATGCTCAATTACCTGGTCCCAGCCACCTGCTGCGTGATCATCCTCTTTGTCTTTGACTTACCTGCCTACACATCACCCACCAACTTCCCCGCGGTGCTCTCCTTGTTCCTGCTCTATGGGTG
8989	5622	9415	6048	ENSMUST00000077609	AAGATGGACTCCAGGGGCGAGCACAGACAGGATCGCAGGGAGAGGCCATATTAGCCTGGCTCCTGAAGTTCTGGAACTCTTCCTGTACCCAGTGTTACCCTTGTTATTTTGTAAACTTACAATTCAGGATCGCTCATGGATATTTTTTTTTGGGGGGGGTGGGGCGGTTGTGTGTGTATGTGTGTGTGTGT
1126	549	1465	888	ENSMUST00000129241	AGTGAAGAGATCGAGAGTGCTTTCCGGGCCCTCAGCTCTGAGGGCAAGCCTTATGTGACCAAGGAGGAGCTCTACCAGAACCTGACCCGGGAACAAGCTGACTATTGTGTCTCCCACATGAAGCCCTATGTGGATGGCAAGGGCCGAGAACTTCCAACTGCCTTCGACTACGTCGAGTTCACCCGCTCACT
