start_genomic-shortSplice	end_genomic-longSplice	start_genomic-longSplice	transcript_ID	prot_seq
1011	-767*	-786*	ENSMUST00000124830	CCATGAGCAAACTGAAGGT
28420*	28430*	28411*	ENSMUST00000197977	TCTGCAGTGCTTGATGGTG
1367	1276	1257	ENSMUST00000197977	TCTGCAGTGCTTGATGGTG
2752	2831*	2812*	ENSMUST00000004326	CTTGAGAGCAAGAACCACC
2439	2650*	2631*	ENSMUST00000199754	TCCTCAGATTGTACATGTA
-1069	-1103*	-1122*	ENSMUST00000200048	TTGAATGCTGTGGAGAAGG
2834*	2852*	2832*	ENSMUST00000032749	TCCGAATCAAGTGTGGAAGT
2834*	2838*	2818*	ENSMUST00000032749	TCCGAATCAAGTGTGGAAGT
2068*	2083*	2063*	ENSMUST00000179769	GTCCAAGCCTAGGTCCTCAG
650*	628*	608*	ENSMUST00000121416	CCTTTGGGCTCTGAGTCACT
6372*	6270*	6250*	ENSMUST00000101445	AGGCAGCAACAAAAGGCCGG
1860	3491*	3471*	ENSMUST00000080283	CCACCGCCAACTCCTGCTTG
5310*	5325*	5305*	ENSMUST00000098614	TTAGCACTTTGGAAAGAGTC
5310*	5325*	5305*	ENSMUST00000098614	TTAGCACTTTGGAAAGAGTC
3827*	3843*	3823*	ENSMUST00000100167	GTCAGTGTCATCCGTGCTTT
1897	3643*	3623*	ENSMUST00000113778	TTGGAGGCCTTGAACAATCA
2953*	2956*	2936*	ENSMUST00000113778	TTGGAGGCCTTGAACAATCA
ERROR_Not on the same transcript	ERROR_Not on the same transcript	ERROR_Not on the same transcript	ENSMUST00000114127	TATTTCACATGTATGCTTTC
3113	3054*	3034*	ENSMUST00000182061	TCTCGGCAGAGTCATTCCCG
2611*	2622*	2602*	ENSMUST00000182061	TCTCGGCAGAGTCATTCCCG
1191*	1019*	999*	ENSMUST00000182061	TCTCGGCAGAGTCATTCCCG
3885	4033*	4013*	ENSMUST00000027040	TCTTTAACATGTTCTTTATA
593	2478*	2458*	ENSMUST00000027040	TCTTTAACATGTTCTTTATA
-414*	-403*	-423*	ENSMUST00000195860	CTGACTCTAAGTCGGAGGTG
6549*	6416*	6395*	ENSMUST00000039725	CCCTAGGCTTTACCATTACAA
1873	7854*	7833*	ENSMUST00000115839	CATCTCCAGGGTCTCTGACTT
4167	5365*	5344*	ENSMUST00000182964	CAAAGAGGCATGAACATGAGT
1713	3192*	3171*	ENSMUST00000166411	ATCTCTCAGGCTGACTTTATA
1284*	2359*	2338*	ENSMUST00000166411	ATCTCTCAGGCTGACTTTATA
1007	30030*	30009*	ENSMUST00000075144	GGGAAGATTGCCATTTTAGGG
1007	30030*	30009*	ENSMUST00000075144	GGGAAGATTGCCATTTTAGGG
4092*	4107*	4086*	ENSMUST00000113712	TCCCTTTGGAATTTTTAAATG
1235	1370*	1349*	ENSMUST00000113712	TCCCTTTGGAATTTTTAAATG
804	65016*	64994*	ENSMUST00000183156	TTTAGGTTCTATGCTGATAAAA
1458*	1415*	1393*	ENSMUST00000022458	CCTTTCAGTTCCTCTGTCCATC
1458*	1415*	1393*	ENSMUST00000022458	CCTTTCAGTTCCTCTGTCCATC
4655*	4455*	4433*	ENSMUST00000171265	AAGTTTTGAACTGAAATTTGTA
997*	3358*	3336*	ENSMUST00000171265	AAGTTTTGAACTGAAATTTGTA
997*	3358*	3336*	ENSMUST00000171265	AAGTTTTGAACTGAAATTTGTA
-356	-552*	-574*	ENSMUST00000046751	TTGGCGGCTCGCGCGCTCCGTT
396*	401*	379*	ENSMUST00000003964	GGGCATCCCCAGCATCTCCACC
-3196*	-3177*	-3199*	ENSMUST00000035055	GGCGGCGGCGGCGGGCAGTCGC
2949*	2860*	2838*	ENSMUST00000074792	CGGGCCTAGCTCAGTAGGTAGA
4737	6770*	6748*	ENSMUST00000100203	GGAAACTGAGGCATGAGCTCTT
4737	6770*	6748*	ENSMUST00000100203	GGAAACTGAGGCATGAGCTCTT
2560	4648*	4626*	ENSMUST00000080461	CTACTGGAGGCAGCAGTGGCGA
-1638	-1631*	-1653*	ENSMUST00000159975	TCATCAGGAATGCTCTGGGAAG
2432	3278*	3256*	ENSMUST00000103108	GCAGCCGAAGGCCTGGGGGTTG
-2322	-2315*	-2337*	ENSMUST00000027112	GTCGGCTGAATTCCAAAGATGC
-2322	-2315*	-2337*	ENSMUST00000027112	GTCGGCTGAATTCCAAAGATGC
-740	-851	-873	ENSMUST00000114399	GAGAACCAAGAAGGTGATCCTG
1122*	1131*	1108*	ENSMUST00000121717	TTAATTGGAATGGATGGGAACAC
61164*	61106*	61083*	ENSMUST00000110844	GGTGATCCAGGATGACGAGGTGG
2555	4644*	4621*	ENSMUST00000173727	CACTACTGGAGGCAGCAGTGGCG
1237*	939*	916*	ENSMUST00000099934	TGCTCAGGATGCACGCGGGCGGC
5081*	5068*	5044*	ENSMUST00000042561	GTGGATGTAGCTCAGTTGGTAGCA
2069*	2090*	2066*	ENSMUST00000163979	CCATTACACCTCCTTCCACCCCTT
2069*	2090*	2066*	ENSMUST00000163979	CCATTACACCTCCTTCCACCCCTT
2432	3001*	2977*	ENSMUST00000100993	TTTCAAGAAGTACACAGACCACCA
670*	-209*	-233*	ENSMUST00000110186	GGCCCCGAGTGCAACAGCCTGCAG
292	-209*	-233*	ENSMUST00000110186	GGCCCCGAGTGCAACAGCCTGCAG
ERROR_Not on the same transcript	ERROR_Not on the same transcript	ERROR_Not on the same transcript	ENSMUST00000097288	CCAGTTCGAATCCGTGTGCGAGTC
2858	4387*	4362*	ENSMUST00000028911	TAAGCTGAAGAGTTTGAGAATGGGC
-761*	-815*	-840*	ENSMUST00000034703	CCTCACTATCGGCGACGCGAACGGC
27277*	27287*	27262*	ENSMUST00000063594	GGAAGATTGCCATTTTAGGGTCAGC
27277*	27287*	27262*	ENSMUST00000063594	GGAAGATTGCCATTTTAGGGTCAGC
1752*	1658*	1633*	ENSMUST00000004222	AGAAAGAATCTTTTGAAGAAACAAG
2249*	2065*	2040*	ENSMUST00000004222	AGAAAGAATCTTTTGAAGAAACAAG
2249*	2065*	2040*	ENSMUST00000004222	AGAAAGAATCTTTTGAAGAAACAAG
ERROR_Not on the same transcript	ERROR_Not on the same transcript	ERROR_Not on the same transcript	ENSMUST00000169547	GTGTGGATGTAGCTCAGTTGGTAGC
-2424*	-2435*	-2460*	ENSMUST00000039627	CCTTTTGTAACCTGAGACCTGGCAC
71317*	71336*	71311*	ENSMUST00000233283	AACGGCCAGTTCGAATCCGTGTGCG
9568*	9584*	9558*	ENSMUST00000173033	AAGCCTGTGAAGGTGAACTGTGTGGT
9639*	9658*	9632*	ENSMUST00000044053	TGAAGAATTCATGGATGACTTTGAAA
2139	3502*	3476*	ENSMUST00000044053	TGAAGAATTCATGGATGACTTTGAAA
-156*	-2146*	-2173*	ENSMUST00000030691	AGGGCCATATGGTTACAGAGGGATTGG
-152*	-375*	-402*	ENSMUST00000130698	TAGTATTTCTAGCCTATTCTTGTCAGT
1666*	2088*	2060*	ENSMUST00000028852	CATCTGGCGGATAAGAAGGGTCTCCACG
1251	3005*	2977*	ENSMUST00000089027	GGCTTCTACGCAGCCTACATGTTTGTCC
1251	3005*	2977*	ENSMUST00000089027	GGCTTCTACGCAGCCTACATGTTTGTCC
1694*	1714*	1686*	ENSMUST00000089027	GGCTTCTACGCAGCCTACATGTTTGTCC
206	4787*	4759*	ENSMUST00000190997	AGAGGTTTCGATTCCCTTCACCCATCTT
206	4787*	4759*	ENSMUST00000190997	AGAGGTTTCGATTCCCTTCACCCATCTT
-1157	-1243*	-1271*	ENSMUST00000190997	AGAGGTTTCGATTCCCTTCACCCATCTT
ERROR_Not on the same transcript	ERROR_Not on the same transcript	ERROR_Not on the same transcript	ENSMUST00000112637	AGTTGTCACCAAATCCCCCAAAACTAAC
315	1610*	1582*	ENSMUST00000112637	AGTTGTCACCAAATCCCCCAAAACTAAC
ERROR_Not on the same transcript	ERROR_Not on the same transcript	ERROR_Not on the same transcript	ENSMUST00000107420	TGCTTTGCCTCTGACACCACCTTACACT
ERROR_Not on the same transcript	ERROR_Not on the same transcript	ERROR_Not on the same transcript	ENSMUST00000107420	TGCTTTGCCTCTGACACCACCTTACACT
1664*	2087*	2058*	ENSMUST00000028852	AACATCTGGCGGATAAGAAGGGTCTCCAC
-1801	-1807*	-1837*	ENSMUST00000092433	CTGGAAGCCTCGGGAAAGTACTCCCCAACC
-1801	-1807*	-1837*	ENSMUST00000092433	CTGGAAGCCTCGGGAAAGTACTCCCCAACC
-1801	-1807*	-1837*	ENSMUST00000092433	CTGGAAGCCTCGGGAAAGTACTCCCCAACC
-443*	-1402*	-1432*	ENSMUST00000199300	TCGCGTGTCGCCCGTCGCACTGTCCAGACC
-836*	-886*	-917*	ENSMUST00000196060	GATATAATTGACATTGATTACTTTGAAGGAT
3081*	1135*	1104*	ENSMUST00000111438	TTGACTTTGCCGGGCTTGCTCGAGGCTTTGC
-51*	-29*	-60*	ENSMUST00000162907	TCTACAGTGGGATCGAGGGGCTGGATGAGTC
ERROR_Not on the same transcript	ERROR_Not on the same transcript	ERROR_Not on the same transcript	ENSMUST00000162907	TCTACAGTGGGATCGAGGGGCTGGATGAGTC
ERROR_Not on the same transcript	ERROR_Not on the same transcript	ERROR_Not on the same transcript	ENSMUST00000162907	TCTACAGTGGGATCGAGGGGCTGGATGAGTC
ERROR_Not on the same transcript	ERROR_Not on the same transcript	ERROR_Not on the same transcript	ENSMUST00000162907	TCTACAGTGGGATCGAGGGGCTGGATGAGTC
ERROR_Not on the same transcript	ERROR_Not on the same transcript	ERROR_Not on the same transcript	ENSMUST00000162907	TCTACAGTGGGATCGAGGGGCTGGATGAGTC
ERROR_Not on the same transcript	ERROR_Not on the same transcript	ERROR_Not on the same transcript	ENSMUST00000162907	TCTACAGTGGGATCGAGGGGCTGGATGAGTC
ERROR_Not on the same transcript	ERROR_Not on the same transcript	ERROR_Not on the same transcript	ENSMUST00000162907	TCTACAGTGGGATCGAGGGGCTGGATGAGTC
-2446	-2893*	-2925*	ENSMUST00000035645	TAAGTCCTCCACCAGGCCCCTGCCCAGACCCA
1716	11807*	11774*	ENSMUST00000023206	TCGGAGCGAGCTCCCATCTCTGATCCATCGGCG
2393*	2138*	2105*	ENSMUST00000023206	TCGGAGCGAGCTCCCATCTCTGATCCATCGGCG
10725*	9544*	9511*	ENSMUST00000037232	GAAGCATTGAGATACTACTGCCAGTGATGAACT
-2065	-2073*	-2107*	ENSMUST00000143432	AGGCGAACGAGGCCTGACTGGACCATCAGGCCCC
24323*	23599*	23565*	ENSMUST00000035813	GGTGCTGGGTGCTGGGTGCTGGGTGCTGGGTGCT
4290*	4213*	4179*	ENSMUST00000035813	GGTGCTGGGTGCTGGGTGCTGGGTGCTGGGTGCT
3215	21179*	21144*	ENSMUST00000108909	CAAGGAGCACCCAGGAAGTGGCTTCAAAGGGGACT
1681	5612*	5577*	ENSMUST00000038900	ATAAAATCTGATATATACACGTTAGGAAAGTTCTC
738*	-1600*	-1636*	ENSMUST00000030691	TATTGACATCAATGCCAGCCTGCAAACTATTACTAT
-242*	-557*	-593*	ENSMUST00000111216	ATGGGCTCTTCGGCAGCAAAACCAACTTCAACTCCC
5001*	4683*	4647*	ENSMUST00000072031	GAGCGGCTCTCCACACATGAGCTCACCTCTCTGCTA
612	4770*	4748*	ENSMUST00000120544	ATGTGTCTTTCTAACTTCTAATAAACTCACTCCAACT
612	4770*	4748*	ENSMUST00000120544	ATGTGTCTTTCTAACTTCTAATAAACTCACTCCAACT
612	4770*	4748*	ENSMUST00000120544	ATGTGTCTTTCTAACTTCTAATAAACTCACTCCAACT
612	4770*	4748*	ENSMUST00000120544	ATGTGTCTTTCTAACTTCTAATAAACTCACTCCAACT
612	4770*	4748*	ENSMUST00000120544	ATGTGTCTTTCTAACTTCTAATAAACTCACTCCAACT
612	4770*	4748*	ENSMUST00000120544	ATGTGTCTTTCTAACTTCTAATAAACTCACTCCAACT
712*	685*	647*	ENSMUST00000022458	GTCATCATGGAGCGAATCGGTCTTGCTACTGCAGGGGA
712*	685*	647*	ENSMUST00000022458	GTCATCATGGAGCGAATCGGTCTTGCTACTGCAGGGGA
35619*	35535*	35497*	ENSMUST00000004684	TGGCCCACATCCGCCGGGCCGTGGAGAGCTGTCCTGAC
-1537	-1576*	-1615*	ENSMUST00000084513	GGAAGGAAGCCCTTTCCGTCCTTCCCACTCCTCCTCGGC
-157*	-157*	-196*	ENSMUST00000113136	ATATTCTGACAGGCCACGGTGAGCATCTATAGACCAGAA
245	4791*	4751*	ENSMUST00000084513	TTCCCCAACTCCATGTTCAGGGTCGAGTTTTGAGGACACC
736*	1210*	1170*	ENSMUST00000003044	TGTTCAAGGGCAAGGTGGAAGCTGTATTGGAGAAGTTAGG
-1721	-1693*	-1733*	ENSMUST00000182597	GTATTTCAGGAGTTGAGTTATTGGTGGACCAGCCTTTCAC
-3578	-3565*	-3605*	ENSMUST00000182597	GTATTTCAGGAGTTGAGTTATTGGTGGACCAGCCTTTCAC
-3732*	-3823*	-3863*	ENSMUST00000182597	GTATTTCAGGAGTTGAGTTATTGGTGGACCAGCCTTTCAC
-192	-158*	-198*	ENSMUST00000168361	ATTTAATGAAATTCTACAGGCAGCCTATCAATTAATGACA
-552*	-571*	-612*	ENSMUST00000017408	GGTGTGGAATCAAACAAGCAATATCAGCTGGCAGACTGGAG
ERROR_Not on the same transcript	ERROR_Not on the same transcript	ERROR_Not on the same transcript	ENSMUST00000107420	TCTTTGGGCTCATGGAGAAGGACTCTTACCCTCGCTTCCTC
ERROR_Not on the same transcript	ERROR_Not on the same transcript	ERROR_Not on the same transcript	ENSMUST00000107420	TCTTTGGGCTCATGGAGAAGGACTCTTACCCTCGCTTCCTC
-2457	-2895*	-2936*	ENSMUST00000035645	ACACACCAAGATAAGTCCTCCACCAGGCCCCTGCCCAGACC
11740*	11761*	11719*	ENSMUST00000077182	GGCCAAGAAGAACAAAGACAAAGAGTATTACGTCTGAGCACC
18580*	18619*	18577*	ENSMUST00000122941	CCAGCTACCACTACTTTCTCCATTTATCCTGTGTCCTCCACT
-1668	-1636*	-1678*	ENSMUST00000122941	CCAGCTACCACTACTTTCTCCATTTATCCTGTGTCCTCCACT
2390*	2411*	2369*	ENSMUST00000160597	GAAAACATGATTGGGCCAGACTGGAAAAAGAGGTGGATGTAC
-1458*	-1489*	-1531*	ENSMUST00000031278	GCTTGACAACTCGGCTGCGCTCGCCCAGACCTTCCGCCCTCC
-678*	-638*	-680*	ENSMUST00000027432	AACAACAAAGCCATTCGGCGCCTGCTACATGTTGCTGTAAGT
1241	2392*	2350*	ENSMUST00000067664	GCCGCAGGTACAGATCTGTATTGTTCTTACTGAAACACAGCA
4790	5720*	5678*	ENSMUST00000042824	ATAGTTGACCTTCTCATACCCTCTCCTAATGCTACTGCAGAA
-997	-1080*	-1123*	ENSMUST00000173078	GAAAATCCACAGGAATGGGTAGGACAAGTGGAAATAAGTGCCC
-1051	-1038*	-1081*	ENSMUST00000108909	AAACTTTTACATGGTCCCTGGCATGCTAGAACCCTTGCTCTGC
-813*	-782*	-825*	ENSMUST00000084038	ACATCCTCTGTCACCTGAATATCACCATGCCCCCCTGCACCAA
-1309*	-1341*	-1384*	ENSMUST00000084038	ACATCCTCTGTCACCTGAATATCACCATGCCCCCCTGCACCAA
1603*	1592*	1548*	ENSMUST00000027414	GTTTGAAGTGGAACTCCAAGCAGCTCGGACTCTGGAGCGGCTGG
-2431	-2399*	-2443*	ENSMUST00000182597	AAATAAATTAAACTCTGCACTATGTAATAGACGTAAAGGTGATC
-4288	-4271*	-4315*	ENSMUST00000182597	AAATAAATTAAACTCTGCACTATGTAATAGACGTAAAGGTGATC
-4442*	-4529*	-4573*	ENSMUST00000182597	AAATAAATTAAACTCTGCACTATGTAATAGACGTAAAGGTGATC
-315	-298*	-343*	ENSMUST00000067664	ACCAGGCGAAGCTGGCAGAGCAGGCCGAGCGATACGACGAAATGG
-650	-683*	-728*	ENSMUST00000084513	AAAAGACCCCCGAGAAACTTGACAACACTCCTGCCTCACCTCCAA
-1513*	-1485*	-1530*	ENSMUST00000109567	TGGTTCCTGGTCCACTCTGACCCTCAGTCATGCCCATGAGGTCTG
-1133*	-1579*	-1624*	ENSMUST00000109567	TGGTTCCTGGTCCACTCTGACCCTCAGTCATGCCCATGAGGTCTG
2191*	-12*	-58*	ENSMUST00000040787	CTTTGCTTTCCCGAATTCTGCCTTCTGATGCCTGTAAAATATACAA
1154*	1135*	1089*	ENSMUST00000022458	GGCTGCCAGCCTTCCTAGACAATCACAATTATGCCAAATCCCCTAT
1154*	1135*	1089*	ENSMUST00000022458	GGCTGCCAGCCTTCCTAGACAATCACAATTATGCCAAATCCCCTAT
-131*	-94*	-140*	ENSMUST00000026993	ACCTCAATATCTACTTCAACTGCACTGACTTGAACCCAAGCCGTGA
72219*	72259*	72213*	ENSMUST00000148486	CACGGATTTTGACCCCTCTATCCTGCCTCCTCCGGACCCCTGGATT
-69*	-68*	-115*	ENSMUST00000061158	ACCGAGAGCGAATAGAACTGTTTTGCACCGAGTATCAGAACAATAAG
-443	-525*	-572*	ENSMUST00000033081	GCGGGGAGGCTGGAAAGGAGGATACAGTGGAGGGAGAAGACGAGAAG
-443	-527*	-574*	ENSMUST00000033081	GCGGGGAGGCTGGAAAGGAGGATACAGTGGAGGGAGAAGACGAGAAG
-572*	-527*	-574*	ENSMUST00000033081	GCGGGGAGGCTGGAAAGGAGGATACAGTGGAGGGAGAAGACGAGAAG
10806*	10844*	10797*	ENSMUST00000105902	GACTTGGATGAGGACTTTCTTTTCACAGAACCGTTGCCTCCCCCCCT
13857*	13814*	13766*	ENSMUST00000033018	AGAACTGCAGTAGTCACTCAAATTATGATTCAACATTTTAATCCTTGG
295	1452*	1404*	ENSMUST00000067664	AAGCTATAAGGACTCTACGCTCATCATGCAGCTGCTACGTGATAACCT
7935*	7953*	7905*	ENSMUST00000159050	CGAGATGAATGGCTCCCTCACCAGCCCAAGCGCCTATGCTGGCCTACA
7935*	7953*	7905*	ENSMUST00000159050	CGAGATGAATGGCTCCCTCACCAGCCCAAGCGCCTATGCTGGCCTACA
91	650*	602*	ENSMUST00000159050	CGAGATGAATGGCTCCCTCACCAGCCCAAGCGCCTATGCTGGCCTACA
-102*	-69*	-117*	ENSMUST00000159050	CGAGATGAATGGCTCCCTCACCAGCCCAAGCGCCTATGCTGGCCTACA
-424*	-379*	-427*	ENSMUST00000164930	CAAGAAGCCCACTTCCACTAAGCCTAGCTCCTCTGCTCCCAGGGTGAG
-2031	-1989*	-2037*	ENSMUST00000168361	TAAACAAGATGATGAGGACTCTAAAATAAATGGCAGAGGTTTGCCAAA
-1450*	-1437*	-1486*	ENSMUST00000102554	CCTGTCTAAACTGGCTGTGACTTCCTATGCAGACATTGCCGACCTCATG
1758	2488*	2438*	ENSMUST00000037526	TAAACAATGCCCCCATCCTGTGCGTCCAGTCTCACCTTGGCCATGAAGAA
26743*	26778*	26727*	ENSMUST00000027521	AAAGGAGACAGAGAAGCGTGTAAAGTAACGGAGAGAGGTGCCTATAATGGA
-728	-863*	-916*	ENSMUST00000078111	GAGTCCCTGTCGGTCCCCAAGCTGCAAAGCCCGCCTGGAAGACCCCGAAAGCT
-1958	-1912*	-1964*	ENSMUST00000168361	TTTTAATCGCACTCCTGGAAGTCGCCAAGCCTCTCCAACTGAAGTAGTTGAGC
1008	2103*	2049*	ENSMUST00000040179	ATACCAATTGCTCTTCTTTCTGCAGTCCTGCTGCTGTTCTTCTGCAGAGACTCC
1008	2103*	2049*	ENSMUST00000040179	ATACCAATTGCTCTTCTTTCTGCAGTCCTGCTGCTGTTCTTCTGCAGAGACTCC
145	1091*	1037*	ENSMUST00000113460	AGATACTTACAGATTGGCCAGGATTCTTGTCCGCCTACCAGCACTCAGGCTCAT
ERROR_Not on the same transcript	ERROR_Not on the same transcript	ERROR_Not on the same transcript	ENSMUST00000182356	ACCAAGTATGAAACCACGATTTTCTGATACCCGCCGCCCCGTCCTCGCGGTGCCT
ERROR_Not on the same transcript	ERROR_Not on the same transcript	ERROR_Not on the same transcript	ENSMUST00000232395	CATCTGAGGCTCATTCGGCTGCCTCTGTGGCCAAGTCCTCCCAGAGTCCACCCTT
ERROR_Not on the same transcript	ERROR_Not on the same transcript	ERROR_Not on the same transcript	ENSMUST00000232395	CATCTGAGGCTCATTCGGCTGCCTCTGTGGCCAAGTCCTCCCAGAGTCCACCCTT
ERROR_Not on the same transcript	ERROR_Not on the same transcript	ERROR_Not on the same transcript	ENSMUST00000232395	CATCTGAGGCTCATTCGGCTGCCTCTGTGGCCAAGTCCTCCCAGAGTCCACCCTT
775	1290*	1235*	ENSMUST00000232395	CATCTGAGGCTCATTCGGCTGCCTCTGTGGCCAAGTCCTCCCAGAGTCCACCCTT
ERROR_Not on the same transcript	ERROR_Not on the same transcript	ERROR_Not on the same transcript	ENSMUST00000232395	CATCTGAGGCTCATTCGGCTGCCTCTGTGGCCAAGTCCTCCCAGAGTCCACCCTT
ERROR_Not on the same transcript	ERROR_Not on the same transcript	ERROR_Not on the same transcript	ENSMUST00000232395	CATCTGAGGCTCATTCGGCTGCCTCTGTGGCCAAGTCCTCCCAGAGTCCACCCTT
ERROR_Not on the same transcript	ERROR_Not on the same transcript	ERROR_Not on the same transcript	ENSMUST00000232395	CATCTGAGGCTCATTCGGCTGCCTCTGTGGCCAAGTCCTCCCAGAGTCCACCCTT
775	1290*	1235*	ENSMUST00000232395	CATCTGAGGCTCATTCGGCTGCCTCTGTGGCCAAGTCCTCCCAGAGTCCACCCTT
ERROR_Not on the same transcript	ERROR_Not on the same transcript	ERROR_Not on the same transcript	ENSMUST00000232395	CATCTGAGGCTCATTCGGCTGCCTCTGTGGCCAAGTCCTCCCAGAGTCCACCCTT
ERROR_Not on the same transcript	ERROR_Not on the same transcript	ERROR_Not on the same transcript	ENSMUST00000232395	CATCTGAGGCTCATTCGGCTGCCTCTGTGGCCAAGTCCTCCCAGAGTCCACCCTT
ERROR_Not on the same transcript	ERROR_Not on the same transcript	ERROR_Not on the same transcript	ENSMUST00000232395	CATCTGAGGCTCATTCGGCTGCCTCTGTGGCCAAGTCCTCCCAGAGTCCACCCTT
775	1290*	1235*	ENSMUST00000232395	CATCTGAGGCTCATTCGGCTGCCTCTGTGGCCAAGTCCTCCCAGAGTCCACCCTT
12135*	12170*	12114*	ENSMUST00000113462	GGCATCGTGGCGGCGGCGGCGCTCTGCATCCTCATTCTCCTCTACGCCATGTACAA
12135*	12170*	12114*	ENSMUST00000113462	GGCATCGTGGCGGCGGCGGCGCTCTGCATCCTCATTCTCCTCTACGCCATGTACAA
-37753*	-37805*	-37861*	ENSMUST00000092887	CGACTGGTGGAGATTAATGGACAGAATGTGGAGAATAAATCCAGGGATGAAATTGT
10372*	9440*	9383*	ENSMUST00000199300	AGCCTGCATCGCATACATTCGGCTCACACAGTACATGGACGGAAGCGGGATGCCAAA
-141*	-100*	-157*	ENSMUST00000027521	CTTTCGTGAACAGCCAGGAATGGACACTCAGCCGATCGGTACCGGAGCTCAAAGTGG
-1752	-1700*	-1758*	ENSMUST00000028081	AGCTGGTGCATTCCCGGCTCTACTCTCCGGAGCTGCCCATCCCTCCGGCTGCGGGCGA
2533*	2576*	2518*	ENSMUST00000186360	TATCCTGGTGGGCCACTGCCTGACTTCCCTAATCACTCACTCACCCTCAAAAAGGACA
-1080	-1033*	-1091*	ENSMUST00000054955	AACTGCCACCACATGTGCGCATCTGGGACTCTGTGACACTGAACACTCTGCATGTCAT
-281*	-339*	-398*	ENSMUST00000132615	ATGCAGCTCGGCCCGACTACATCGCTTCCAAGGCCTCCCCTACCTCGACTGAGGAGGAG
-281*	-339*	-398*	ENSMUST00000132615	ATGCAGCTCGGCCCGACTACATCGCTTCCAAGGCCTCCCCTACCTCGACTGAGGAGGAG
19020*	19063*	19004*	ENSMUST00000027521	TTACATGATTACATGCAGAATGTCCACGGCAAAGAGATAGACCTCTTGAGGACCACTGT
333	4245*	4184*	ENSMUST00000110049	AGATCCATTCCAAGGCATGCGCAAGCCCATGAGTCCTGTCTCAGCCCAGATGAGCCAGCTA
-916*	-857*	-919*	ENSMUST00000163979	TAAGGTTGCCGAAAAGCGGACCTCTCCATCCAAGCCTTCATCTGCCCCAGCCCTCAAACCTG
-916*	-857*	-919*	ENSMUST00000163979	TAAGGTTGCCGAAAAGCGGACCTCTCCATCCAAGCCTTCATCTGCCCCAGCCCTCAAACCTG
473*	414*	352*	ENSMUST00000061837	AACAATAAGACAGCAGAGCGCCGGAGGCCCCTGGATGAATTCAACAATGGAGTTGTCATGAC
-696	-746*	-808*	ENSMUST00000061837	AACAATAAGACAGCAGAGCGCCGGAGGCCCCTGGATGAATTCAACAATGGAGTTGTCATGAC
-1576	-1520*	-1582*	ENSMUST00000061837	AACAATAAGACAGCAGAGCGCCGGAGGCCCCTGGATGAATTCAACAATGGAGTTGTCATGAC
-503	-519*	-581*	ENSMUST00000084513	CAAAAATGCAAGAGTCTCCCAAACTGTCCCAACAATCGTACAACTTTGACCCTGACGCCTGT
-109*	-55*	-118*	ENSMUST00000195636	GCGGCTCCGGTGAACGCTTCAGAGTGAGATCATCATCCAAGTCTGAAGGTTCTCCATCGCCAC
679*	712*	649*	ENSMUST00000110000	ACATGTCACAGCTCTCTCTGTCGCCCCTGAATTCCGCCGTCTTGGCTTGGCTGCTAAACTTAT
-3598*	-6210*	-6274*	ENSMUST00000114037	TCTTACACTGATCGATCAATGATGTCTATGGCAGCTGATTCTTACACTGATTCTTATACTGATT
17960*	17892*	17827*	ENSMUST00000112987	AGAAGTATCTATGTGAACTGTGCCTGGACGATGTGCTGTATGCCCGTACCACAAGCAAGCTCAAG
17960*	17892*	17827*	ENSMUST00000112987	AGAAGTATCTATGTGAACTGTGCCTGGACGATGTGCTGTATGCCCGTACCACAAGCAAGCTCAAG
5238*	5297*	5232*	ENSMUST00000199659	AGGAAAAACCTAGAGCTCTTTGCCCTGCGCGTTACAAGGAAAGCAACTGGAATTTTAAATTTAGT
5706*	5756*	5691*	ENSMUST00000199659	AGGAAAAACCTAGAGCTCTTTGCCCTGCGCGTTACAAGGAAAGCAACTGGAATTTTAAATTTAGT
5048	49197*	49132*	ENSMUST00000113144	CTTTTGTTCCTGAGTCATCTGACCCTCAAATACTGCTTTGCTTTCCCAGCTGCTTCCTTGTTTCA
5017*	5078*	5011*	ENSMUST00000016569	CATTTGCTAGGGTGGATCTTAAGCAGTACGTAGTCTGTCAGTGTTTGTATTTGAATTCTCTGCAATT
1542*	1550*	1483*	ENSMUST00000201700	AACAGTGGCAGAGATTAACGCAACGATGAGTGTCCATCTCCCATTCGCAGTGGTCGGCAGTACTGAA
4985*	5029*	4961*	ENSMUST00000160027	CAAAAATAATTTACATAGTACACGATGAAGTTAAGGATAAAGCTTTTGAACTGGAGCTCAGCTGGGTT
4985*	5029*	4961*	ENSMUST00000160027	CAAAAATAATTTACATAGTACACGATGAAGTTAAGGATAAAGCTTTTGAACTGGAGCTCAGCTGGGTT
-4632	-4599*	-4665*	ENSMUST00000213013	TACCGGAGCTTGACCCTGAACGTCGTGAACCGGCTCACCTCCGTTACTCGCCTCTTCCCAAATTCCTT
3875*	3928*	3860*	ENSMUST00000042035	ATGGTCCTGACCCAGCCCCCCCGGGACAGGACTGAGATCACTCTGGAAAGAAGCGGGGTGGGGAATCT
1493*	1321*	1252*	ENSMUST00000093995	CAGCGGCAGGGCTCCCGGCTCTCTGCTGTCCCTCACCTCCTGTACATACTGCCTGGGAAGAGACACCAC
8198*	8255*	8186*	ENSMUST00000119705	TCTAACATCGTCTTCTACCCTGGTGGAGATTCTGGAAGCCATGAAGCATCCCTCGACAGGAGTCCAGCT
35	3533*	3463*	ENSMUST00000202937	ATGAGGACCTGACCCCAGAGCAGAAGGCTGAGCGCGAGAAGGAACGGAGGATGGCCAATAATGCCCGTGA
90	1293*	1222*	ENSMUST00000178812	GATTGTAATCCGAGGACTCAATACCATTCCATTGTTTGTGCAGTTGCTTTATTCTCCCATTGAAAATATCC
4600*	4662*	4591*	ENSMUST00000105900	AGAGAAGCCCGTGGTCAGGACCTGGTGGAGGACAGAAAGTGGGGCACAGGCTGTGGCAAAGTTTAGGTGTG
12676*	12727*	12655*	ENSMUST00000113462	GGAAGGAAGGCTGGGGTTTTGTAAAGTGTCCACTGCGCCGTTCGTTTATTTCCCTCGATTTTCTTCTTCCTC
12676*	12727*	12655*	ENSMUST00000113462	GGAAGGAAGGCTGGGGTTTTGTAAAGTGTCCACTGCGCCGTTCGTTTATTTCCCTCGATTTTCTTCTTCCTC
-181*	-142*	-217*	ENSMUST00000165123	AATTACTGTCGTGGGCTGCGCTTTGAGGAAGCTCCGGATTACATGTATCTGAGGCAGCTATTCCGCATCCTTTTC
ERROR_Not on the same transcript	ERROR_Not on the same transcript	ERROR_Not on the same transcript	ENSMUST00000146701	GATGAATGGATGAGTGAATGAATGAATGAATGAGTGAGTGAATTAATGGATGGGTATATTCTCTGGTTGAGCTTCT
-1974*	-1946*	-2022*	ENSMUST00000089302	AAGAGAATGTGCAATCAAGTTCAATGATTACTTTGAATTTCCTCGAGAGTTAGACATGGAACCTTACACAGTGGCA
491	4707*	4627*	ENSMUST00000120544	TGGCCGGTGCCCTGCGCGGGGCCTCCCCAGGACACACTGACGTAGATTTGCTGTGTAGTCTTGGTGTGGAAATTTGAATT
491	4707*	4627*	ENSMUST00000120544	TGGCCGGTGCCCTGCGCGGGGCCTCCCCAGGACACACTGACGTAGATTTGCTGTGTAGTCTTGGTGTGGAAATTTGAATT
491	4707*	4627*	ENSMUST00000120544	TGGCCGGTGCCCTGCGCGGGGCCTCCCCAGGACACACTGACGTAGATTTGCTGTGTAGTCTTGGTGTGGAAATTTGAATT
491	4707*	4627*	ENSMUST00000120544	TGGCCGGTGCCCTGCGCGGGGCCTCCCCAGGACACACTGACGTAGATTTGCTGTGTAGTCTTGGTGTGGAAATTTGAATT
491	4707*	4627*	ENSMUST00000120544	TGGCCGGTGCCCTGCGCGGGGCCTCCCCAGGACACACTGACGTAGATTTGCTGTGTAGTCTTGGTGTGGAAATTTGAATT
491	4707*	4627*	ENSMUST00000120544	TGGCCGGTGCCCTGCGCGGGGCCTCCCCAGGACACACTGACGTAGATTTGCTGTGTAGTCTTGGTGTGGAAATTTGAATT
4896	6926*	6846*	ENSMUST00000182597	GCTCGTTCTGCTGCTTGGTCCTACATCTTTCTGCCTGAGGAAGCCTGGTGTGACCTTACCATCCACCTTCCGTCAGCAGT
3039	6171*	6091*	ENSMUST00000182597	GCTCGTTCTGCTGCTTGGTCCTACATCTTTCTGCCTGAGGAAGCCTGGTGTGACCTTACCATCCACCTTCCGTCAGCAGT
4029*	5032*	4952*	ENSMUST00000182597	GCTCGTTCTGCTGCTTGGTCCTACATCTTTCTGCCTGAGGAAGCCTGGTGTGACCTTACCATCCACCTTCCGTCAGCAGT
10772*	10843*	10763*	ENSMUST00000105902	ATTCCGCATCCCCCCTCCCCCTCTGGCATCCGTGGACTTGGATGAGGACTTTCTTTTCACAGAACCGTTGCCTCCCCCCC
4785*	4777*	4695*	ENSMUST00000044730	AAGATAGGATGGGCCGGGACCCTTCAGAGGCAACCCTTTGACACTTGGAAGGACTTTGGGGGACAGTTGAGATGACCTCAGA
1073	1723*	1641*	ENSMUST00000175903	TTTTACGGAGAAAACTTATCCATGAAGGCTGCCTGCTCTGGAAGACAGCCACAGGCCGCTTCAAAGATGTCCTGTTGCTGCT
1154*	1050*	968*	ENSMUST00000175903	TTTTACGGAGAAAACTTATCCATGAAGGCTGCCTGCTCTGGAAGACAGCCACAGGCCGCTTCAAAGATGTCCTGTTGCTGCT
4870*	4599*	4516*	ENSMUST00000072031	CCCCTGACCTCAAGACACAGAATGTCCACGTGGAAATTGAGCAGCGTTGGCATCAAGTGGAGACCACCCCTCTCAGGGAGGAG
611	987*	903*	ENSMUST00000020159	CACCATGGCGGGCAAGTCTCCAGGACCCTTCCCAAACTGTGACTGGAGATTCAATGAGTTTCCCAACCCCGCTGCCCACGCTCT
ERROR_Not on the same transcript	ERROR_Not on the same transcript	ERROR_Not on the same transcript	ENSMUST00000146701	GAAAGGTAACAATACACTCACAAATAGGTAGATGAATGTAGCTGGAAGACGGGGCCTGGCTAGGGACGGGATGAGAGGCTGTGTC
ERROR_Not on the same transcript	ERROR_Not on the same transcript	ERROR_Not on the same transcript	ENSMUST00000232395	GGAGGACAGCAGACTGGAAGTGGCCTCTCCTGACTCTCCTACACCACTCTGTGAGGATGCTTCTCCTTCCCCCACGCCAGCTCCT
ERROR_Not on the same transcript	ERROR_Not on the same transcript	ERROR_Not on the same transcript	ENSMUST00000232395	GGAGGACAGCAGACTGGAAGTGGCCTCTCCTGACTCTCCTACACCACTCTGTGAGGATGCTTCTCCTTCCCCCACGCCAGCTCCT
ERROR_Not on the same transcript	ERROR_Not on the same transcript	ERROR_Not on the same transcript	ENSMUST00000232395	GGAGGACAGCAGACTGGAAGTGGCCTCTCCTGACTCTCCTACACCACTCTGTGAGGATGCTTCTCCTTCCCCCACGCCAGCTCCT
-1117	-1082*	-1167*	ENSMUST00000232395	GGAGGACAGCAGACTGGAAGTGGCCTCTCCTGACTCTCCTACACCACTCTGTGAGGATGCTTCTCCTTCCCCCACGCCAGCTCCT
ERROR_Not on the same transcript	ERROR_Not on the same transcript	ERROR_Not on the same transcript	ENSMUST00000232395	GGAGGACAGCAGACTGGAAGTGGCCTCTCCTGACTCTCCTACACCACTCTGTGAGGATGCTTCTCCTTCCCCCACGCCAGCTCCT
ERROR_Not on the same transcript	ERROR_Not on the same transcript	ERROR_Not on the same transcript	ENSMUST00000232395	GGAGGACAGCAGACTGGAAGTGGCCTCTCCTGACTCTCCTACACCACTCTGTGAGGATGCTTCTCCTTCCCCCACGCCAGCTCCT
ERROR_Not on the same transcript	ERROR_Not on the same transcript	ERROR_Not on the same transcript	ENSMUST00000232395	GGAGGACAGCAGACTGGAAGTGGCCTCTCCTGACTCTCCTACACCACTCTGTGAGGATGCTTCTCCTTCCCCCACGCCAGCTCCT
-1117	-1082*	-1167*	ENSMUST00000232395	GGAGGACAGCAGACTGGAAGTGGCCTCTCCTGACTCTCCTACACCACTCTGTGAGGATGCTTCTCCTTCCCCCACGCCAGCTCCT
ERROR_Not on the same transcript	ERROR_Not on the same transcript	ERROR_Not on the same transcript	ENSMUST00000232395	GGAGGACAGCAGACTGGAAGTGGCCTCTCCTGACTCTCCTACACCACTCTGTGAGGATGCTTCTCCTTCCCCCACGCCAGCTCCT
ERROR_Not on the same transcript	ERROR_Not on the same transcript	ERROR_Not on the same transcript	ENSMUST00000232395	GGAGGACAGCAGACTGGAAGTGGCCTCTCCTGACTCTCCTACACCACTCTGTGAGGATGCTTCTCCTTCCCCCACGCCAGCTCCT
ERROR_Not on the same transcript	ERROR_Not on the same transcript	ERROR_Not on the same transcript	ENSMUST00000232395	GGAGGACAGCAGACTGGAAGTGGCCTCTCCTGACTCTCCTACACCACTCTGTGAGGATGCTTCTCCTTCCCCCACGCCAGCTCCT
-1117	-1082*	-1167*	ENSMUST00000232395	GGAGGACAGCAGACTGGAAGTGGCCTCTCCTGACTCTCCTACACCACTCTGTGAGGATGCTTCTCCTTCCCCCACGCCAGCTCCT
3853*	3923*	3838*	ENSMUST00000186360	TCTCAGACCCAGGCAGAGAGCATGGTCCTGACCCAGCCCCCCCGGGACAGGACTGAGATCACTCTGGAAAGAAGCGGGGTGGGGA
ERROR_Not on the same transcript	ERROR_Not on the same transcript	ERROR_Not on the same transcript	ENSMUST00000232395	TACTCGGTCAAGCCAGTCTCCAAAAAAGCCTTCCAACAGTATTATTGAACACCTGTCAGTGATATTCCCATGTTATACCAGCACT
ERROR_Not on the same transcript	ERROR_Not on the same transcript	ERROR_Not on the same transcript	ENSMUST00000232395	TACTCGGTCAAGCCAGTCTCCAAAAAAGCCTTCCAACAGTATTATTGAACACCTGTCAGTGATATTCCCATGTTATACCAGCACT
ERROR_Not on the same transcript	ERROR_Not on the same transcript	ERROR_Not on the same transcript	ENSMUST00000232395	TACTCGGTCAAGCCAGTCTCCAAAAAAGCCTTCCAACAGTATTATTGAACACCTGTCAGTGATATTCCCATGTTATACCAGCACT
542	1087*	1002*	ENSMUST00000232395	TACTCGGTCAAGCCAGTCTCCAAAAAAGCCTTCCAACAGTATTATTGAACACCTGTCAGTGATATTCCCATGTTATACCAGCACT
ERROR_Not on the same transcript	ERROR_Not on the same transcript	ERROR_Not on the same transcript	ENSMUST00000232395	TACTCGGTCAAGCCAGTCTCCAAAAAAGCCTTCCAACAGTATTATTGAACACCTGTCAGTGATATTCCCATGTTATACCAGCACT
ERROR_Not on the same transcript	ERROR_Not on the same transcript	ERROR_Not on the same transcript	ENSMUST00000232395	TACTCGGTCAAGCCAGTCTCCAAAAAAGCCTTCCAACAGTATTATTGAACACCTGTCAGTGATATTCCCATGTTATACCAGCACT
ERROR_Not on the same transcript	ERROR_Not on the same transcript	ERROR_Not on the same transcript	ENSMUST00000232395	TACTCGGTCAAGCCAGTCTCCAAAAAAGCCTTCCAACAGTATTATTGAACACCTGTCAGTGATATTCCCATGTTATACCAGCACT
542	1087*	1002*	ENSMUST00000232395	TACTCGGTCAAGCCAGTCTCCAAAAAAGCCTTCCAACAGTATTATTGAACACCTGTCAGTGATATTCCCATGTTATACCAGCACT
ERROR_Not on the same transcript	ERROR_Not on the same transcript	ERROR_Not on the same transcript	ENSMUST00000232395	TACTCGGTCAAGCCAGTCTCCAAAAAAGCCTTCCAACAGTATTATTGAACACCTGTCAGTGATATTCCCATGTTATACCAGCACT
ERROR_Not on the same transcript	ERROR_Not on the same transcript	ERROR_Not on the same transcript	ENSMUST00000232395	TACTCGGTCAAGCCAGTCTCCAAAAAAGCCTTCCAACAGTATTATTGAACACCTGTCAGTGATATTCCCATGTTATACCAGCACT
ERROR_Not on the same transcript	ERROR_Not on the same transcript	ERROR_Not on the same transcript	ENSMUST00000232395	TACTCGGTCAAGCCAGTCTCCAAAAAAGCCTTCCAACAGTATTATTGAACACCTGTCAGTGATATTCCCATGTTATACCAGCACT
542	1087*	1002*	ENSMUST00000232395	TACTCGGTCAAGCCAGTCTCCAAAAAAGCCTTCCAACAGTATTATTGAACACCTGTCAGTGATATTCCCATGTTATACCAGCACT
1001	4771*	4684*	ENSMUST00000200466	AGCAAATTAAGGAAAGAGTCCTTACTCTGTTTCCTGCGTTCATAGCGGTCTGTTTGTGCTTTGTCTAACAGTGAACACTGGTACTTG
1001	4771*	4684*	ENSMUST00000200466	AGCAAATTAAGGAAAGAGTCCTTACTCTGTTTCCTGCGTTCATAGCGGTCTGTTTGTGCTTTGTCTAACAGTGAACACTGGTACTTG
672	3734*	3647*	ENSMUST00000107976	ACCTGAAGCCCCCAGGATAGGTGGGACAGAGAAGCTCAGTTCTGGGACGGTGGCATCCTCTCTCTCTCTCTCTCTTTCCTTTCTTTT
-926*	-845*	-932*	ENSMUST00000105991	AACAATCTGGCTTCCAGCTCTTTCTATGGCAACAACTCTCTGAGCAGTAACTCCCAGAGCAGCTCCCTCTTCTCTCAGGGCTCTGCA
35342*	35320*	35232*	ENSMUST00000231569	CAACATACTGGGCTCAATCACACTTGGTCACAGGATTCTGCACATACCTTCCTTTTCAAGGATTTGGCATCACCCAGCGACCAGCGTA
35342*	35320*	35232*	ENSMUST00000231569	CAACATACTGGGCTCAATCACACTTGGTCACAGGATTCTGCACATACCTTCCTTTTCAAGGATTTGGCATCACCCAGCGACCAGCGTA
35342*	35320*	35232*	ENSMUST00000231569	CAACATACTGGGCTCAATCACACTTGGTCACAGGATTCTGCACATACCTTCCTTTTCAAGGATTTGGCATCACCCAGCGACCAGCGTA
-1029	-991*	-1079*	ENSMUST00000231569	CAACATACTGGGCTCAATCACACTTGGTCACAGGATTCTGCACATACCTTCCTTTTCAAGGATTTGGCATCACCCAGCGACCAGCGTA
1579*	1663*	1574*	ENSMUST00000131671	AAAGAGCGCCAAGCTGCTAGACAGGCCTCCAGAAGCACTGCGTATGAAGATTATTATTATCACCCTCCTCCCCGAATGCCACCTCCAAT
ERROR_Not on the same transcript	ERROR_Not on the same transcript	ERROR_Not on the same transcript	ENSMUST00000232395	ACATTTCAAAAACAGGAGAATATTTACGAGTTAAACTACCACTAAATCCAACTGCTAGGGAATTTCAACCAGATGTAAAGTCTGAAGCACTGTCTGAG
ERROR_Not on the same transcript	ERROR_Not on the same transcript	ERROR_Not on the same transcript	ENSMUST00000232395	ACATTTCAAAAACAGGAGAATATTTACGAGTTAAACTACCACTAAATCCAACTGCTAGGGAATTTCAACCAGATGTAAAGTCTGAAGCACTGTCTGAG
ERROR_Not on the same transcript	ERROR_Not on the same transcript	ERROR_Not on the same transcript	ENSMUST00000232395	ACATTTCAAAAACAGGAGAATATTTACGAGTTAAACTACCACTAAATCCAACTGCTAGGGAATTTCAACCAGATGTAAAGTCTGAAGCACTGTCTGAG
-1313	-1265*	-1363*	ENSMUST00000232395	ACATTTCAAAAACAGGAGAATATTTACGAGTTAAACTACCACTAAATCCAACTGCTAGGGAATTTCAACCAGATGTAAAGTCTGAAGCACTGTCTGAG
ERROR_Not on the same transcript	ERROR_Not on the same transcript	ERROR_Not on the same transcript	ENSMUST00000232395	ACATTTCAAAAACAGGAGAATATTTACGAGTTAAACTACCACTAAATCCAACTGCTAGGGAATTTCAACCAGATGTAAAGTCTGAAGCACTGTCTGAG
ERROR_Not on the same transcript	ERROR_Not on the same transcript	ERROR_Not on the same transcript	ENSMUST00000232395	ACATTTCAAAAACAGGAGAATATTTACGAGTTAAACTACCACTAAATCCAACTGCTAGGGAATTTCAACCAGATGTAAAGTCTGAAGCACTGTCTGAG
ERROR_Not on the same transcript	ERROR_Not on the same transcript	ERROR_Not on the same transcript	ENSMUST00000232395	ACATTTCAAAAACAGGAGAATATTTACGAGTTAAACTACCACTAAATCCAACTGCTAGGGAATTTCAACCAGATGTAAAGTCTGAAGCACTGTCTGAG
-1313	-1265*	-1363*	ENSMUST00000232395	ACATTTCAAAAACAGGAGAATATTTACGAGTTAAACTACCACTAAATCCAACTGCTAGGGAATTTCAACCAGATGTAAAGTCTGAAGCACTGTCTGAG
ERROR_Not on the same transcript	ERROR_Not on the same transcript	ERROR_Not on the same transcript	ENSMUST00000232395	ACATTTCAAAAACAGGAGAATATTTACGAGTTAAACTACCACTAAATCCAACTGCTAGGGAATTTCAACCAGATGTAAAGTCTGAAGCACTGTCTGAG
ERROR_Not on the same transcript	ERROR_Not on the same transcript	ERROR_Not on the same transcript	ENSMUST00000232395	ACATTTCAAAAACAGGAGAATATTTACGAGTTAAACTACCACTAAATCCAACTGCTAGGGAATTTCAACCAGATGTAAAGTCTGAAGCACTGTCTGAG
ERROR_Not on the same transcript	ERROR_Not on the same transcript	ERROR_Not on the same transcript	ENSMUST00000232395	ACATTTCAAAAACAGGAGAATATTTACGAGTTAAACTACCACTAAATCCAACTGCTAGGGAATTTCAACCAGATGTAAAGTCTGAAGCACTGTCTGAG
-1313	-1265*	-1363*	ENSMUST00000232395	ACATTTCAAAAACAGGAGAATATTTACGAGTTAAACTACCACTAAATCCAACTGCTAGGGAATTTCAACCAGATGTAAAGTCTGAAGCACTGTCTGAG
3704	4690*	4592*	ENSMUST00000042824	ACCGCGCTGGAGGGATATCAGATTGGACAGGTGGCCTGTGGGCTGAACCACACCTTGGCAGTGTCAGCAGATGGCTCCATGGTGTGGGCCTTTGGAGA
2546*	10169*	10071*	ENSMUST00000171289	TAATTAAAATTACTGTTCTCTGAATGACAGTGTGTAAGGAAATCTTTCAAGAATGCTGTCATTATTCTCTTTGAGCTTTTTGTTGGGATTTGGGGTTTT
2491	46675*	46575*	ENSMUST00000113144	TATTTTTGGATCTTGGTTCTGGGGCACTGGTGAGAACAGCCTTAGATCTGTTGGAGTCAATTGTGAGAAGATGCCGAAGGCTGGAGAAAAAGAAGTTACT
18693*	18778*	18677*	ENSMUST00000190096	TTAAGTGACTACTCATCCTCTGTTCCTTCGACCCCAAGCACCAGCCAGAAAGAGCTTCGGATCGACGTCCCTCCCACTGCCAACACTCCAACGCCTGTCCG
18693*	18778*	18677*	ENSMUST00000190096	TTAAGTGACTACTCATCCTCTGTTCCTTCGACCCCAAGCACCAGCCAGAAAGAGCTTCGGATCGACGTCCCTCCCACTGCCAACACTCCAACGCCTGTCCG
12494*	12575*	12473*	ENSMUST00000113462	AAAGAAAAGGAATATAACTACTACGTGCTCATCCCCTTCCCTCCCGCTGCCCTCGGCGCCGCACTGTCAGCTCTGGGGCTGGCTGTCCTCCGCTCTGCGCCT
12494*	12575*	12473*	ENSMUST00000113462	AAAGAAAAGGAATATAACTACTACGTGCTCATCCCCTTCCCTCCCGCTGCCCTCGGCGCCGCACTGTCAGCTCTGGGGCTGGCTGTCCTCCGCTCTGCGCCT
2083	4197*	4094*	ENSMUST00000100203	GGCGAGCCCAGGCAACTCCTGACCATGTCCTCTTCATGCTGTTAAATGCCAAGGGAACTACTGTGTGCACAGCCAGCTGCCTTCAGCTTCATAAGCGAGCAGA
2083	4197*	4094*	ENSMUST00000100203	GGCGAGCCCAGGCAACTCCTGACCATGTCCTCTTCATGCTGTTAAATGCCAAGGGAACTACTGTGTGCACAGCCAGCTGCCTTCAGCTTCATAAGCGAGCAGA
-2580	-2489*	-2592*	ENSMUST00000182597	TTGAGGCTACCAAAGTTTGCAGAGGAGGAGACTCTTTGTATAGACTCTATAACTCCTTGTGCTGATGGAATTCATTTGTTGGTAGGACTGCGGACATGCTCTG
-4437	-4361*	-4464*	ENSMUST00000182597	TTGAGGCTACCAAAGTTTGCAGAGGAGGAGACTCTTTGTATAGACTCTATAACTCCTTGTGCTGATGGAATTCATTTGTTGGTAGGACTGCGGACATGCTCTG
-4591*	-4619*	-4722*	ENSMUST00000182597	TTGAGGCTACCAAAGTTTGCAGAGGAGGAGACTCTTTGTATAGACTCTATAACTCCTTGTGCTGATGGAATTCATTTGTTGGTAGGACTGCGGACATGCTCTG
6676*	6779*	6674*	ENSMUST00000055758	ATACTGTTACAGGATTCATGAACTTGAGTAATTTTACAGTTTGGAACTCTGATGCTATATATACATGGTATAATGTATTCAGACTTTGATCACTACATATTTAAA
5328*	5421*	5316*	ENSMUST00000055758	ATACTGTTACAGGATTCATGAACTTGAGTAATTTTACAGTTTGGAACTCTGATGCTATATATACATGGTATAATGTATTCAGACTTTGATCACTACATATTTAAA
14820*	14818*	14710*	ENSMUST00000117648	TTTGAAAAAGAACAGATTTCTCGAAGCTCTTAATCACTTTGAAAAGGCAAAGACTTTAATTAGTCGTCTCCCTGGAATTCTAACTTGGCCCACAAGTAATGTGATTAT
14820*	14818*	14710*	ENSMUST00000117648	TTTGAAAAAGAACAGATTTCTCGAAGCTCTTAATCACTTTGAAAAGGCAAAGACTTTAATTAGTCGTCTCCCTGGAATTCTAACTTGGCCCACAAGTAATGTGATTAT
14820*	14818*	14710*	ENSMUST00000117648	TTTGAAAAAGAACAGATTTCTCGAAGCTCTTAATCACTTTGAAAAGGCAAAGACTTTAATTAGTCGTCTCCCTGGAATTCTAACTTGGCCCACAAGTAATGTGATTAT
-3130	-3072*	-3180*	ENSMUST00000117648	TTTGAAAAAGAACAGATTTCTCGAAGCTCTTAATCACTTTGAAAAGGCAAAGACTTTAATTAGTCGTCTCCCTGGAATTCTAACTTGGCCCACAAGTAATGTGATTAT
ERROR_Not on the same transcript	ERROR_Not on the same transcript	ERROR_Not on the same transcript	ENSMUST00000232395	AACTGTTGCACCATCGTCACAGACCCAGCCCAGGAGAAGATGGGAACCTCCTTCCTGTTGCTGTAGGTAGTCACTCCTCACTAATGCACCATGCACTTCATGAGTTAAA
ERROR_Not on the same transcript	ERROR_Not on the same transcript	ERROR_Not on the same transcript	ENSMUST00000232395	AACTGTTGCACCATCGTCACAGACCCAGCCCAGGAGAAGATGGGAACCTCCTTCCTGTTGCTGTAGGTAGTCACTCCTCACTAATGCACCATGCACTTCATGAGTTAAA
ERROR_Not on the same transcript	ERROR_Not on the same transcript	ERROR_Not on the same transcript	ENSMUST00000232395	AACTGTTGCACCATCGTCACAGACCCAGCCCAGGAGAAGATGGGAACCTCCTTCCTGTTGCTGTAGGTAGTCACTCCTCACTAATGCACCATGCACTTCATGAGTTAAA
1051	1620*	1511*	ENSMUST00000232395	AACTGTTGCACCATCGTCACAGACCCAGCCCAGGAGAAGATGGGAACCTCCTTCCTGTTGCTGTAGGTAGTCACTCCTCACTAATGCACCATGCACTTCATGAGTTAAA
ERROR_Not on the same transcript	ERROR_Not on the same transcript	ERROR_Not on the same transcript	ENSMUST00000232395	AACTGTTGCACCATCGTCACAGACCCAGCCCAGGAGAAGATGGGAACCTCCTTCCTGTTGCTGTAGGTAGTCACTCCTCACTAATGCACCATGCACTTCATGAGTTAAA
ERROR_Not on the same transcript	ERROR_Not on the same transcript	ERROR_Not on the same transcript	ENSMUST00000232395	AACTGTTGCACCATCGTCACAGACCCAGCCCAGGAGAAGATGGGAACCTCCTTCCTGTTGCTGTAGGTAGTCACTCCTCACTAATGCACCATGCACTTCATGAGTTAAA
ERROR_Not on the same transcript	ERROR_Not on the same transcript	ERROR_Not on the same transcript	ENSMUST00000232395	AACTGTTGCACCATCGTCACAGACCCAGCCCAGGAGAAGATGGGAACCTCCTTCCTGTTGCTGTAGGTAGTCACTCCTCACTAATGCACCATGCACTTCATGAGTTAAA
1051	1620*	1511*	ENSMUST00000232395	AACTGTTGCACCATCGTCACAGACCCAGCCCAGGAGAAGATGGGAACCTCCTTCCTGTTGCTGTAGGTAGTCACTCCTCACTAATGCACCATGCACTTCATGAGTTAAA
ERROR_Not on the same transcript	ERROR_Not on the same transcript	ERROR_Not on the same transcript	ENSMUST00000232395	AACTGTTGCACCATCGTCACAGACCCAGCCCAGGAGAAGATGGGAACCTCCTTCCTGTTGCTGTAGGTAGTCACTCCTCACTAATGCACCATGCACTTCATGAGTTAAA
ERROR_Not on the same transcript	ERROR_Not on the same transcript	ERROR_Not on the same transcript	ENSMUST00000232395	AACTGTTGCACCATCGTCACAGACCCAGCCCAGGAGAAGATGGGAACCTCCTTCCTGTTGCTGTAGGTAGTCACTCCTCACTAATGCACCATGCACTTCATGAGTTAAA
ERROR_Not on the same transcript	ERROR_Not on the same transcript	ERROR_Not on the same transcript	ENSMUST00000232395	AACTGTTGCACCATCGTCACAGACCCAGCCCAGGAGAAGATGGGAACCTCCTTCCTGTTGCTGTAGGTAGTCACTCCTCACTAATGCACCATGCACTTCATGAGTTAAA
1051	1620*	1511*	ENSMUST00000232395	AACTGTTGCACCATCGTCACAGACCCAGCCCAGGAGAAGATGGGAACCTCCTTCCTGTTGCTGTAGGTAGTCACTCCTCACTAATGCACCATGCACTTCATGAGTTAAA
2678	5764*	5653*	ENSMUST00000107976	ATTAAAGCATGCTAAATTCAGGGGCTCTTGCTCGCTCTCCCGATGAGTCATCTTTCTCTCTCTCTGTGGCTGTGGGCTGCTGAACCGCACAGAGATAATTCATCTCTGGGC
6365*	6476*	6363*	ENSMUST00000101018	CTTAGTTCCTCTGTCACTTTAGCCTTCAACCCGGCATTGGTACTGTACATGCCTGGCTTCTGAAGGTATCTCTGTACATTGTTCTCAGGCGGTCTTGTGGATGTCTTTCAGGA
4478	48676*	48562*	ENSMUST00000113144	TATCCAGACCTGAACATGATTGAGACATACGTGTGTCAGATTTGCGAGGACACCTTTGACTATGACTTGGATTCCCCTGATCAGTTGTCCGGATTGACAATGATTACACACCTC
4753*	32533*	32409*	ENSMUST00000030691	AAAATAACCAGAGACTCTAAGGATCACACAGTTTCAGGTAATGGGCTAGGAATTAGAATTGTTGGTGGTAAAGAAATTCCTGGACATAGTGGAGAAATTGGAGCCTATATTGCTAAGATTCTTC
4073	7173*	7048*	ENSMUST00000107976	CTGGCAGCAGGCTCTGGTAGTCCACGTCTCCTTCCAACCAGCAGAGTAAAGGCACAGACACAGTTGTGCACCGCATATGTATTCAGAGAGACACAAGTATGTAGAGTCATTCATGGCCCAGAGCG
4257*	4380*	4255*	ENSMUST00000101018	ATACCAGAGGCCAGCCTGAACTTCCAGAAAGTGCCGCCTGGCTCTATGAACTCTCACAACTTGGACCAGAACATGAATGACAGCCGAGACGATGCTCTGACCAACAAGACGAGGCCTCGGAACCG
4732	6807*	6682*	ENSMUST00000182597	CAAATAAAGCTGTTGACAGCACTTTGAAAACAAGGATCCTGGCCTCTGAGCCTGACAATGCAGAAGGAATCCATAACTTTGCACCACTTGGTACCATCACTTCTAGTAGTCCTACTGCCCAGCCA
2875	6052*	5927*	ENSMUST00000182597	CAAATAAAGCTGTTGACAGCACTTTGAAAACAAGGATCCTGGCCTCTGAGCCTGACAATGCAGAAGGAATCCATAACTTTGCACCACTTGGTACCATCACTTCTAGTAGTCCTACTGCCCAGCCA
3865*	4913*	4788*	ENSMUST00000182597	CAAATAAAGCTGTTGACAGCACTTTGAAAACAAGGATCCTGGCCTCTGAGCCTGACAATGCAGAAGGAATCCATAACTTTGCACCACTTGGTACCATCACTTCTAGTAGTCCTACTGCCCAGCCA
-2603*	-4475*	-4620*	ENSMUST00000182407	GCCCATGAATCTCTGATATTGACCTACTCTGAGCCTTCAGAGAGTGCTACGTCTGTCCCACCTTCTGACACACCTTCTCTCACATCATCTATTTCTTCAGTTTGTACCACAGATAGCTCCTCACCTGTCACTACCCTCGATAGCC
2366	13382*	13232*	ENSMUST00000238468	CAGTTGCAATTTTTTGCAAGGTTTTTCGACTCATAGTTCTTTGTCTGGGTACTTTTTCACCCTACAGAGAATTTCTGTATATATTATCGTTTCTGATTCTAGTGTTTTGAATTTTCGCTGGGTCTAAATATCTCTGTCTCAGTGTCAGTA
518	1872*	1722*	ENSMUST00000238468	CAGTTGCAATTTTTTGCAAGGTTTTTCGACTCATAGTTCTTTGTCTGGGTACTTTTTCACCCTACAGAGAATTTCTGTATATATTATCGTTTCTGATTCTAGTGTTTTGAATTTTCGCTGGGTCTAAATATCTCTGTCTCAGTGTCAGTA
518	1872*	1722*	ENSMUST00000238468	CAGTTGCAATTTTTTGCAAGGTTTTTCGACTCATAGTTCTTTGTCTGGGTACTTTTTCACCCTACAGAGAATTTCTGTATATATTATCGTTTCTGATTCTAGTGTTTTGAATTTTCGCTGGGTCTAAATATCTCTGTCTCAGTGTCAGTA
352	6184*	6030*	ENSMUST00000035058	GATCTCATGGCATGCTCTGATGTGTTTTGTAGGAGGGGAAACACTTAAAATAAGCAAAGAAACCGAGCAGGATTGCATATATCGGATGGTTCTTGTCTGTGCTCTCTGTACGTTGCTTCTGCAGCTGTGATTTCTAAACCTCTGCTGGCACTCA
1273	2559*	2405*	ENSMUST00000007130	TAGTGTTATGTTCTAGTGAACCTGCTACAGCAATTTCTGATTTCTAAGAACCGAGTAATGGTGTAGAACACTAATTCATAATCACGCTAATTGTAATCTGGAGACGTGTAACATTGTGTAGCCTTTTGTATAAATAGACAGATAGAAATGGTCC
-629*	-489*	-644*	ENSMUST00000042035	CTTGCACTTCTTCTTCCTGTCCTCATTTTGCTGGGTGCTCACCGAGGCCTGGCAATCCTACATGGCCGTCACCGGCCGCCTCCGGAGCCGGCTCGTCCGCAAACGCTTTCTCTGCCTGGGCTGGGGGCTCCCTGCACTGGTGGTGGCCATTTCTG
-542	-389*	-545*	ENSMUST00000007130	CTTGTTCAAAACTGTCTTTGGACTCTCAGAAACCTTTCAGATGCAGCGACTAAGCAGGAAGGGATGGAAGGCCTCCTTGGGACTCTAGTGCAGCTTCTGGGTTCCGATGATATAAATGTGGTCACCTGTGCAGCTGGAATTCTCTCTAACCTCACT
2864	20953*	20793*	ENSMUST00000108909	GAAGTACTTCGTCTCCCCGACCCTATTCCGCGTCATCCGATTGGCCCGCATCGGGCGCATCTTGCGTCTGATCAAGGGCGCCAAAGGGATCCGCACCCTGCTCTTTGCCTTAATGATGTCGCTGCCCGCCCTGTTCAACATCGGCCTCCTGCTCTTCCTG
377	1337*	1177*	ENSMUST00000046257	CCAGGCCTGGACCAGCCTAGGGAAGCGTGCAGACCAGCGCAAGGCCAAATTGGGTGACTCCCATGATCTGCAGCGCTTCCTTAGCGATTTCCGGGACCTCATGTCTTGGATCAATGGAATACGAGGGTTGGTATCTTCAGATGAACTAGCCAAGGACGTC
ERROR_Not on the same transcript	ERROR_Not on the same transcript	ERROR_Not on the same transcript	ENSMUST00000232395	CATACCTTCCTTTTCAAGGATTTGGCATCACCCAGCGACCAGCGTACATTAACATGGTACCTAGCCTGTCGCAGTTCACTAGCATTTACACACCTTTGGCCAACATTTCTTCTGAGTATCCAATGCAAAGATCCATGCCAGTGGTGCCATCTTTTGTAGCCAGCAACAGA
ERROR_Not on the same transcript	ERROR_Not on the same transcript	ERROR_Not on the same transcript	ENSMUST00000232395	CATACCTTCCTTTTCAAGGATTTGGCATCACCCAGCGACCAGCGTACATTAACATGGTACCTAGCCTGTCGCAGTTCACTAGCATTTACACACCTTTGGCCAACATTTCTTCTGAGTATCCAATGCAAAGATCCATGCCAGTGGTGCCATCTTTTGTAGCCAGCAACAGA
ERROR_Not on the same transcript	ERROR_Not on the same transcript	ERROR_Not on the same transcript	ENSMUST00000232395	CATACCTTCCTTTTCAAGGATTTGGCATCACCCAGCGACCAGCGTACATTAACATGGTACCTAGCCTGTCGCAGTTCACTAGCATTTACACACCTTTGGCCAACATTTCTTCTGAGTATCCAATGCAAAGATCCATGCCAGTGGTGCCATCTTTTGTAGCCAGCAACAGA
-977	-857*	-1027*	ENSMUST00000232395	CATACCTTCCTTTTCAAGGATTTGGCATCACCCAGCGACCAGCGTACATTAACATGGTACCTAGCCTGTCGCAGTTCACTAGCATTTACACACCTTTGGCCAACATTTCTTCTGAGTATCCAATGCAAAGATCCATGCCAGTGGTGCCATCTTTTGTAGCCAGCAACAGA
ERROR_Not on the same transcript	ERROR_Not on the same transcript	ERROR_Not on the same transcript	ENSMUST00000232395	CATACCTTCCTTTTCAAGGATTTGGCATCACCCAGCGACCAGCGTACATTAACATGGTACCTAGCCTGTCGCAGTTCACTAGCATTTACACACCTTTGGCCAACATTTCTTCTGAGTATCCAATGCAAAGATCCATGCCAGTGGTGCCATCTTTTGTAGCCAGCAACAGA
ERROR_Not on the same transcript	ERROR_Not on the same transcript	ERROR_Not on the same transcript	ENSMUST00000232395	CATACCTTCCTTTTCAAGGATTTGGCATCACCCAGCGACCAGCGTACATTAACATGGTACCTAGCCTGTCGCAGTTCACTAGCATTTACACACCTTTGGCCAACATTTCTTCTGAGTATCCAATGCAAAGATCCATGCCAGTGGTGCCATCTTTTGTAGCCAGCAACAGA
ERROR_Not on the same transcript	ERROR_Not on the same transcript	ERROR_Not on the same transcript	ENSMUST00000232395	CATACCTTCCTTTTCAAGGATTTGGCATCACCCAGCGACCAGCGTACATTAACATGGTACCTAGCCTGTCGCAGTTCACTAGCATTTACACACCTTTGGCCAACATTTCTTCTGAGTATCCAATGCAAAGATCCATGCCAGTGGTGCCATCTTTTGTAGCCAGCAACAGA
-977	-857*	-1027*	ENSMUST00000232395	CATACCTTCCTTTTCAAGGATTTGGCATCACCCAGCGACCAGCGTACATTAACATGGTACCTAGCCTGTCGCAGTTCACTAGCATTTACACACCTTTGGCCAACATTTCTTCTGAGTATCCAATGCAAAGATCCATGCCAGTGGTGCCATCTTTTGTAGCCAGCAACAGA
ERROR_Not on the same transcript	ERROR_Not on the same transcript	ERROR_Not on the same transcript	ENSMUST00000232395	CATACCTTCCTTTTCAAGGATTTGGCATCACCCAGCGACCAGCGTACATTAACATGGTACCTAGCCTGTCGCAGTTCACTAGCATTTACACACCTTTGGCCAACATTTCTTCTGAGTATCCAATGCAAAGATCCATGCCAGTGGTGCCATCTTTTGTAGCCAGCAACAGA
ERROR_Not on the same transcript	ERROR_Not on the same transcript	ERROR_Not on the same transcript	ENSMUST00000232395	CATACCTTCCTTTTCAAGGATTTGGCATCACCCAGCGACCAGCGTACATTAACATGGTACCTAGCCTGTCGCAGTTCACTAGCATTTACACACCTTTGGCCAACATTTCTTCTGAGTATCCAATGCAAAGATCCATGCCAGTGGTGCCATCTTTTGTAGCCAGCAACAGA
ERROR_Not on the same transcript	ERROR_Not on the same transcript	ERROR_Not on the same transcript	ENSMUST00000232395	CATACCTTCCTTTTCAAGGATTTGGCATCACCCAGCGACCAGCGTACATTAACATGGTACCTAGCCTGTCGCAGTTCACTAGCATTTACACACCTTTGGCCAACATTTCTTCTGAGTATCCAATGCAAAGATCCATGCCAGTGGTGCCATCTTTTGTAGCCAGCAACAGA
-977	-857*	-1027*	ENSMUST00000232395	CATACCTTCCTTTTCAAGGATTTGGCATCACCCAGCGACCAGCGTACATTAACATGGTACCTAGCCTGTCGCAGTTCACTAGCATTTACACACCTTTGGCCAACATTTCTTCTGAGTATCCAATGCAAAGATCCATGCCAGTGGTGCCATCTTTTGTAGCCAGCAACAGA
1329	1523*	1352*	ENSMUST00000102919	CAGCGGGTGCAACCCTGTCATCTACTGGCTGGCCAACTACGTGTGGGACATGCTCAATTACCTGGTCCCAGCCACCTGCTGCGTGATCATCCTCTTTGTCTTTGACTTACCTGCCTACACATCACCCACCAACTTCCCCGCGGTGCTCTCCTTGTTCCTGCTCTATGGGTG
3717	4708*	4517*	ENSMUST00000129241	AGTGAAGAGATCGAGAGTGCTTTCCGGGCCCTCAGCTCTGAGGGCAAGCCTTATGTGACCAAGGAGGAGCTCTACCAGAACCTGACCCGGGAACAAGCTGACTATTGTGTCTCCCACATGAAGCCCTATGTGGATGGCAAGGGCCGAGAACTTCCAACTGCCTTCGACTACGTCGAGTTCACCCGCTCACT
2457	4126*	3932*	ENSMUST00000087871	AACCTGAAGGAGGCCATTGAAACCATTGTGGCCGCCATGAGCAACCTGGTGCCCCCTGTGGAGCTGGCCAACCCTGAGAACCAGTTCAGAGTGGACTACATTCTGAGCGTGATGAACGTGCCGAACTTTGACTTCCCACCTGAATTCTATGAGCATGCCAAGGCTCTGTGGGAGGATGAGGGAGTGCGTGCCTG
2286	13357*	13152*	ENSMUST00000238468	CTACCATGGAGTGACACTGGATATAGAAACTACCGTTAACAGCAGACTCCATGGCTCAGACTTCCAATACAATATGAACTCAGTTGCAATTTTTTGCAAGGTTTTTCGACTCATAGTTCTTTGTCTGGGTACTTTTTCACCCTACAGAGAATTTCTGTATATATTATCGTTTCTGATTCTAGTGTTTTGAATTTTCGCTGGGTCT
438	1847*	1642*	ENSMUST00000238468	CTACCATGGAGTGACACTGGATATAGAAACTACCGTTAACAGCAGACTCCATGGCTCAGACTTCCAATACAATATGAACTCAGTTGCAATTTTTTGCAAGGTTTTTCGACTCATAGTTCTTTGTCTGGGTACTTTTTCACCCTACAGAGAATTTCTGTATATATTATCGTTTCTGATTCTAGTGTTTTGAATTTTCGCTGGGTCT
438	1847*	1642*	ENSMUST00000238468	CTACCATGGAGTGACACTGGATATAGAAACTACCGTTAACAGCAGACTCCATGGCTCAGACTTCCAATACAATATGAACTCAGTTGCAATTTTTTGCAAGGTTTTTCGACTCATAGTTCTTTGTCTGGGTACTTTTTCACCCTACAGAGAATTTCTGTATATATTATCGTTTCTGATTCTAGTGTTTTGAATTTTCGCTGGGTCT
11146*	11374*	11125*	ENSMUST00000113462	AGGTGTCCGGCCTCTACTACAATGGGCTCAAGGTACTGGCGCTGGCCGCCGAGAGCGACCCCAATGTGCGGACCGAAGGCCACCTACGGCTAGTAGGGGAGGGGCCGTCCGTGCTGCTCAGTGCTGAGACCACTGCCACCACTCTGCTGGCCGACATGGCCACCACCATCATGGAGACCACCACCACCATGGCCACCACCACTACTCGCCGGGGCCGTTCCCCCACAATGAGGGACAGCACCACCCAGA
11146*	11374*	11125*	ENSMUST00000113462	AGGTGTCCGGCCTCTACTACAATGGGCTCAAGGTACTGGCGCTGGCCGCCGAGAGCGACCCCAATGTGCGGACCGAAGGCCACCTACGGCTAGTAGGGGAGGGGCCGTCCGTGCTGCTCAGTGCTGAGACCACTGCCACCACTCTGCTGGCCGACATGGCCACCACCATCATGGAGACCACCACCACCATGGCCACCACCACTACTCGCCGGGGCCGTTCCCCCACAATGAGGGACAGCACCACCCAGA
