prot_start_short_splice_start	prot_start_upstream_end	prot_end_short_splice_start	prot_end_upstream_end	prot_start_long_splice_start	prot_end_long_splice_start	transcript_ID	prot_seq
19927	24317	19946	24336	19936	19955	ENSMUST00000047714	CATGCTTCATGTCTGCCAT
74277	91491	74296	91510	74416	74435	ENSMUST00000066055	TCTGAGAACATGCAGTATC
11258	15768	11277	15787	11284	11303	ENSMUST00000037763	CACCTATTATATGTAAATG
-3309	-42	-3290	-23	-3306	-3287	ENSMUST00000125633	GCTGCCTTGATCCTCTGCC
1532	5461	1551	5480	1535	1554	ENSMUST00000029912	AATTCCCCAGCCTCCTTGG
4025	7878	4044	7897	4043	4062	ENSMUST00000168532	GACTATCAGGCAGCCTGTG
535	715	554	734	538	557	ENSMUST00000168532	GACTATCAGGCAGCCTGTG
-1006	-899	-987	-880	-1000	-981	ENSMUST00000168532	GACTATCAGGCAGCCTGTG
18728	19437	18747	19456	18790	18809	ENSMUST00000026975	AGCCTCGCATGGCGAGTGG
-127164	-119641	-127145	-119622	-127056	-127037	ENSMUST00000043735	CGCCTGTCTGAGGCAGCCT
5950	6348	5969	6367	5989	6008	ENSMUST00000103239	AGCCTTGCCAGCTTAAGAA
111346	182168	111365	182187	111349	111368	ENSMUST00000081028	CGGCACTCGCACTCGGTGG
-12299	-11869	-12280	-11850	-12173	-12154	ENSMUST00000147250	CTTACCTGGTCCCGATGCA
13224	13919	13243	13938	13227	13246	ENSMUST00000170054	ACGTCATGCGACGCTTCTT
5843	5991	5862	6010	5864	5883	ENSMUST00000121111	CAGGGGGCAGCGCTGCGCC
-10644	-9986	-10625	-9967	-10560	-10541	ENSMUST00000093033	CTGTGGACCTGGAGGAGCA
5381	7351	5401	7371	6889	6909	ENSMUST00000179769	GTCCAAGCCTAGGTCCTCAG
2933	4830	2953	4850	2951	2971	ENSMUST00000179769	GTCCAAGCCTAGGTCCTCAG
-48	5376	-28	5396	10	30	ENSMUST00000121416	CCTTTGGGCTCTGAGTCACT
48681	49969	48701	49989	48684	48704	ENSMUST00000065111	TGGCTTGAGTCTTCGTAAAG
48681	49969	48701	49989	48684	48704	ENSMUST00000065111	TGGCTTGAGTCTTCGTAAAG
149	3166	1012	4029	153	1016	ENSMUST00000167778	GCAGCGACGAGAATCAGCCA
-8145	-3928	-7282	-3065	-8103	-7240	ENSMUST00000167778	GCAGCGACGAGAATCAGCCA
3751	5520	4587	6356	3753	4589	ENSMUST00000148201	AAAAGGAGCGGCCAGTCGAG
-2449	-1336	-2429	-1316	-2433	-2413	ENSMUST00000080283	CCACCGCCAACTCCTGCTTG
839	2808	859	2828	842	862	ENSMUST00000077609	GGCAGGGGCGGTGGAGGTGG
-43013	-41188	-42993	-41168	-42968	-42948	ENSMUST00000102560	ACGCCGCCACTCCCTGGAGA
-67103	-56792	-67083	-56772	-67100	-67080	ENSMUST00000102560	ACGCCGCCACTCCCTGGAGA
-67103	-59172	-67083	-59152	-67100	-67080	ENSMUST00000102560	ACGCCGCCACTCCCTGGAGA
14228	17165	14248	17185	14246	14266	ENSMUST00000098614	TTAGCACTTTGGAAAGAGTC
4982	6782	5002	6802	4987	5007	ENSMUST00000098614	TTAGCACTTTGGAAAGAGTC
4982	6777	5002	6797	4987	5007	ENSMUST00000098614	TTAGCACTTTGGAAAGAGTC
6113	7167	6133	7187	6140	6160	ENSMUST00000100167	GTCAGTGTCATCCGTGCTTT
2761	11770	2781	11790	2765	2785	ENSMUST00000034313	TATGTTTGGGGCTGAGGAAA
2761	10581	2781	10601	2765	2785	ENSMUST00000034313	TATGTTTGGGGCTGAGGAAA
3732	6375	3752	6395	3741	3761	ENSMUST00000113778	TTGGAGGCCTTGAACAATCA
12052	15204	12072	15224	12055	12075	ENSMUST00000114127	TATTTCACATGTATGCTTTC
13831	14519	14097	14785	13853	14119	ENSMUST00000182061	TCTCGGCAGAGTCATTCCCG
123	976	389	1242	135	401	ENSMUST00000182061	TCTCGGCAGAGTCATTCCCG
123	618	389	884	135	401	ENSMUST00000182061	TCTCGGCAGAGTCATTCCCG
-254	-8	12	258	-144	122	ENSMUST00000182061	TCTCGGCAGAGTCATTCCCG
-606	-301	-340	-35	-424	-158	ENSMUST00000182061	TCTCGGCAGAGTCATTCCCG
-28467	-26872	-28447	-26852	-28445	-28425	ENSMUST00000024627	GTGCTACTACAACCATTTAT
-28467	-26872	-28447	-26852	-28445	-28425	ENSMUST00000024627	GTGCTACTACAACCATTTAT
149	6729	169	6749	155	175	ENSMUST00000195860	CTGACTCTAAGTCGGAGGTG
3288	3937	3308	3957	3381	3401	ENSMUST00000195860	CTGACTCTAAGTCGGAGGTG
149	3162	169	3182	155	175	ENSMUST00000195860	CTGACTCTAAGTCGGAGGTG
149	2320	169	2340	155	175	ENSMUST00000195860	CTGACTCTAAGTCGGAGGTG
-2762	-1002	-2742	-982	-2759	-2739	ENSMUST00000195860	CTGACTCTAAGTCGGAGGTG
5083	10877	5104	10898	5087	5108	ENSMUST00000150602	TGCCAACCTCATGCACAACTT
5083	10877	5104	10898	5087	5108	ENSMUST00000150602	TGCCAACCTCATGCACAACTT
-19067	-14688	-19046	-14667	-19064	-19043	ENSMUST00000029180	CCCGTCTCATCGGGCGGCCCG
18173	27437	18194	27458	18185	18206	ENSMUST00000044234	CTGTATCATTTTCATTCAAAA
95056	98759	95077	98780	95059	95080	ENSMUST00000183659	CCACTCAGCTGGGGGCCTGCA
942	1042	963	1063	945	966	ENSMUST00000166411	ATCTCTCAGGCTGACTTTATA
14186	14810	14207	14831	14190	14211	ENSMUST00000113753	TTTCCCCCTCACTTTATCTTG
2080	4816	2101	4837	2098	2119	ENSMUST00000113753	TTTCCCCCTCACTTTATCTTG
1976	2273	1997	2294	2031	2052	ENSMUST00000035216	AGTTAGGGCGAATGGAGGTGT
-2832	-2611	-2811	-2590	-2704	-2683	ENSMUST00000035216	AGTTAGGGCGAATGGAGGTGT
13172	13840	13193	13861	13175	13196	ENSMUST00000021784	AGTCCAGAGTATATTGAAGTA
2149	2255	2170	2276	2167	2188	ENSMUST00000030547	CAGCCTGCCAGCCCGGCATCA
8838	242614	8860	242636	8841	8863	ENSMUST00000183156	TTTAGGTTCTATGCTGATAAAA
26185	28327	26207	28349	26287	26309	ENSMUST00000183156	TTTAGGTTCTATGCTGATAAAA
8838	28327	8860	28349	8841	8863	ENSMUST00000183156	TTTAGGTTCTATGCTGATAAAA
8838	26107	8860	26129	8841	8863	ENSMUST00000183156	TTTAGGTTCTATGCTGATAAAA
-46273	-42859	-46251	-42837	-46270	-46248	ENSMUST00000183156	TTTAGGTTCTATGCTGATAAAA
1222	1348	1244	1370	1237	1259	ENSMUST00000108076	GGGGTGGAGGGAGGGTGACAGG
66175	66653	66197	66675	66194	66216	ENSMUST00000045706	AGTGCAGCCCAGTGCCAGGTCC
-213	621	-191	643	124	146	ENSMUST00000022458	CCTTTCAGTTCCTCTGTCCATC
-213	621	-191	643	124	146	ENSMUST00000022458	CCTTTCAGTTCCTCTGTCCATC
13022	13315	13044	13337	13080	13102	ENSMUST00000171265	AAGTTTTGAACTGAAATTTGTA
4695	5657	4717	5679	4739	4761	ENSMUST00000041913	TGGCTTTTCAGCTTTGCCACCT
4695	4943	4717	4965	4739	4761	ENSMUST00000041913	TGGCTTTTCAGCTTTGCCACCT
3715	4155	3737	4177	3718	3740	ENSMUST00000041913	TGGCTTTTCAGCTTTGCCACCT
3696	4155	3718	4177	3718	3740	ENSMUST00000041913	TGGCTTTTCAGCTTTGCCACCT
3696	4155	3718	4177	3715	3737	ENSMUST00000041913	TGGCTTTTCAGCTTTGCCACCT
36820	38764	36842	38786	36823	36845	ENSMUST00000114015	TGAAAATTGAGAGTGTAAAACT
18129	36745	18151	36767	18132	18154	ENSMUST00000114015	TGAAAATTGAGAGTGTAAAACT
36820	38764	36842	38786	36823	36845	ENSMUST00000114015	TGAAAATTGAGAGTGTAAAACT
18129	36745	18151	36767	18132	18154	ENSMUST00000114015	TGAAAATTGAGAGTGTAAAACT
6996	7536	7018	7558	7050	7072	ENSMUST00000120580	TCATGCCTTTCTGCGTTTTGTA
-1575	-1262	-1553	-1240	-1512	-1490	ENSMUST00000007245	CCTGAGCTTTGTCCTGGACACC
2390	4320	2412	4342	2421	2443	ENSMUST00000020528	AAGACACATCCTGGGGGCTGGA
-7633	-1959	-7611	-1937	-7366	-7344	ENSMUST00000112844	TAAGACGAGCAGCTAAGAAATT
3422	4372	3444	4394	3426	3448	ENSMUST00000020756	ATATCCCTTGGAATGGACCTGT
-16866	-11054	-16844	-11032	-15954	-15932	ENSMUST00000020756	ATATCCCTTGGAATGGACCTGT
3422	4372	3444	4394	3426	3448	ENSMUST00000020756	ATATCCCTTGGAATGGACCTGT
-16866	-11054	-16844	-11032	-15954	-15932	ENSMUST00000020756	ATATCCCTTGGAATGGACCTGT
3420	4370	3442	4392	3424	3446	ENSMUST00000020756	AGATATCCCTTGGAATGGACCT
-16868	-11056	-16846	-11034	-15956	-15934	ENSMUST00000020756	AGATATCCCTTGGAATGGACCT
56619	56882	56641	56904	56628	56650	ENSMUST00000064595	GCAAACTGAGAAGAGAAAGCAA
25976	35277	25998	35299	25985	26007	ENSMUST00000098519	CTGACTGGGACTGGAGACACGG
11859	14031	11881	14053	11862	11884	ENSMUST00000080461	CTACTGGAGGCAGCAGTGGCGA
8710	10174	8732	10196	9594	9616	ENSMUST00000076467	CTTCCAGGAGTCAGGATGGACT
4879	7482	4901	7504	4900	4922	ENSMUST00000076467	CTTCCAGGAGTCAGGATGGACT
-12396	-12288	-12374	-12266	-12374	-12352	ENSMUST00000159975	TCATCAGGAATGCTCTGGGAAG
7728	9128	7750	9150	7776	7798	ENSMUST00000106203	CCGCAGCTGCTCGAGCTGCTCA
166	501	188	523	169	191	ENSMUST00000106203	CCGCAGCTGCTCGAGCTGCTCA
19	501	41	523	169	191	ENSMUST00000106203	CCGCAGCTGCTCGAGCTGCTCA
19	501	41	523	166	188	ENSMUST00000106203	CCGCAGCTGCTCGAGCTGCTCA
23059	31467	23081	31489	23135	23157	ENSMUST00000112140	ATCACTGGAATCCACTGTCACG
-11765	-10062	-11743	-10040	-11762	-11740	ENSMUST00000112140	ATCACTGGAATCCACTGTCACG
-3285	-1731	-3263	-1709	-3252	-3230	ENSMUST00000162057	AGGCGCGGGGAGAGTAGGGTGC
-5831	-3153	-4634	-1956	-5286	-4089	ENSMUST00000020365	GGGTGACAAACCAGAGGAAGAT
-12022	-9224	-12000	-9202	-12019	-11997	ENSMUST00000114399	GAGAACCAAGAAGGTGATCCTG
-27348	-27129	-27326	-27107	-27244	-27222	ENSMUST00000114399	GAGAACCAAGAAGGTGATCCTG
29437	37307	29460	37330	29548	29571	ENSMUST00000095909	AAATCCGCGACCTTCACCCTTCA
28037	29368	28060	29391	28040	28063	ENSMUST00000095909	AAATCCGCGACCTTCACCCTTCA
-11560	-10536	-11537	-10513	-11553	-11530	ENSMUST00000095909	AAATCCGCGACCTTCACCCTTCA
16296	17789	16319	17812	16311	16334	ENSMUST00000179074	AGACTCTAACTTATTGTGATGGG
408	1518	431	1541	417	440	ENSMUST00000071442	GAGCCCGGGCTCCCCTCTACTCA
36	143	59	166	39	62	ENSMUST00000071442	GAGCCCGGGCTCCCCTCTACTCA
-234	-135	-211	-112	-204	-181	ENSMUST00000071442	GAGCCCGGGCTCCCCTCTACTCA
1799	1915	1899	2015	1808	1908	ENSMUST00000030947	GAGGATGCAAGACGTCGGACAAA
11314	13061	11337	13084	11332	11355	ENSMUST00000114449	ACTGGCACAGCCCCTGCCCATGG
4789	6670	4812	6693	4893	4916	ENSMUST00000070801	TGGGATTACAGGCACATGCCACC
-32005	-30293	-31982	-30270	-32002	-31979	ENSMUST00000047247	GACTGTCACCCAGAAGAAGGAAG
-32043	-30293	-32020	-30270	-32002	-31979	ENSMUST00000047247	GACTGTCACCCAGAAGAAGGAAG
-32043	-30293	-32020	-30270	-32005	-31982	ENSMUST00000047247	GACTGTCACCCAGAAGAAGGAAG
-39838	-37048	-39815	-37025	-39829	-39806	ENSMUST00000047247	GACTGTCACCCAGAAGAAGGAAG
11857	14029	11880	14052	11860	11883	ENSMUST00000173727	CACTACTGGAGGCAGCAGTGGCG
11020	14254	11043	14277	11025	11048	ENSMUST00000124470	CAGGCCTACCCCCCTGCCTTCCA
3400	5291	3423	5314	4668	4691	ENSMUST00000087228	TACTTCCAGGGTCTTCAACTATG
3264	3527	3287	3550	3302	3325	ENSMUST00000099356	CAAGTTTGAGAGAATAAAATCCC
37579	50623	37602	50646	37582	37605	ENSMUST00000047023	ACAGCCATGGCTCAGATTGAGAC
2280	2939	2303	2962	2291	2314	ENSMUST00000099934	TGCTCAGGATGCACGCGGGCGGC
1859	2186	1882	2209	1928	1951	ENSMUST00000099934	TGCTCAGGATGCACGCGGGCGGC
8625	15152	8648	15175	8699	8722	ENSMUST00000017799	CTGAACCCTGGAACTGCTTTGGA
1094	4346	1117	4369	1282	1305	ENSMUST00000017799	CTGAACCCTGGAACTGCTTTGGA
13405	16320	13429	16344	13681	13705	ENSMUST00000105821	GGAGGCCCAGCCTCAGCCCTTGCT
2236	10010	2260	10034	2239	2263	ENSMUST00000105821	GGAGGCCCAGCCTCAGCCCTTGCT
2236	2991	2260	3015	2239	2263	ENSMUST00000105821	GGAGGCCCAGCCTCAGCCCTTGCT
14064	42174	14088	42198	14142	14166	ENSMUST00000042561	GTGGATGTAGCTCAGTTGGTAGCA
14064	29132	14088	29156	14142	14166	ENSMUST00000042561	GTGGATGTAGCTCAGTTGGTAGCA
19133	21862	19157	21886	19137	19161	ENSMUST00000111605	TTGTCTGACTCGCTCGCCACCTTC
19133	19437	19157	19461	19137	19161	ENSMUST00000111605	TTGTCTGACTCGCTCGCCACCTTC
1967	2261	1991	2285	1980	2004	ENSMUST00000028162	TCACAGAGGGCAGAGTCATTTTGT
4319	12694	4343	12718	4322	4346	ENSMUST00000115032	CCCTGGGGTGTACAGCACTGGATG
2921	4203	2945	4227	3327	3351	ENSMUST00000115032	CCCTGGGGTGTACAGCACTGGATG
-8680	-8583	-7964	-7867	-8656	-7940	ENSMUST00000113035	TGGGGTTCAGTACATCGGCATCAT
27736	31335	27760	31359	27793	27817	ENSMUST00000066427	CGAAACCCAAGGCAAACAAGGAGA
26223	27646	26247	27670	26763	26787	ENSMUST00000066427	CGAAACCCAAGGCAAACAAGGAGA
4718	8717	4742	8741	4737	4761	ENSMUST00000110186	GGCCCCGAGTGCAACAGCCTGCAG
13	666	37	690	523	547	ENSMUST00000110186	GGCCCCGAGTGCAACAGCCTGCAG
-120	666	-96	690	523	547	ENSMUST00000110186	GGCCCCGAGTGCAACAGCCTGCAG
-120	666	-96	690	13	37	ENSMUST00000110186	GGCCCCGAGTGCAACAGCCTGCAG
-1213	666	-1189	690	-1124	-1100	ENSMUST00000110186	GGCCCCGAGTGCAACAGCCTGCAG
-1213	-237	-1189	-213	-1124	-1100	ENSMUST00000110186	GGCCCCGAGTGCAACAGCCTGCAG
-98566	-217	-98542	-193	-98482	-98458	ENSMUST00000097288	CCAGTTCGAATCCGTGTGCGAGTC
-98566	-55633	-98542	-55609	-98482	-98458	ENSMUST00000097288	CCAGTTCGAATCCGTGTGCGAGTC
18176	25519	18200	25543	19632	19656	ENSMUST00000042125	ACTGACTGAGTGAACTGTGCATTC
14062	42172	14087	42197	14140	14165	ENSMUST00000169547	GTGTGGATGTAGCTCAGTTGGTAGC
14062	29130	14087	29155	14140	14165	ENSMUST00000169547	GTGTGGATGTAGCTCAGTTGGTAGC
-8382	-5940	-8357	-5915	-8367	-8342	ENSMUST00000019931	CCGCACCCAGGATTCCATCGCGGCG
-18223	-5940	-18198	-5915	-18219	-18194	ENSMUST00000019931	CCGCACCCAGGATTCCATCGCGGCG
-18223	-14059	-18198	-14034	-18219	-18194	ENSMUST00000019931	CCGCACCCAGGATTCCATCGCGGCG
-6727	-6376	-6702	-6351	-6464	-6439	ENSMUST00000039627	CCTTTTGTAACCTGAGACCTGGCAC
-98571	-222	-98546	-197	-98487	-98462	ENSMUST00000233283	AACGGCCAGTTCGAATCCGTGTGCG
-98571	-55638	-98546	-55613	-98487	-98462	ENSMUST00000233283	AACGGCCAGTTCGAATCCGTGTGCG
5481	7516	5506	7541	6443	6468	ENSMUST00000097543	GAGGGGCTGGAGTCGCTGTGCTTGA
5481	6850	5506	6875	6443	6468	ENSMUST00000097543	GAGGGGCTGGAGTCGCTGTGCTTGA
-6106	-3692	-5807	-3393	-4879	-4580	ENSMUST00000173033	AAGCCTGTGAAGGTGAACTGTGTGGT
47883	49495	47909	49521	48005	48031	ENSMUST00000044053	TGAAGAATTCATGGATGACTTTGAAA
48682	49970	48708	49996	48685	48711	ENSMUST00000065111	GGCTTGAGTCTTCGTAAAGTAAACAG
48682	49970	48708	49996	48685	48711	ENSMUST00000065111	GGCTTGAGTCTTCGTAAAGTAAACAG
-39003	-34745	-38976	-34718	-38964	-38937	ENSMUST00000030691	AGGGCCATATGGTTACAGAGGGATTGG
-28	188	-1	215	-25	2	ENSMUST00000130698	TAGTATTTCTAGCCTATTCTTGTCAGT
179236	236033	179263	236060	179239	179266	ENSMUST00000038361	TTGGGGTTGGATTTTGAAGGCTGGGTG
-23822	-23435	-23795	-23408	-23819	-23792	ENSMUST00000075695	GAATTGGATATGGACAAAGACCTCAGT
10344	13132	10372	13160	10348	10376	ENSMUST00000089027	GGCTTCTACGCAGCCTACATGTTTGTCC
4873	5597	4901	5625	4929	4957	ENSMUST00000190997	AGAGGTTTCGATTCCCTTCACCCATCTT
6290	6709	6319	6738	6350	6379	ENSMUST00000108639	GGGGATGTAGCTCAGTCGGTAGAGAGAGG
-117789	-116028	-117760	-115999	-117782	-117753	ENSMUST00000026671	TTCACATCCTGCCTCACCACTCCCATCAA
-6275	-1685	-6245	-1655	-6260	-6230	ENSMUST00000092433	CTGGAAGCCTCGGGAAAGTACTCCCCAACC
-6275	-3325	-6245	-3295	-6260	-6230	ENSMUST00000092433	CTGGAAGCCTCGGGAAAGTACTCCCCAACC
-76377	-73365	-76347	-73335	-75789	-75759	ENSMUST00000092433	CTGGAAGCCTCGGGAAAGTACTCCCCAACC
-89437	-78858	-89407	-78828	-89434	-89404	ENSMUST00000092433	CTGGAAGCCTCGGGAAAGTACTCCCCAACC
-174368	-170174	-174338	-170144	-173379	-173349	ENSMUST00000199300	TCGCGTGTCGCCCGTCGCACTGTCCAGACC
-204321	-200875	-204291	-200845	-204318	-204288	ENSMUST00000199300	TCGCGTGTCGCCCGTCGCACTGTCCAGACC
6951	10471	6981	10501	6972	7002	ENSMUST00000038942	CAAAACAGGACTGTAGGCTCTAGAAAGTGC
27405	30205	27436	30236	27443	27474	ENSMUST00000112232	TATGAATGTGCGGCGAGGCCTTGCTGGAGCC
-3145	-1872	-3114	-1841	-3064	-3033	ENSMUST00000112232	TATGAATGTGCGGCGAGGCCTTGCTGGAGCC
1458	5156	1489	5187	1725	1756	ENSMUST00000111438	TTGACTTTGCCGGGCTTGCTCGAGGCTTTGC
993	1343	1024	1374	1005	1036	ENSMUST00000111438	TTGACTTTGCCGGGCTTGCTCGAGGCTTTGC
-56389	-50567	-55805	-49983	-56366	-55782	ENSMUST00000126977	GAAATACCAGTGGTCGAGGATGAAGAAAAGG
-2630	-2233	-1569	-1172	-2510	-1449	ENSMUST00000172467	ACTACATAGTACACCTTAAGCGGCACTTCATG
27563	28513	27595	28545	27567	27599	ENSMUST00000020756	CTAAATGATAGAAGCAGCATTGTAATGGGAGA
7275	13087	7307	13119	8187	8219	ENSMUST00000020756	CTAAATGATAGAAGCAGCATTGTAATGGGAGA
27563	28513	27595	28545	27567	27599	ENSMUST00000020756	CTAAATGATAGAAGCAGCATTGTAATGGGAGA
7275	13087	7307	13119	8187	8219	ENSMUST00000020756	CTAAATGATAGAAGCAGCATTGTAATGGGAGA
5555	8260	5588	8293	5558	5591	ENSMUST00000105361	TGGGCAGGCCAGCCCCCGCCCACGTGGCAACAA
5084	10878	5117	10911	5088	5121	ENSMUST00000150602	GCCAACCTCATGCACAACTTCATCTTGAAGGCG
5084	10878	5117	10911	5088	5121	ENSMUST00000150602	GCCAACCTCATGCACAACTTCATCTTGAAGGCG
9350	14185	9384	14219	9371	9405	ENSMUST00000202447	CGCCCGCCCCACGAGGACTCACACCCTTGCACCC
2036	3435	2070	3469	2039	2073	ENSMUST00000189946	CCTCCCCCCACGAAAGCCATGTCAATCAATCACT
26901	27415	26935	27449	26951	26985	ENSMUST00000035813	GGTGCTGGGTGCTGGGTGCTGGGTGCTGGGTGCT
-29631	-29157	-29597	-29123	-29628	-29594	ENSMUST00000108251	CTCTGCAGTCTATATCTATAACTGTAACTCCTGG
-44898	-44635	-28043	-27780	-44889	-28034	ENSMUST00000064595	GTGAAGGCAATCAATATCTCTGGGCTGGCACACG
7646	7750	7681	7785	7649	7684	ENSMUST00000038900	ATAAAATCTGATATATACACGTTAGGAAAGTTCTC
-18940	-15650	-18714	-15424	-18877	-18651	ENSMUST00000111338	CCTAAGATCCGGGCTGTTTCTCCACATTTTGATGA
-11706	-11465	-11670	-11429	-11691	-11655	ENSMUST00000194959	CCCATTTTGCTATCTAACTCTCCCACTGCCTTTGAA
-38110	-33852	-38074	-33816	-38071	-38035	ENSMUST00000030691	TATTGACATCAATGCCAGCCTGCAAACTATTACTAT
-1193	-1013	-1157	-977	-1162	-1126	ENSMUST00000111216	ATGGGCTCTTCGGCAGCAAAACCAACTTCAACTCCC
17073	21424	17109	21460	17187	17223	ENSMUST00000072031	GAGCGGCTCTCCACACATGAGCTCACCTCTCTGCTA
5511	7263	5547	7299	5535	5571	ENSMUST00000120544	ATGTGTCTTTCTAACTTCTAATAAACTCACTCCAACT
5511	7263	5547	7299	5535	5571	ENSMUST00000120544	ATGTGTCTTTCTAACTTCTAATAAACTCACTCCAACT
-3020	-2186	-2536	-1702	-2683	-2199	ENSMUST00000022458	GTCATCATGGAGCGAATCGGTCTTGCTACTGCAGGGGA
-3020	-2186	-2536	-1702	-2683	-2199	ENSMUST00000022458	GTCATCATGGAGCGAATCGGTCTTGCTACTGCAGGGGA
-5927	-5291	-5889	-5253	-5924	-5886	ENSMUST00000183034	GATTAGAGTCGGGAGTCCAGTTTCAGAATGAAGCAGAG
24440	26014	24480	26054	24482	24522	ENSMUST00000029303	GAACTGGCCAATGAAATCTGAACATCATTAAACAAGCAAA
-33668	-24054	-33628	-24014	-33632	-33592	ENSMUST00000180611	CTCTGTCCCCCCGCTTCCTTTGTACGCCTTACTTGCAGCA
15884	16358	15924	16398	15887	15927	ENSMUST00000071325	TAACTTCTTCCTGCGACTGCGTTCCATCATTTAAAGAAAA
15884	16358	15924	16398	15887	15927	ENSMUST00000071325	TAACTTCTTCCTGCGACTGCGTTCCATCATTTAAAGAAAA
-2377	-2050	-2337	-2010	-2243	-2203	ENSMUST00000033876	GCTGGGAGCCAGGGGACTACTCGCACTGTCTGTACACCAA
26669	27977	26709	28017	26686	26726	ENSMUST00000197859	ATAAATGGACTTGGGACTCAGCAGTTTTGAAACGTGTATA
26669	27465	26709	27505	26686	26726	ENSMUST00000197859	ATAAATGGACTTGGGACTCAGCAGTTTTGAAACGTGTATA
245	1383	285	1423	410	450	ENSMUST00000003044	TGTTCAAGGGCAAGGTGGAAGCTGTATTGGAGAAGTTAGG
-2370	-2295	-2330	-2255	-2366	-2326	ENSMUST00000003044	TGTTCAAGGGCAAGGTGGAAGCTGTATTGGAGAAGTTAGG
-2436	-2295	-2396	-2255	-2366	-2326	ENSMUST00000003044	TGTTCAAGGGCAAGGTGGAAGCTGTATTGGAGAAGTTAGG
31670	32318	31710	32358	31673	31713	ENSMUST00000187040	GCTTTCCCTTGCCCAGGCCTGACTCTGATAACCACTACTT
-8269	-7155	-4737	-3623	-8227	-4695	ENSMUST00000182597	GTATTTCAGGAGTTGAGTTATTGGTGGACCAGCCTTTCAC
-27300	-26251	-23768	-22719	-27282	-23750	ENSMUST00000182597	GTATTTCAGGAGTTGAGTTATTGGTGGACCAGCCTTTCAC
25386	30451	25426	30491	25401	25441	ENSMUST00000168361	ATTTAATGAAATTCTACAGGCAGCCTATCAATTAATGACA
25383	30451	25423	30491	25401	25441	ENSMUST00000168361	ATTTAATGAAATTCTACAGGCAGCCTATCAATTAATGACA
25383	30451	25423	30491	25386	25426	ENSMUST00000168361	ATTTAATGAAATTCTACAGGCAGCCTATCAATTAATGACA
21531	109637	21572	109678	21534	21575	ENSMUST00000115243	TATAAAAGTGACTTCCTCACAGCAAATGTGCCCCAGCTCTT
-16413	-15815	-16372	-15774	-16409	-16368	ENSMUST00000017408	GGTGTGGAATCAAACAAGCAATATCAGCTGGCAGACTGGAG
115	88221	557	88663	118	560	ENSMUST00000073822	AAGTAAAAATCACTGTAAACTACCCTCCCTATATATCTAAA
-51021	-46773	-50980	-46732	-51012	-50971	ENSMUST00000035142	CGGGGCTGTGAGGCGCTCGGGGCCGGGGTGCGCGGCGGCGC
3073	3324	3366	3617	3076	3369	ENSMUST00000119698	CCGGGAAAGGGGGCCTGGTCCATCCCGTGGAAATGGCTGTT
115	403	408	696	210	503	ENSMUST00000119698	CCGGGAAAGGGGGCCTGGTCCATCCCGTGGAAATGGCTGTT
33983	38373	34025	38415	33992	34034	ENSMUST00000047714	GAACCTCATATTTACACTCTCCCTTCTCTACTGGACAGAGTT
7482	8353	7524	8395	7592	7634	ENSMUST00000002790	CATCATCCCCTATATCCCCACTCTCATCACGCAGCTCACACA
81582	88464	81624	88506	81585	81627	ENSMUST00000077182	GGCCAAGAAGAACAAAGACAAAGAGTATTACGTCTGAGCACC
81582	83828	81624	83870	81585	81627	ENSMUST00000077182	GGCCAAGAAGAACAAAGACAAAGAGTATTACGTCTGAGCACC
4311	4437	4353	4479	4319	4361	ENSMUST00000068150	GACCATCCTGTCCCTGCCAGGGTGCATGCATTCGGGGGTATA
-14703	-13125	-10003	-8425	-14700	-10000	ENSMUST00000173078	GAAAATCCACAGGAATGGGTAGGACAAGTGGAAATAAGTGCCC
-7992	-7589	-7949	-7546	-7970	-7927	ENSMUST00000030669	AATCAGACGTCTTCTTCCTCTTCCTGCTGCCACCCATCATCCT
23773	25717	23816	25760	23776	23819	ENSMUST00000114018	AGGAAAAAGTGGCACCTCCACACCTACTACCCCTGGATCAACT
5082	23698	5125	23741	5085	5128	ENSMUST00000114018	AGGAAAAAGTGGCACCTCCACACCTACTACCCCTGGATCAACT
23773	25717	23816	25760	23776	23819	ENSMUST00000114018	AGGAAAAAGTGGCACCTCCACACCTACTACCCCTGGATCAACT
5082	23698	5125	23741	5085	5128	ENSMUST00000114018	AGGAAAAAGTGGCACCTCCACACCTACTACCCCTGGATCAACT
20466	21347	20509	21390	20470	20513	ENSMUST00000084038	ACATCCTCTGTCACCTGAATATCACCATGCCCCCCTGCACCAA
3937	4455	3980	4498	4035	4078	ENSMUST00000084038	ACATCCTCTGTCACCTGAATATCACCATGCCCCCCTGCACCAA
-13171	-4588	-13128	-4545	-12706	-12663	ENSMUST00000084038	ACATCCTCTGTCACCTGAATATCACCATGCCCCCCTGCACCAA
2143	3347	2187	3391	2448	2492	ENSMUST00000027414	GTTTGAAGTGGAACTCCAAGCAGCTCGGACTCTGGAGCGGCTGG
-14369	-13255	-14325	-13211	-14327	-14283	ENSMUST00000182597	AAATAAATTAAACTCTGCACTATGTAATAGACGTAAAGGTGATC
-33400	-32351	-33356	-32307	-33382	-33338	ENSMUST00000182597	AAATAAATTAAACTCTGCACTATGTAATAGACGTAAAGGTGATC
6189	8654	6234	8699	6305	6350	ENSMUST00000065496	GTAACCAACCACTTCCATATGAAGACTCCTCCATGCCCTCCATAT
6189	8654	6234	8699	6305	6350	ENSMUST00000065496	GTAACCAACCACTTCCATATGAAGACTCCTCCATGCCCTCCATAT
25056	27739	25101	27784	25086	25131	ENSMUST00000119299	CTGCCTTCTGTCCATCCTCACCATAGCATGCTGTACCCTCTTTCC
9833	10099	9878	10144	9893	9938	ENSMUST00000044783	GACTATTGATCAAATTCACAAGGAGGCTGAGATGGAAGAGCACCG
8301	8540	8346	8585	8331	8376	ENSMUST00000044783	GACTATTGATCAAATTCACAAGGAGGCTGAGATGGAAGAGCACCG
5177	5386	5222	5431	5259	5304	ENSMUST00000044783	GACTATTGATCAAATTCACAAGGAGGCTGAGATGGAAGAGCACCG
2324	2744	2369	2789	2327	2372	ENSMUST00000044783	GACTATTGATCAAATTCACAAGGAGGCTGAGATGGAAGAGCACCG
2324	2482	2369	2527	2327	2372	ENSMUST00000044783	GACTATTGATCAAATTCACAAGGAGGCTGAGATGGAAGAGCACCG
-368	-121	-323	-76	-347	-302	ENSMUST00000044783	GACTATTGATCAAATTCACAAGGAGGCTGAGATGGAAGAGCACCG
-46783	-44648	-46738	-44603	-46474	-46429	ENSMUST00000109567	TGGTTCCTGGTCCACTCTGACCCTCAGTCATGCCCATGAGGTCTG
4	12849	50	12895	2232	2278	ENSMUST00000040787	CTTTGCTTTCCCGAATTCTGCCTTCTGATGCCTGTAAAATATACAA
4	2914	50	2960	2232	2278	ENSMUST00000040787	CTTTGCTTTCCCGAATTCTGCCTTCTGATGCCTGTAAAATATACAA
-1379	-545	-1333	-499	-1042	-996	ENSMUST00000022458	GGCTGCCAGCCTTCCTAGACAATCACAATTATGCCAAATCCCCTAT
-1379	-545	-1333	-499	-1042	-996	ENSMUST00000022458	GGCTGCCAGCCTTCCTAGACAATCACAATTATGCCAAATCCCCTAT
1827	2204	1873	2250	1896	1942	ENSMUST00000026993	ACCTCAATATCTACTTCAACTGCACTGACTTGAACCCAAGCCGTGA
-324	-88	-278	-42	-320	-274	ENSMUST00000026993	ACCTCAATATCTACTTCAACTGCACTGACTTGAACCCAAGCCGTGA
-1631	-1128	-1585	-1082	-1507	-1461	ENSMUST00000026993	ACCTCAATATCTACTTCAACTGCACTGACTTGAACCCAAGCCGTGA
5247	6712	5293	6758	5265	5311	ENSMUST00000018521	CACCAGTGACTCTCACTACTCCATTCAATATAACGTCCTCTGTGTC
25846	124195	25892	124241	25930	25976	ENSMUST00000148486	CACGGATTTTGACCCCTCTATCCTGCCTCCTCCGGACCCCTGGATT
25846	68779	25892	68825	25930	25976	ENSMUST00000148486	CACGGATTTTGACCCCTCTATCCTGCCTCCTCCGGACCCCTGGATT
90123	93826	90959	94662	90126	90962	ENSMUST00000184945	CCACACTGTCGGAAAGCCCTCTCTCTTCCCCTGCTGCTAGCCCTAA
29183	42421	29231	42469	29187	29235	ENSMUST00000033018	AGAACTGCAGTAGTCACTCAAATTATGATTCAACATTTTAATCCTTGG
8151	15324	8199	15372	8154	8202	ENSMUST00000159050	CGAGATGAATGGCTCCCTCACCAGCCCAAGCGCCTATGCTGGCCTACA
8151	15294	8199	15342	8154	8202	ENSMUST00000159050	CGAGATGAATGGCTCCCTCACCAGCCCAAGCGCCTATGCTGGCCTACA
12533	14358	12581	14406	12578	12626	ENSMUST00000112008	ACGACCATTCCTTGGCACCTGCTGTGTTCGCCTCCTCGTCCAACAGCT
-11557	-1246	-11509	-1198	-11554	-11506	ENSMUST00000112008	ACGACCATTCCTTGGCACCTGCTGTGTTCGCCTCCTCGTCCAACAGCT
-11557	-3626	-11509	-3578	-11554	-11506	ENSMUST00000112008	ACGACCATTCCTTGGCACCTGCTGTGTTCGCCTCCTCGTCCAACAGCT
-8754	-3689	-8706	-3641	-8739	-8691	ENSMUST00000168361	TAAACAAGATGATGAGGACTCTAAAATAAATGGCAGAGGTTTGCCAAA
-8757	-3689	-8709	-3641	-8739	-8691	ENSMUST00000168361	TAAACAAGATGATGAGGACTCTAAAATAAATGGCAGAGGTTTGCCAAA
-8757	-3689	-8709	-3641	-8754	-8706	ENSMUST00000168361	TAAACAAGATGATGAGGACTCTAAAATAAATGGCAGAGGTTTGCCAAA
13966	14972	14015	15021	13993	14042	ENSMUST00000118962	ACAGACACACCCTCCAGTGTCCACCCCTTCTGTCCCTCCATCTGCGTCT
5410	10024	7546	12160	5470	7606	ENSMUST00000162372	AAATCTGTTCAAACACCAGATCCTTCTCACCCGTACGGCTTTTCAAATA
-4554	-31	-2418	2105	-2118	18	ENSMUST00000162372	AAATCTGTTCAAACACCAGATCCTTCTCACCCGTACGGCTTTTCAAATA
5668	6030	5717	6079	5715	5764	ENSMUST00000009099	TATTTTTATTACTTTTTTGTAGATGAACTTGAGCTCTGTAACTTACACC
3127	3471	3892	4236	3166	3931	ENSMUST00000108344	ATACCAGGCACCCCTTCCTTACAGCCCTCAAGTATGCCTTCCAGACCCAT
23936	25880	23986	25930	23939	23989	ENSMUST00000114018	AAAGTTGCCATCATCCGCACTCCTCCAAAGTCCCCAGCTACTCCTAAGCA
5245	23861	5295	23911	5248	5298	ENSMUST00000114018	AAAGTTGCCATCATCCGCACTCCTCCAAAGTCCCCAGCTACTCCTAAGCA
-5233	-3264	-5183	-3214	-5230	-5180	ENSMUST00000098070	TTTTTTGCCAGCACTGTGATTATGGGAACCGGACGGTCAAAGGCGTCCTC
-5413	-3264	-5363	-3214	-5230	-5180	ENSMUST00000098070	TTTTTTGCCAGCACTGTGATTATGGGAACCGGACGGTCAAAGGCGTCCTC
-5413	-3264	-5363	-3214	-5233	-5183	ENSMUST00000098070	TTTTTTGCCAGCACTGTGATTATGGGAACCGGACGGTCAAAGGCGTCCTC
60836	61472	60886	61522	60839	60889	ENSMUST00000097785	AATCATGTTCAGCACCTCCAGTCAGCCTGTGCGAGCTCACACCAGTTTCA
60836	61472	60886	61522	60839	60889	ENSMUST00000097785	AATCATGTTCAGCACCTCCAGTCAGCCTGTGCGAGCTCACACCAGTTTCA
39209	40730	39260	40781	39227	39278	ENSMUST00000167020	AGCATCTACTTTATCCAAACTGCCTACACCCACAGCTTCTCTCCCTGCACA
-6804	-5540	-6753	-5489	-6795	-6744	ENSMUST00000167020	AGCATCTACTTTATCCAAACTGCCTACACCCACAGCTTCTCTCCCTGCACA
-6807	-5540	-6756	-5489	-6795	-6744	ENSMUST00000167020	AGCATCTACTTTATCCAAACTGCCTACACCCACAGCTTCTCTCCCTGCACA
-6807	-5540	-6756	-5489	-6804	-6753	ENSMUST00000167020	AGCATCTACTTTATCCAAACTGCCTACACCCACAGCTTCTCTCCCTGCACA
-10667	-9493	-10616	-9442	-10664	-10613	ENSMUST00000167020	AGCATCTACTTTATCCAAACTGCCTACACCCACAGCTTCTCTCCCTGCACA
47571	49526	47622	49577	47574	47625	ENSMUST00000078626	TCTTTTGTGATCATTCCCAGCTACTTGTGCAAGCCAGGGTTAGACTACCTC
165	1552	217	1604	372	424	ENSMUST00000201702	ACCCAGATGAGCAGACCTCACGAACCCTCACCCTCATCGCCAAGGTCATCCA
-5059	-3314	-5007	-3262	-5053	-5001	ENSMUST00000201702	ACCCAGATGAGCAGACCTCACGAACCCTCACCCTCATCGCCAAGGTCATCCA
-7109	-5265	-7057	-5213	-7096	-7044	ENSMUST00000201702	ACCCAGATGAGCAGACCTCACGAACCCTCACCCTCATCGCCAAGGTCATCCA
-17486	-16167	-17433	-16114	-17411	-17358	ENSMUST00000078111	GAGTCCCTGTCGGTCCCCAAGCTGCAAAGCCCGCCTGGAAGACCCCGAAAGCT
101003	106332	101056	106385	101007	101060	ENSMUST00000026292	GGATGATGAAGGTGAAGAAGGAGATGAAGATGATGACGACGATGGTTCTGAGA
101003	105912	101056	105965	101007	101060	ENSMUST00000026292	GGATGATGAAGGTGAAGAAGGAGATGAAGATGATGACGACGATGGTTCTGAGA
101003	103476	101056	103529	101007	101060	ENSMUST00000026292	GGATGATGAAGGTGAAGAAGGAGATGAAGATGATGACGACGATGGTTCTGAGA
101003	102738	101056	102791	101007	101060	ENSMUST00000026292	GGATGATGAAGGTGAAGAAGGAGATGAAGATGATGACGACGATGGTTCTGAGA
8832	10025	8885	10078	8835	8888	ENSMUST00000026292	GGATGATGAAGGTGAAGAAGGAGATGAAGATGATGACGACGATGGTTCTGAGA
-1452	-166	-1399	-113	-1449	-1396	ENSMUST00000026292	GGATGATGAAGGTGAAGAAGGAGATGAAGATGATGACGACGATGGTTCTGAGA
101003	106332	101056	106385	101007	101060	ENSMUST00000026292	GGATGATGAAGGTGAAGAAGGAGATGAAGATGATGACGACGATGGTTCTGAGA
101003	105912	101056	105965	101007	101060	ENSMUST00000026292	GGATGATGAAGGTGAAGAAGGAGATGAAGATGATGACGACGATGGTTCTGAGA
101003	103476	101056	103529	101007	101060	ENSMUST00000026292	GGATGATGAAGGTGAAGAAGGAGATGAAGATGATGACGACGATGGTTCTGAGA
101003	102738	101056	102791	101007	101060	ENSMUST00000026292	GGATGATGAAGGTGAAGAAGGAGATGAAGATGATGACGACGATGGTTCTGAGA
8832	10025	8885	10078	8835	8888	ENSMUST00000026292	GGATGATGAAGGTGAAGAAGGAGATGAAGATGATGACGACGATGGTTCTGAGA
-1452	-166	-1399	-113	-1449	-1396	ENSMUST00000026292	GGATGATGAAGGTGAAGAAGGAGATGAAGATGATGACGACGATGGTTCTGAGA
-8682	-3617	-5595	-530	-8667	-5580	ENSMUST00000168361	TTTTAATCGCACTCCTGGAAGTCGCCAAGCCTCTCCAACTGAAGTAGTTGAGC
-8685	-3617	-5598	-530	-8667	-5580	ENSMUST00000168361	TTTTAATCGCACTCCTGGAAGTCGCCAAGCCTCTCCAACTGAAGTAGTTGAGC
-8685	-3617	-5598	-530	-8682	-5595	ENSMUST00000168361	TTTTAATCGCACTCCTGGAAGTCGCCAAGCCTCTCCAACTGAAGTAGTTGAGC
-78998	-77054	-39211	-37267	-78995	-39208	ENSMUST00000114015	ACTCAGTCAGAAAATTAAAAGAAAGAAGCCAGAACATACCACCAGCCGTTTGA
-97689	-79073	-57902	-39286	-97686	-57899	ENSMUST00000114015	ACTCAGTCAGAAAATTAAAAGAAAGAAGCCAGAACATACCACCAGCCGTTTGA
-78998	-77054	-39211	-37267	-78995	-39208	ENSMUST00000114015	ACTCAGTCAGAAAATTAAAAGAAAGAAGCCAGAACATACCACCAGCCGTTTGA
-97689	-79073	-57902	-39286	-97686	-57899	ENSMUST00000114015	ACTCAGTCAGAAAATTAAAAGAAAGAAGCCAGAACATACCACCAGCCGTTTGA
14349	15547	14403	15601	14391	14445	ENSMUST00000040179	ATACCAATTGCTCTTCTTTCTGCAGTCCTGCTGCTGTTCTTCTGCAGAGACTCC
14349	15489	14403	15543	14391	14445	ENSMUST00000040179	ATACCAATTGCTCTTCTTTCTGCAGTCCTGCTGCTGTTCTTCTGCAGAGACTCC
-6007	-353	-5953	-299	-6004	-5950	ENSMUST00000040179	ATACCAATTGCTCTTCTTTCTGCAGTCCTGCTGCTGTTCTTCTGCAGAGACTCC
86	722	140	776	89	143	ENSMUST00000097785	ATCCTGACAACCCACTCAAGACGTCCATCCCCATCAAAGCCATCTGCGACTACA
86	722	140	776	89	143	ENSMUST00000097785	ATCCTGACAACCCACTCAAGACGTCCATCCCCATCAAAGCCATCTGCGACTACA
9204	9866	9258	9920	9269	9323	ENSMUST00000167487	ACATAAAGTTCGACAAAATCTATTCTAATGTGGCTTTTTATGGAGGGTGTAACT
55193	288969	55248	289024	55196	55251	ENSMUST00000182356	ACCAAGTATGAAACCACGATTTTCTGATACCCGCCGCCCCGTCCTCGCGGTGCCT
72540	74682	72595	74737	72642	72697	ENSMUST00000182356	ACCAAGTATGAAACCACGATTTTCTGATACCCGCCGCCCCGTCCTCGCGGTGCCT
55193	74682	55248	74737	55196	55251	ENSMUST00000182356	ACCAAGTATGAAACCACGATTTTCTGATACCCGCCGCCCCGTCCTCGCGGTGCCT
55193	72462	55248	72517	55196	55251	ENSMUST00000182356	ACCAAGTATGAAACCACGATTTTCTGATACCCGCCGCCCCGTCCTCGCGGTGCCT
82	3496	137	3551	85	140	ENSMUST00000182356	ACCAAGTATGAAACCACGATTTTCTGATACCCGCCGCCCCGTCCTCGCGGTGCCT
2155	4896	2210	4951	2234	2289	ENSMUST00000174408	TTAACACTCACCCTCTCACTAGTGGTCCACACCATCCTGTCCATCACCCTCATTT
2155	3164	2210	3219	2234	2289	ENSMUST00000174408	TTAACACTCACCCTCTCACTAGTGGTCCACACCATCCTGTCCATCACCCTCATTT
51650	59153	51705	59208	51689	51744	ENSMUST00000232395	CATCTGAGGCTCATTCGGCTGCCTCTGTGGCCAAGTCCTCCCAGAGTCCACCCTT
51650	52792	51705	52847	51689	51744	ENSMUST00000232395	CATCTGAGGCTCATTCGGCTGCCTCTGTGGCCAAGTCCTCCCAGAGTCCACCCTT
23334	26975	23389	27030	23337	23392	ENSMUST00000232395	CATCTGAGGCTCATTCGGCTGCCTCTGTGGCCAAGTCCTCCCAGAGTCCACCCTT
2760	4489	2815	4544	2804	2859	ENSMUST00000232395	CATCTGAGGCTCATTCGGCTGCCTCTGTGGCCAAGTCCTCCCAGAGTCCACCCTT
51650	59153	51705	59208	51689	51744	ENSMUST00000232395	CATCTGAGGCTCATTCGGCTGCCTCTGTGGCCAAGTCCTCCCAGAGTCCACCCTT
51650	52792	51705	52847	51689	51744	ENSMUST00000232395	CATCTGAGGCTCATTCGGCTGCCTCTGTGGCCAAGTCCTCCCAGAGTCCACCCTT
23334	26975	23389	27030	23337	23392	ENSMUST00000232395	CATCTGAGGCTCATTCGGCTGCCTCTGTGGCCAAGTCCTCCCAGAGTCCACCCTT
2760	4489	2815	4544	2804	2859	ENSMUST00000232395	CATCTGAGGCTCATTCGGCTGCCTCTGTGGCCAAGTCCTCCCAGAGTCCACCCTT
51650	59153	51705	59208	51689	51744	ENSMUST00000232395	CATCTGAGGCTCATTCGGCTGCCTCTGTGGCCAAGTCCTCCCAGAGTCCACCCTT
51650	52792	51705	52847	51689	51744	ENSMUST00000232395	CATCTGAGGCTCATTCGGCTGCCTCTGTGGCCAAGTCCTCCCAGAGTCCACCCTT
23334	26975	23389	27030	23337	23392	ENSMUST00000232395	CATCTGAGGCTCATTCGGCTGCCTCTGTGGCCAAGTCCTCCCAGAGTCCACCCTT
2760	4489	2815	4544	2804	2859	ENSMUST00000232395	CATCTGAGGCTCATTCGGCTGCCTCTGTGGCCAAGTCCTCCCAGAGTCCACCCTT
4931	5388	7047	7504	4934	7050	ENSMUST00000069817	TGCTGGATTCCCAGCTCCCACAGCTCACTATGCCACTGCCTCGGTATGGCTCCGG
3064	3971	5180	6087	3068	5184	ENSMUST00000069817	TGCTGGATTCCCAGCTCCCACAGCTCACTATGCCACTGCCTCGGTATGGCTCCGG
4931	5388	7047	7504	4934	7050	ENSMUST00000069817	TGCTGGATTCCCAGCTCCCACAGCTCACTATGCCACTGCCTCGGTATGGCTCCGG
3064	3971	5180	6087	3068	5184	ENSMUST00000069817	TGCTGGATTCCCAGCTCCCACAGCTCACTATGCCACTGCCTCGGTATGGCTCCGG
6686	9821	7635	10770	6710	7659	ENSMUST00000111467	AACTCACTGGCCTATCTCATCAATACCTATGCACTGGACAGTGGGGTTTCTACCAT
6475	6659	7424	7608	6502	7451	ENSMUST00000111467	AACTCACTGGCCTATCTCATCAATACCTATGCACTGGACAGTGGGGTTTCTACCAT
81400	88282	81456	88338	81403	81459	ENSMUST00000113462	GGCATCGTGGCGGCGGCGGCGCTCTGCATCCTCATTCTCCTCTACGCCATGTACAA
81400	83646	81456	83702	81403	81459	ENSMUST00000113462	GGCATCGTGGCGGCGGCGGCGCTCTGCATCCTCATTCTCCTCTACGCCATGTACAA
81400	88282	81456	88338	81403	81459	ENSMUST00000113462	GGCATCGTGGCGGCGGCGGCGCTCTGCATCCTCATTCTCCTCTACGCCATGTACAA
81400	83646	81456	83702	81403	81459	ENSMUST00000113462	GGCATCGTGGCGGCGGCGGCGCTCTGCATCCTCATTCTCCTCTACGCCATGTACAA
28223	32802	28279	32858	28226	28282	ENSMUST00000040182	ACTACAGCCATCAACTTTTCAACTGTCAACTCTTCTGCAGCCTTCCGATCCAAGCA
-29560	-29086	-29504	-29030	-29557	-29501	ENSMUST00000071325	CTGGCCTCAAGGGCAGCAAAAGGCTCATTTTCATCGACTGTCCTGGGAAGCTGGCT
68437	72631	68494	72688	69426	69483	ENSMUST00000199300	AGCCTGCATCGCATACATTCGGCTCACACAGTACATGGACGGAAGCGGGATGCCAAA
38484	41930	38541	41987	38487	38544	ENSMUST00000199300	AGCCTGCATCGCATACATTCGGCTCACACAGTACATGGACGGAAGCGGGATGCCAAA
1041	5470	1098	5527	2602	2659	ENSMUST00000112224	TATCAACTATCTAAAACCTAACTGCAAATTGACCACAGACCTCTGACCTTCTACTTT
1041	3992	1098	4049	2602	2659	ENSMUST00000112224	TATCAACTATCTAAAACCTAACTGCAAATTGACCACAGACCTCTGACCTTCTACTTT
-2832	-717	-2775	-660	-2829	-2772	ENSMUST00000208651	ATCCTTCGTATCTTCAAGCTGACCCGTCACTTCGTGGGGCTGCGTGTGCTGGGCCAC
9778	11373	9836	11431	9800	9858	ENSMUST00000024627	ATGCACTCAGACCATCGCTCAAGCTCCGAGCACACACATCATAAATCCTCCAGGGATT
9778	11373	9836	11431	9800	9858	ENSMUST00000024627	ATGCACTCAGACCATCGCTCAAGCTCCGAGCACACACATCATAAATCCTCCAGGGATT
6258	12229	6316	12287	6322	6380	ENSMUST00000142890	ATTAATTAAACACTCCCTCACCCCACCGCACCAAACCAGTTGGGTTCTTCTGATATTC
6258	8592	6316	8650	6322	6380	ENSMUST00000142890	ATTAATTAAACACTCCCTCACCCCACCGCACCAAACCAGTTGGGTTCTTCTGATATTC
47218	47611	47276	47669	47232	47290	ENSMUST00000186360	TATCCTGGTGGGCCACTGCCTGACTTCCCTAATCACTCACTCACCCTCAAAAAGGACA
6260	12756	6318	12814	6360	6418	ENSMUST00000186360	TATCCTGGTGGGCCACTGCCTGACTTCCCTAATCACTCACTCACCCTCAAAAAGGACA
6260	11000	6318	11058	6360	6418	ENSMUST00000186360	TATCCTGGTGGGCCACTGCCTGACTTCCCTAATCACTCACTCACCCTCAAAAAGGACA
6260	9431	6318	9489	6360	6418	ENSMUST00000186360	TATCCTGGTGGGCCACTGCCTGACTTCCCTAATCACTCACTCACCCTCAAAAAGGACA
12894	14838	12952	14896	12897	12955	ENSMUST00000114013	ATATTACAAAAATGGTACTGTCATGGCCCCTGACCTGCCCGAGATGCTAGATCTGGCA
-5797	12819	-5739	12877	-5794	-5736	ENSMUST00000114013	ATATTACAAAAATGGTACTGTCATGGCCCCTGACCTGCCCGAGATGCTAGATCTGGCA
-12824	-5950	-12766	-5892	-12815	-12757	ENSMUST00000174008	ATTTGAACTTCTTGATAGAATTCTACCCAAACTCCGTGCAACGAACCATAAAGTGCTC
-26605	-5950	-26547	-5892	-26602	-26544	ENSMUST00000174008	ATTTGAACTTCTTGATAGAATTCTACCCAAACTCCGTGCAACGAACCATAAAGTGCTC
-26605	-13078	-26547	-13020	-26602	-26544	ENSMUST00000174008	ATTTGAACTTCTTGATAGAATTCTACCCAAACTCCGTGCAACGAACCATAAAGTGCTC
-12824	-5950	-12766	-5892	-12815	-12757	ENSMUST00000174008	ATTTGAACTTCTTGATAGAATTCTACCCAAACTCCGTGCAACGAACCATAAAGTGCTC
-26605	-5950	-26547	-5892	-26602	-26544	ENSMUST00000174008	ATTTGAACTTCTTGATAGAATTCTACCCAAACTCCGTGCAACGAACCATAAAGTGCTC
-26605	-13078	-26547	-13020	-26602	-26544	ENSMUST00000174008	ATTTGAACTTCTTGATAGAATTCTACCCAAACTCCGTGCAACGAACCATAAAGTGCTC
4628	6483	4687	6542	4631	4690	ENSMUST00000132615	ATGCAGCTCGGCCCGACTACATCGCTTCCAAGGCCTCCCCTACCTCGACTGAGGAGGAG
23535	25867	23594	25926	23601	23660	ENSMUST00000109485	TTCCCTGACCCTGTTACGGACTGTAAGCCTCCACCTCCTGCCCAGGAATTTCAGACAGC
16650	18389	16709	18448	16662	16721	ENSMUST00000109485	TTCCCTGACCCTGTTACGGACTGTAAGCCTCCACCTCCTGCCCAGGAATTTCAGACAGC
1713	1897	1772	1956	1716	1775	ENSMUST00000105616	GTACTGCAAGGAGGCTGGATGCAAGATAGATACTATATTAAACTGTACTGTTATTTAAG
-1836	-449	-1776	-389	-1629	-1569	ENSMUST00000081285	TTCATGGAGCGGGAACACCTCATATTCCGAGAGAACACGCTCGCCACTAAAGCCATAGAA
-7060	-5315	-7000	-5255	-7054	-6994	ENSMUST00000081285	TTCATGGAGCGGGAACACCTCATATTCCGAGAGAACACGCTCGCCACTAAAGCCATAGAA
-9110	-7266	-9050	-7206	-9097	-9037	ENSMUST00000081285	TTCATGGAGCGGGAACACCTCATATTCCGAGAGAACACGCTCGCCACTAAAGCCATAGAA
-5704	-5247	-5644	-5187	-5701	-5641	ENSMUST00000069817	GAGGAGGACGAAGAGAACAACCCTGCCCTAGCCAATGCCTCCTCCGCCCTGGAGGACAAG
-7571	-6664	-7511	-6604	-7567	-7507	ENSMUST00000069817	GAGGAGGACGAAGAGAACAACCCTGCCCTAGCCAATGCCTCCTCCGCCCTGGAGGACAAG
-5704	-5247	-5644	-5187	-5701	-5641	ENSMUST00000069817	GAGGAGGACGAAGAGAACAACCCTGCCCTAGCCAATGCCTCCTCCGCCCTGGAGGACAAG
-7571	-6664	-7511	-6604	-7567	-7507	ENSMUST00000069817	GAGGAGGACGAAGAGAACAACCCTGCCCTAGCCAATGCCTCCTCCGCCCTGGAGGACAAG
1028	5511	1642	6125	1151	1765	ENSMUST00000110049	AGATCCATTCCAAGGCATGCGCAAGCCCATGAGTCCTGTCTCAGCCCAGATGAGCCAGCTA
1028	1553	1642	2167	1151	1765	ENSMUST00000110049	AGATCCATTCCAAGGCATGCGCAAGCCCATGAGTCCTGTCTCAGCCCAGATGAGCCAGCTA
-9406	-7092	-9344	-7030	-9279	-9217	ENSMUST00000111596	ATTCAGCGACACTCTCTTCTCCACACTCTCTTCACACCAACCCGTGGCCTGGCCCAACCCAC
392	616	454	678	415	477	ENSMUST00000061837	AACAATAAGACAGCAGAGCGCCGGAGGCCCCTGGATGAATTCAACAATGGAGTTGTCATGAC
105	349	167	411	204	266	ENSMUST00000061837	AACAATAAGACAGCAGAGCGCCGGAGGCCCCTGGATGAATTCAACAATGGAGTTGTCATGAC
-2661	-2535	-2599	-2473	-2657	-2595	ENSMUST00000061837	AACAATAAGACAGCAGAGCGCCGGAGGCCCCTGGATGAATTCAACAATGGAGTTGTCATGAC
-6666	-6351	-6604	-6289	-6649	-6587	ENSMUST00000061837	AACAATAAGACAGCAGAGCGCCGGAGGCCCCTGGATGAATTCAACAATGGAGTTGTCATGAC
-6301	-4332	-6239	-4270	-6298	-6236	ENSMUST00000098070	ATTTTGGGGACTCTGGAAGGCTTTACTATTGTAAACACTGTGACTTTAATAATAAATCTGCC
-6481	-4332	-6419	-4270	-6298	-6236	ENSMUST00000098070	ATTTTGGGGACTCTGGAAGGCTTTACTATTGTAAACACTGTGACTTTAATAATAAATCTGCC
-6481	-4332	-6419	-4270	-6301	-6239	ENSMUST00000098070	ATTTTGGGGACTCTGGAAGGCTTTACTATTGTAAACACTGTGACTTTAATAATAAATCTGCC
-7607	-6235	-7544	-6172	-7576	-7513	ENSMUST00000022977	CTTGCTTGAGGAGGAATCTCCAAGGGAGGGCTGAGCTGCCAGGCTGCCGCCGCGCTTCGGGAC
-1241	3188	-1178	3251	320	383	ENSMUST00000112223	GGTAAGCATCCTTTGAAAAATAATTTTCTTGAACTTAAACTCTGAGCAGTCAGTATCTCTCAA
-1241	1710	-1178	1773	320	383	ENSMUST00000112223	GGTAAGCATCCTTTGAAAAATAATTTTCTTGAACTTAAACTCTGAGCAGTCAGTATCTCTCAA
3031	9611	3704	10284	3037	3710	ENSMUST00000195636	GCGGCTCCGGTGAACGCTTCAGAGTGAGATCATCATCCAAGTCTGAAGGTTCTCCATCGCCAC
6170	6819	6843	7492	6263	6936	ENSMUST00000195636	GCGGCTCCGGTGAACGCTTCAGAGTGAGATCATCATCCAAGTCTGAAGGTTCTCCATCGCCAC
3031	6044	3704	6717	3037	3710	ENSMUST00000195636	GCGGCTCCGGTGAACGCTTCAGAGTGAGATCATCATCCAAGTCTGAAGGTTCTCCATCGCCAC
3031	5202	3704	5875	3037	3710	ENSMUST00000195636	GCGGCTCCGGTGAACGCTTCAGAGTGAGATCATCATCCAAGTCTGAAGGTTCTCCATCGCCAC
120	1880	793	2553	123	796	ENSMUST00000195636	GCGGCTCCGGTGAACGCTTCAGAGTGAGATCATCATCCAAGTCTGAAGGTTCTCCATCGCCAC
47	676	110	739	73	136	ENSMUST00000110000	ACATGTCACAGCTCTCTCTGTCGCCCCTGAATTCCGCCGTCTTGGCTTGGCTGCTAAACTTAT
-6159	-3827	-5987	-3655	-6093	-5921	ENSMUST00000109485	CGAGTACAGTTACTACTGCTCACACCTCAAAAGTCCAGCACCAGGCATCCTCCACCTCTCCTCT
-13044	-11305	-12872	-11133	-13032	-12860	ENSMUST00000109485	CGAGTACAGTTACTACTGCTCACACCTCAAAAGTCCAGCACCAGGCATCCTCCACCTCTCCTCT
-20453	-20004	-20389	-19940	-20400	-20336	ENSMUST00000114037	TCTTACACTGATCGATCAATGATGTCTATGGCAGCTGATTCTTACACTGATTCTTATACTGATT
-10030	-9050	-9965	-8985	-9964	-9899	ENSMUST00000112987	AGAAGTATCTATGTGAACTGTGCCTGGACGATGTGCTGTATGCCCGTACCACAAGCAAGCTCAAG
53726	54505	53791	54570	53988	54053	ENSMUST00000199659	AGGAAAAACCTAGAGCTCTTTGCCCTGCGCGTTACAAGGAAAGCAACTGGAATTTTAAATTTAGT
13912	21737	13977	21802	13918	13983	ENSMUST00000118923	GCTTTTAGACAGCGTGGAGAAGCTGCACGTGATTGATCGGCAGACGCAGGAGGAACTGGAGACAA
6716	9696	6782	9762	6719	6785	ENSMUST00000075922	AATCCTATTGTCCACAGTCAAACTTCCACAGCATCCTCTGAACAACTGCAGCCTTCAATGTTTCAC
-20183	-19726	-18383	-17926	-20180	-18380	ENSMUST00000069817	CTGAAGTTCAGTGATGATGAAGATGAGGAGGATGTTGTGAAGGATGGCCGGTCAAAGTGGAACAAC
-22050	-21143	-20250	-19343	-22046	-20246	ENSMUST00000069817	CTGAAGTTCAGTGATGATGAAGATGAGGAGGATGTTGTGAAGGATGGCCGGTCAAAGTGGAACAAC
7083	7187	7150	7254	7086	7153	ENSMUST00000016569	CATTTGCTAGGGTGGATCTTAAGCAGTACGTAGTCTGTCAGTGTTTGTATTTGAATTCTCTGCAATT
-16490	-10705	-12286	-6501	-16487	-12283	ENSMUST00000201700	AACAGTGGCAGAGATTAACGCAACGATGAGTGTCCATCTCCCATTCGCAGTGGTCGGCAGTACTGAA
52715	53384	52782	53451	52718	52785	ENSMUST00000044521	CCGAGACCTTCTCCGAGTCATCCTCTGACAGCACCCAGTTCAGTCAGCCAGTCGGTGGTGGTGGCTT
4232	9704	4299	9771	4246	4313	ENSMUST00000044521	CCGAGACCTTCTCCGAGTCATCCTCTGACAGCACCCAGTTCAGTCAGCCAGTCGGTGGTGGTGGCTT
4127	9704	4194	9771	4246	4313	ENSMUST00000044521	CCGAGACCTTCTCCGAGTCATCCTCTGACAGCACCCAGTTCAGTCAGCCAGTCGGTGGTGGTGGCTT
4127	9704	4194	9771	4232	4299	ENSMUST00000044521	CCGAGACCTTCTCCGAGTCATCCTCTGACAGCACCCAGTTCAGTCAGCCAGTCGGTGGTGGTGGCTT
7202	11710	9751	14259	7207	9756	ENSMUST00000160027	CAAAAATAATTTACATAGTACACGATGAAGTTAAGGATAAAGCTTTTGAACTGGAGCTCAGCTGGGTT
7202	11686	9751	14235	7207	9756	ENSMUST00000160027	CAAAAATAATTTACATAGTACACGATGAAGTTAAGGATAAAGCTTTTGAACTGGAGCTCAGCTGGGTT
5854	7083	8403	9632	6033	8582	ENSMUST00000160027	CAAAAATAATTTACATAGTACACGATGAAGTTAAGGATAAAGCTTTTGAACTGGAGCTCAGCTGGGTT
-39339	-38160	-39271	-38092	-39285	-39217	ENSMUST00000213013	TACCGGAGCTTGACCCTGAACGTCGTGAACCGGCTCACCTCCGTTACTCGCCTCTTCCCAAATTCCTT
49644	50037	49712	50105	49658	49726	ENSMUST00000042035	ATGGTCCTGACCCAGCCCCCCCGGGACAGGACTGAGATCACTCTGGAAAGAAGCGGGGTGGGGAATCT
8686	15182	8754	15250	8786	8854	ENSMUST00000042035	ATGGTCCTGACCCAGCCCCCCCGGGACAGGACTGAGATCACTCTGGAAAGAAGCGGGGTGGGGAATCT
8686	13426	8754	13494	8786	8854	ENSMUST00000042035	ATGGTCCTGACCCAGCCCCCCCGGGACAGGACTGAGATCACTCTGGAAAGAAGCGGGGTGGGGAATCT
8686	11857	8754	11925	8786	8854	ENSMUST00000042035	ATGGTCCTGACCCAGCCCCCCCGGGACAGGACTGAGATCACTCTGGAAAGAAGCGGGGTGGGGAATCT
4321	4843	4390	4912	4357	4426	ENSMUST00000093995	CAGCGGCAGGGCTCCCGGCTCTCTGCTGTCCCTCACCTCCTGTACATACTGCCTGGGAAGAGACACCAC
4266	4843	4335	4912	4357	4426	ENSMUST00000093995	CAGCGGCAGGGCTCCCGGCTCTCTGCTGTCCCTCACCTCCTGTACATACTGCCTGGGAAGAGACACCAC
4266	4843	4335	4912	4321	4390	ENSMUST00000093995	CAGCGGCAGGGCTCCCGGCTCTCTGCTGTCCCTCACCTCCTGTACATACTGCCTGGGAAGAGACACCAC
103598	104012	104497	104911	103746	104645	ENSMUST00000119705	TCTAACATCGTCTTCTACCCTGGTGGAGATTCTGGAAGCCATGAAGCATCCCTCGACAGGAGTCCAGCT
103176	103934	104075	104833	103179	104078	ENSMUST00000119705	TCTAACATCGTCTTCTACCCTGGTGGAGATTCTGGAAGCCATGAAGCATCCCTCGACAGGAGTCCAGCT
30208	39816	31107	40715	30235	31134	ENSMUST00000119705	TCTAACATCGTCTTCTACCCTGGTGGAGATTCTGGAAGCCATGAAGCATCCCTCGACAGGAGTCCAGCT
30208	33740	31107	34639	30235	31134	ENSMUST00000119705	TCTAACATCGTCTTCTACCCTGGTGGAGATTCTGGAAGCCATGAAGCATCCCTCGACAGGAGTCCAGCT
-541	-163	62	440	-513	90	ENSMUST00000081834	TCCCTGCAGTCTTTCCGTAGGTTGCGGTACAACGCCAGGCAAGAGAAGAGGAAGGAAATTAACCAGATCG
-675136	-673247	-533433	-531544	-675039	-533336	ENSMUST00000070733	TGAGGATGGCTTGTGTGGATCACTGGAGACCTGTGTGAACGATGGTGTGTTTGGAAGATGTCAAAAGGTT
117544	216133	117614	216203	117547	117617	ENSMUST00000202937	ATGAGGACCTGACCCCAGAGCAGAAGGCTGAGCGCGAGAAGGAACGGAGGATGGCCAATAATGCCCGTGA
117544	161554	117614	161624	117547	117617	ENSMUST00000202937	ATGAGGACCTGACCCCAGAGCAGAAGGCTGAGCGCGAGAAGGAACGGAGGATGGCCAATAATGCCCGTGA
117544	159894	117614	159964	117547	117617	ENSMUST00000202937	ATGAGGACCTGACCCCAGAGCAGAAGGCTGAGCGCGAGAAGGAACGGAGGATGGCCAATAATGCCCGTGA
117544	159040	117614	159110	117547	117617	ENSMUST00000202937	ATGAGGACCTGACCCCAGAGCAGAAGGCTGAGCGCGAGAAGGAACGGAGGATGGCCAATAATGCCCGTGA
26617	29108	26687	29178	26620	26690	ENSMUST00000202937	ATGAGGACCTGACCCCAGAGCAGAAGGCTGAGCGCGAGAAGGAACGGAGGATGGCCAATAATGCCCGTGA
6163	6435	6524	6796	6291	6652	ENSMUST00000178812	GATTGTAATCCGAGGACTCAATACCATTCCATTGTTTGTGCAGTTGCTTTATTCTCCCATTGAAAATATCC
75	1212	436	1573	78	439	ENSMUST00000178812	GATTGTAATCCGAGGACTCAATACCATTCCATTGTTTGTGCAGTTGCTTTATTCTCCCATTGAAAATATCC
2972	3608	3474	4110	2975	3477	ENSMUST00000183302	CCACGTACATAGAGAAATTGAAGACTGTGAATTTGGTTTTAAAAAACACTCAAGCTGCAGAAGCCCTTGTC
81941	88823	82013	88895	81944	82016	ENSMUST00000113462	GGAAGGAAGGCTGGGGTTTTGTAAAGTGTCCACTGCGCCGTTCGTTTATTTCCCTCGATTTTCTTCTTCCTC
81941	84187	82013	84259	81944	82016	ENSMUST00000113462	GGAAGGAAGGCTGGGGTTTTGTAAAGTGTCCACTGCGCCGTTCGTTTATTTCCCTCGATTTTCTTCTTCCTC
81941	88823	82013	88895	81944	82016	ENSMUST00000113462	GGAAGGAAGGCTGGGGTTTTGTAAAGTGTCCACTGCGCCGTTCGTTTATTTCCCTCGATTTTCTTCTTCCTC
81941	84187	82013	84259	81944	82016	ENSMUST00000113462	GGAAGGAAGGCTGGGGTTTTGTAAAGTGTCCACTGCGCCGTTCGTTTATTTCCCTCGATTTTCTTCTTCCTC
30672	31059	30744	31131	30675	30747	ENSMUST00000041956	ACTCTAAAGTTTACGAAGCCTGCTTCTCTGAATATTCTCATATTTTAGATGAATTTCACCCATTTTCATACT
4964	5438	12844	13318	4967	12847	ENSMUST00000071325	ATCACTGCCAACCTTAACCTCTCTAATTCCATGACCTCACTTGCAACTTCCCAGCATTCCCCAGGACTCGACAA
4964	5438	12844	13318	4967	12847	ENSMUST00000071325	ATCACTGCCAACCTTAACCTCTCTAATTCCATGACCTCACTTGCAACTTCCCAGCATTCCCCAGGACTCGACAA
15764	15911	15840	15987	15804	15880	ENSMUST00000146701	GATGAATGGATGAGTGAATGAATGAATGAATGAGTGAGTGAATTAATGGATGGGTATATTCTCTGGTTGAGCTTCT
39454	41433	39530	41509	39469	39545	ENSMUST00000089302	AAGAGAATGTGCAATCAAGTTCAATGATTACTTTGAATTTCCTCGAGAGTTAGACATGGAACCTTACACAGTGGCA
10039	10916	10117	10994	10057	10135	ENSMUST00000007961	CCCCACGTGCAGCTGGCGGCCAGTACCCATCAAGTCAGACCTCCACATCAAGGATGACCCCGATGGCATCCCCTCAAA
5390	7142	5470	7222	5414	5494	ENSMUST00000120544	TGGCCGGTGCCCTGCGCGGGGCCTCCCCAGGACACACTGACGTAGATTTGCTGTGTAGTCTTGGTGTGGAAATTTGAATT
5390	7142	5470	7222	5414	5494	ENSMUST00000120544	TGGCCGGTGCCCTGCGCGGGGCCTCCCCAGGACACACTGACGTAGATTTGCTGTGTAGTCTTGGTGTGGAAATTTGAATT
49006	50120	49086	50200	49048	49128	ENSMUST00000182597	GCTCGTTCTGCTGCTTGGTCCTACATCTTTCTGCCTGAGGAAGCCTGGTGTGACCTTACCATCCACCTTCCGTCAGCAGT
29975	31024	30055	31104	29993	30073	ENSMUST00000182597	GCTCGTTCTGCTGCTTGGTCCTACATCTTTCTGCCTGAGGAAGCCTGGTGTGACCTTACCATCCACCTTCCGTCAGCAGT
3763	6107	6012	8356	4128	6377	ENSMUST00000175903	TTTTACGGAGAAAACTTATCCATGAAGGCTGCCTGCTCTGGAAGACAGCCACAGGCCGCTTCAAAGATGTCCTGTTGCTGCT
2781	3699	5030	5948	3126	5375	ENSMUST00000175903	TTTTACGGAGAAAACTTATCCATGAAGGCTGCCTGCTCTGGAAGACAGCCACAGGCCGCTTCAAAGATGTCCTGTTGCTGCT
2744	2996	4993	5245	2781	5030	ENSMUST00000175903	TTTTACGGAGAAAACTTATCCATGAAGGCTGCCTGCTCTGGAAGACAGCCACAGGCCGCTTCAAAGATGTCCTGTTGCTGCT
2533	2671	4782	4920	2539	4788	ENSMUST00000175903	TTTTACGGAGAAAACTTATCCATGAAGGCTGCCTGCTCTGGAAGACAGCCACAGGCCGCTTCAAAGATGTCCTGTTGCTGCT
16942	21293	17025	21376	17056	17139	ENSMUST00000072031	CCCCTGACCTCAAGACACAGAATGTCCACGTGGAAATTGAGCAGCGTTGGCATCAAGTGGAGACCACCCCTCTCAGGGAGGAG
5158	10104	5242	10188	5162	5246	ENSMUST00000029116	GTTTGTCGTTTGCAGGTTGTTCTTGATGTTAACTCTGATTGTTAGCTAGACTTTTGTTACCTGGAAAATTTTGGACATAAAATT
10582	10729	10667	10814	10622	10707	ENSMUST00000146701	GAAAGGTAACAATACACTCACAAATAGGTAGATGAATGTAGCTGGAAGACGGGGCCTGGCTAGGGACGGGATGAGAGGCTGTGTC
32038	39541	32123	39626	32077	32162	ENSMUST00000232395	GGAGGACAGCAGACTGGAAGTGGCCTCTCCTGACTCTCCTACACCACTCTGTGAGGATGCTTCTCCTTCCCCCACGCCAGCTCCT
32038	33180	32123	33265	32077	32162	ENSMUST00000232395	GGAGGACAGCAGACTGGAAGTGGCCTCTCCTGACTCTCCTACACCACTCTGTGAGGATGCTTCTCCTTCCCCCACGCCAGCTCCT
3722	7363	3807	7448	3725	3810	ENSMUST00000232395	GGAGGACAGCAGACTGGAAGTGGCCTCTCCTGACTCTCCTACACCACTCTGTGAGGATGCTTCTCCTTCCCCCACGCCAGCTCCT
-16852	-15123	-16767	-15038	-16808	-16723	ENSMUST00000232395	GGAGGACAGCAGACTGGAAGTGGCCTCTCCTGACTCTCCTACACCACTCTGTGAGGATGCTTCTCCTTCCCCCACGCCAGCTCCT
32038	39541	32123	39626	32077	32162	ENSMUST00000232395	GGAGGACAGCAGACTGGAAGTGGCCTCTCCTGACTCTCCTACACCACTCTGTGAGGATGCTTCTCCTTCCCCCACGCCAGCTCCT
32038	33180	32123	33265	32077	32162	ENSMUST00000232395	GGAGGACAGCAGACTGGAAGTGGCCTCTCCTGACTCTCCTACACCACTCTGTGAGGATGCTTCTCCTTCCCCCACGCCAGCTCCT
3722	7363	3807	7448	3725	3810	ENSMUST00000232395	GGAGGACAGCAGACTGGAAGTGGCCTCTCCTGACTCTCCTACACCACTCTGTGAGGATGCTTCTCCTTCCCCCACGCCAGCTCCT
-16852	-15123	-16767	-15038	-16808	-16723	ENSMUST00000232395	GGAGGACAGCAGACTGGAAGTGGCCTCTCCTGACTCTCCTACACCACTCTGTGAGGATGCTTCTCCTTCCCCCACGCCAGCTCCT
32038	39541	32123	39626	32077	32162	ENSMUST00000232395	GGAGGACAGCAGACTGGAAGTGGCCTCTCCTGACTCTCCTACACCACTCTGTGAGGATGCTTCTCCTTCCCCCACGCCAGCTCCT
32038	33180	32123	33265	32077	32162	ENSMUST00000232395	GGAGGACAGCAGACTGGAAGTGGCCTCTCCTGACTCTCCTACACCACTCTGTGAGGATGCTTCTCCTTCCCCCACGCCAGCTCCT
3722	7363	3807	7448	3725	3810	ENSMUST00000232395	GGAGGACAGCAGACTGGAAGTGGCCTCTCCTGACTCTCCTACACCACTCTGTGAGGATGCTTCTCCTTCCCCCACGCCAGCTCCT
-16852	-15123	-16767	-15038	-16808	-16723	ENSMUST00000232395	GGAGGACAGCAGACTGGAAGTGGCCTCTCCTGACTCTCCTACACCACTCTGTGAGGATGCTTCTCCTTCCCCCACGCCAGCTCCT
49623	50016	49708	50101	49637	49722	ENSMUST00000186360	TCTCAGACCCAGGCAGAGAGCATGGTCCTGACCCAGCCCCCCCGGGACAGGACTGAGATCACTCTGGAAAGAAGCGGGGTGGGGA
8665	15161	8750	15246	8765	8850	ENSMUST00000186360	TCTCAGACCCAGGCAGAGAGCATGGTCCTGACCCAGCCCCCCCGGGACAGGACTGAGATCACTCTGGAAAGAAGCGGGGTGGGGA
8665	13405	8750	13490	8765	8850	ENSMUST00000186360	TCTCAGACCCAGGCAGAGAGCATGGTCCTGACCCAGCCCCCCCGGGACAGGACTGAGATCACTCTGGAAAGAAGCGGGGTGGGGA
8665	11836	8750	11921	8765	8850	ENSMUST00000186360	TCTCAGACCCAGGCAGAGAGCATGGTCCTGACCCAGCCCCCCCGGGACAGGACTGAGATCACTCTGGAAAGAAGCGGGGTGGGGA
49151	56654	51355	58858	49190	51394	ENSMUST00000232395	TACTCGGTCAAGCCAGTCTCCAAAAAAGCCTTCCAACAGTATTATTGAACACCTGTCAGTGATATTCCCATGTTATACCAGCACT
49151	50293	51355	52497	49190	51394	ENSMUST00000232395	TACTCGGTCAAGCCAGTCTCCAAAAAAGCCTTCCAACAGTATTATTGAACACCTGTCAGTGATATTCCCATGTTATACCAGCACT
20835	24476	23039	26680	20838	23042	ENSMUST00000232395	TACTCGGTCAAGCCAGTCTCCAAAAAAGCCTTCCAACAGTATTATTGAACACCTGTCAGTGATATTCCCATGTTATACCAGCACT
261	1990	2465	4194	305	2509	ENSMUST00000232395	TACTCGGTCAAGCCAGTCTCCAAAAAAGCCTTCCAACAGTATTATTGAACACCTGTCAGTGATATTCCCATGTTATACCAGCACT
49151	56654	51355	58858	49190	51394	ENSMUST00000232395	TACTCGGTCAAGCCAGTCTCCAAAAAAGCCTTCCAACAGTATTATTGAACACCTGTCAGTGATATTCCCATGTTATACCAGCACT
49151	50293	51355	52497	49190	51394	ENSMUST00000232395	TACTCGGTCAAGCCAGTCTCCAAAAAAGCCTTCCAACAGTATTATTGAACACCTGTCAGTGATATTCCCATGTTATACCAGCACT
20835	24476	23039	26680	20838	23042	ENSMUST00000232395	TACTCGGTCAAGCCAGTCTCCAAAAAAGCCTTCCAACAGTATTATTGAACACCTGTCAGTGATATTCCCATGTTATACCAGCACT
261	1990	2465	4194	305	2509	ENSMUST00000232395	TACTCGGTCAAGCCAGTCTCCAAAAAAGCCTTCCAACAGTATTATTGAACACCTGTCAGTGATATTCCCATGTTATACCAGCACT
49151	56654	51355	58858	49190	51394	ENSMUST00000232395	TACTCGGTCAAGCCAGTCTCCAAAAAAGCCTTCCAACAGTATTATTGAACACCTGTCAGTGATATTCCCATGTTATACCAGCACT
49151	50293	51355	52497	49190	51394	ENSMUST00000232395	TACTCGGTCAAGCCAGTCTCCAAAAAAGCCTTCCAACAGTATTATTGAACACCTGTCAGTGATATTCCCATGTTATACCAGCACT
20835	24476	23039	26680	20838	23042	ENSMUST00000232395	TACTCGGTCAAGCCAGTCTCCAAAAAAGCCTTCCAACAGTATTATTGAACACCTGTCAGTGATATTCCCATGTTATACCAGCACT
261	1990	2465	4194	305	2509	ENSMUST00000232395	TACTCGGTCAAGCCAGTCTCCAAAAAAGCCTTCCAACAGTATTATTGAACACCTGTCAGTGATATTCCCATGTTATACCAGCACT
5804	22753	5891	22840	5967	6054	ENSMUST00000107976	ACCTGAAGCCCCCAGGATAGGTGGGACAGAGAAGCTCAGTTCTGGGACGGTGGCATCCTCTCTCTCTCTCTCTCTTTCCTTTCTTTT
9006	11142	9093	11229	9009	9096	ENSMUST00000105991	AACAATCTGGCTTCCAGCTCTTTCTATGGCAACAACTCTCTGAGCAGTAACTCCCAGAGCAGCTCCCTCTTCTCTCAGGGCTCTGCA
32136	39639	32224	39727	32175	32263	ENSMUST00000231569	CAACATACTGGGCTCAATCACACTTGGTCACAGGATTCTGCACATACCTTCCTTTTCAAGGATTTGGCATCACCCAGCGACCAGCGTA
32136	33278	32224	33366	32175	32263	ENSMUST00000231569	CAACATACTGGGCTCAATCACACTTGGTCACAGGATTCTGCACATACCTTCCTTTTCAAGGATTTGGCATCACCCAGCGACCAGCGTA
3820	7461	3908	7549	3823	3911	ENSMUST00000231569	CAACATACTGGGCTCAATCACACTTGGTCACAGGATTCTGCACATACCTTCCTTTTCAAGGATTTGGCATCACCCAGCGACCAGCGTA
-16754	-15025	-16666	-14937	-16710	-16622	ENSMUST00000231569	CAACATACTGGGCTCAATCACACTTGGTCACAGGATTCTGCACATACCTTCCTTTTCAAGGATTTGGCATCACCCAGCGACCAGCGTA
11868	12112	11957	12201	11873	11962	ENSMUST00000107938	CCCTCAACGGCAGGTGTGGCAGGGGGTCCCGTGGCGGTTGAGCCAGAAGTCCCGCCTGTACCTTTGCCCACTGCCTCATCCCTGCCTCG
25168	28168	25378	28378	25171	25381	ENSMUST00000131671	AAAGAGCGCCAAGCTGCTAGACAGGCCTCCAGAAGCACTGCGTATGAAGATTATTATTATCACCCTCCTCCCCGAATGCCACCTCCAAT
-10344	-8519	-7905	-6080	-10299	-7860	ENSMUST00000102560	AGCTCAAAGCCGAGAGCCTGTCGGACAAGCTCAACGACCTGGAGAAGAAGCACGCCATGCTGGAGATGAACGCCCGGAGCTTACAGCAGA
-34434	-24123	-31995	-21684	-34431	-31992	ENSMUST00000102560	AGCTCAAAGCCGAGAGCCTGTCGGACAAGCTCAACGACCTGGAGAAGAAGCACGCCATGCTGGAGATGAACGCCCGGAGCTTACAGCAGA
-34434	-26503	-31995	-24064	-34431	-31992	ENSMUST00000102560	AGCTCAAAGCCGAGAGCCTGTCGGACAAGCTCAACGACCTGGAGAAGAAGCACGCCATGCTGGAGATGAACGCCCGGAGCTTACAGCAGA
31883	35504	31975	35596	31931	32023	ENSMUST00000106992	ATGGTCCTTTCTGATCACGACTTCAAATCCCACAGTAGCCCTGAAAGACATCTAAGAACTCCTGCATCACAAGAGAAAAGGACACCAGTACC
25116	28018	25208	28110	25217	25309	ENSMUST00000106992	ATGGTCCTTTCTGATCACGACTTCAAATCCCACAGTAGCCCTGAAAGACATCTAAGAACTCCTGCATCACAAGAGAAAAGGACACCAGTACC
28298	32373	28391	32466	28325	28418	ENSMUST00000119878	ATACCAATTTTCTGCTAATACAGGTCCTGCACATTACATGACTGAAGGACATCTGGCGATGAGACAAGGGGCTGATAGAGAAGAGTCTCCCAT
-11534	-11060	-11439	-10965	-11531	-11436	ENSMUST00000071325	TTTATGGCGATCCGGAATCCTCTGGAATGGCACTGCAAGCAGATGGATCACTTTGTCGGACTCAACTTCAACTCTAACTTTAACTTTGCACTAGT
-11534	-11060	-11439	-10965	-11531	-11436	ENSMUST00000071325	TTTATGGCGATCCGGAATCCTCTGGAATGGCACTGCAAGCAGATGGATCACTTTGTCGGACTCAACTTCAACTCTAACTTTAACTTTGCACTAGT
28421	37722	28517	37818	28430	28526	ENSMUST00000098519	CAACTGTTACTGAACAGGTCTTCTGTAGGGGCTCCTAAGTATGAGACAACATGCAGTGGTTTCTGAAATGACTGAGCGATAAGTAAATTATATATT
31842	39345	31940	39443	31881	31979	ENSMUST00000232395	ACATTTCAAAAACAGGAGAATATTTACGAGTTAAACTACCACTAAATCCAACTGCTAGGGAATTTCAACCAGATGTAAAGTCTGAAGCACTGTCTGAG
31842	32984	31940	33082	31881	31979	ENSMUST00000232395	ACATTTCAAAAACAGGAGAATATTTACGAGTTAAACTACCACTAAATCCAACTGCTAGGGAATTTCAACCAGATGTAAAGTCTGAAGCACTGTCTGAG
3526	7167	3624	7265	3529	3627	ENSMUST00000232395	ACATTTCAAAAACAGGAGAATATTTACGAGTTAAACTACCACTAAATCCAACTGCTAGGGAATTTCAACCAGATGTAAAGTCTGAAGCACTGTCTGAG
-17048	-15319	-16950	-15221	-17004	-16906	ENSMUST00000232395	ACATTTCAAAAACAGGAGAATATTTACGAGTTAAACTACCACTAAATCCAACTGCTAGGGAATTTCAACCAGATGTAAAGTCTGAAGCACTGTCTGAG
31842	39345	31940	39443	31881	31979	ENSMUST00000232395	ACATTTCAAAAACAGGAGAATATTTACGAGTTAAACTACCACTAAATCCAACTGCTAGGGAATTTCAACCAGATGTAAAGTCTGAAGCACTGTCTGAG
31842	32984	31940	33082	31881	31979	ENSMUST00000232395	ACATTTCAAAAACAGGAGAATATTTACGAGTTAAACTACCACTAAATCCAACTGCTAGGGAATTTCAACCAGATGTAAAGTCTGAAGCACTGTCTGAG
3526	7167	3624	7265	3529	3627	ENSMUST00000232395	ACATTTCAAAAACAGGAGAATATTTACGAGTTAAACTACCACTAAATCCAACTGCTAGGGAATTTCAACCAGATGTAAAGTCTGAAGCACTGTCTGAG
-17048	-15319	-16950	-15221	-17004	-16906	ENSMUST00000232395	ACATTTCAAAAACAGGAGAATATTTACGAGTTAAACTACCACTAAATCCAACTGCTAGGGAATTTCAACCAGATGTAAAGTCTGAAGCACTGTCTGAG
31842	39345	31940	39443	31881	31979	ENSMUST00000232395	ACATTTCAAAAACAGGAGAATATTTACGAGTTAAACTACCACTAAATCCAACTGCTAGGGAATTTCAACCAGATGTAAAGTCTGAAGCACTGTCTGAG
31842	32984	31940	33082	31881	31979	ENSMUST00000232395	ACATTTCAAAAACAGGAGAATATTTACGAGTTAAACTACCACTAAATCCAACTGCTAGGGAATTTCAACCAGATGTAAAGTCTGAAGCACTGTCTGAG
3526	7167	3624	7265	3529	3627	ENSMUST00000232395	ACATTTCAAAAACAGGAGAATATTTACGAGTTAAACTACCACTAAATCCAACTGCTAGGGAATTTCAACCAGATGTAAAGTCTGAAGCACTGTCTGAG
-17048	-15319	-16950	-15221	-17004	-16906	ENSMUST00000232395	ACATTTCAAAAACAGGAGAATATTTACGAGTTAAACTACCACTAAATCCAACTGCTAGGGAATTTCAACCAGATGTAAAGTCTGAAGCACTGTCTGAG
-19341	-16876	-14585	-12120	-19225	-14469	ENSMUST00000065496	ATGTTAGGAATAACTGGCTCTGAGAGAGATTACCAACTGTGGGTAAATTCTGGAAAAGAAGCGGCACCGTACCCACTCATTGGACACGAGTATCCTTA
-19341	-16876	-14585	-12120	-19225	-14469	ENSMUST00000065496	ATGTTAGGAATAACTGGCTCTGAGAGAGATTACCAACTGTGGGTAAATTCTGGAAAAGAAGCGGCACCGTACCCACTCATTGGACACGAGTATCCTTA
6034	7408	6133	7507	6049	6148	ENSMUST00000111293	TTTTAAACGGAGGCTGAAGACACTGTAGAATTAGCAGACATAAGAGAGCGTGGAGAAGGCAGAGGATGGAGTTGCAGACTCTACAGGAGGCTCTTAAAG
-9161	-6984	-9062	-6885	-9140	-9041	ENSMUST00000111293	TTTTAAACGGAGGCTGAAGACACTGTAGAATTAGCAGACATAAGAGAGCGTGGAGAAGGCAGAGGATGGAGTTGCAGACTCTACAGGAGGCTCTTAAAG
-105418	-98962	-105319	-98863	-105415	-105316	ENSMUST00000111293	TTTTAAACGGAGGCTGAAGACACTGTAGAATTAGCAGACATAAGAGAGCGTGGAGAAGGCAGAGGATGGAGTTGCAGACTCTACAGGAGGCTCTTAAAG
-106817	-98962	-106718	-98863	-106814	-106715	ENSMUST00000111293	TTTTAAACGGAGGCTGAAGACACTGTAGAATTAGCAGACATAAGAGAGCGTGGAGAAGGCAGAGGATGGAGTTGCAGACTCTACAGGAGGCTCTTAAAG
-106817	-105667	-106718	-105568	-106814	-106715	ENSMUST00000111293	TTTTAAACGGAGGCTGAAGACACTGTAGAATTAGCAGACATAAGAGAGCGTGGAGAAGGCAGAGGATGGAGTTGCAGACTCTACAGGAGGCTCTTAAAG
71326	75520	71425	75619	72315	72414	ENSMUST00000171289	TAATTAAAATTACTGTTCTCTGAATGACAGTGTGTAAGGAAATCTTTCAAGAATGCTGTCATTATTCTCTTTGAGCTTTTTGTTGGGATTTGGGGTTTT
41373	44819	41472	44918	41376	41475	ENSMUST00000171289	TAATTAAAATTACTGTTCTCTGAATGACAGTGTGTAAGGAAATCTTTCAAGAATGCTGTCATTATTCTCTTTGAGCTTTTTGTTGGGATTTGGGGTTTT
-28502	-22531	-6064	-93	-28438	-6000	ENSMUST00000029800	TGGGAATAACGTTTCTTGGAATCGGACTGTGGGCGTGGAATGAAAAAGGTGTCCTCTCCAACATCTCGTCCATCACCGACCTCGGTGGCTTTGACCCAGT
-28502	-26168	-6064	-3730	-28438	-6000	ENSMUST00000029800	TGGGAATAACGTTTCTTGGAATCGGACTGTGGGCGTGGAATGAAAAAGGTGTCCTCTCCAACATCTCGTCCATCACCGACCTCGGTGGCTTTGACCCAGT
-28535	-28061	-28435	-27961	-28532	-28432	ENSMUST00000071325	AATCGAAGAGATCTGCCTAGTTGATGAGAACCAGTTCACTCTAACCATTGCAAACCAAGGCACACCACTGACCTTCATGCACCAAGAATGTGAAGCCATT
-28535	-28061	-28435	-27961	-28532	-28432	ENSMUST00000071325	AATCGAAGAGATCTGCCTAGTTGATGAGAACCAGTTCACTCTAACCATTGCAAACCAAGGCACACCACTGACCTTCATGCACCAAGAATGTGAAGCCATT
82581	83217	82681	83317	82584	82684	ENSMUST00000097785	CATGAGACCCTGGAGCCACTGAACGAGTGGCTCACAGCTGTAGAAAAGAAGCTGGCAAACTCGGAGCCCATAGGAACCCAGGCACCAAAGCTGGAGGAGC
81759	88641	81861	88743	81762	81864	ENSMUST00000113462	AAAGAAAAGGAATATAACTACTACGTGCTCATCCCCTTCCCTCCCGCTGCCCTCGGCGCCGCACTGTCAGCTCTGGGGCTGGCTGTCCTCCGCTCTGCGCCT
81759	84005	81861	84107	81762	81864	ENSMUST00000113462	AAAGAAAAGGAATATAACTACTACGTGCTCATCCCCTTCCCTCCCGCTGCCCTCGGCGCCGCACTGTCAGCTCTGGGGCTGGCTGTCCTCCGCTCTGCGCCT
81759	88641	81861	88743	81762	81864	ENSMUST00000113462	AAAGAAAAGGAATATAACTACTACGTGCTCATCCCCTTCCCTCCCGCTGCCCTCGGCGCCGCACTGTCAGCTCTGGGGCTGGCTGTCCTCCGCTCTGCGCCT
81759	84005	81861	84107	81762	81864	ENSMUST00000113462	AAAGAAAAGGAATATAACTACTACGTGCTCATCCCCTTCCCTCCCGCTGCCCTCGGCGCCGCACTGTCAGCTCTGGGGCTGGCTGTCCTCCGCTCTGCGCCT
-11501	-11027	-9916	-9442	-11498	-9913	ENSMUST00000108251	TGCAAGCAGATGGATCACTTTGTCGGACTCAACTTCAACTCTAACTTTAACTTTGCACTAGTTGGACACCTCTTAAAAGGGTACAGGCATCCTTCACCTGCC
-14518	-13404	-14415	-13301	-14476	-14373	ENSMUST00000182597	TTGAGGCTACCAAAGTTTGCAGAGGAGGAGACTCTTTGTATAGACTCTATAACTCCTTGTGCTGATGGAATTCATTTGTTGGTAGGACTGCGGACATGCTCTG
-33549	-32500	-33446	-32397	-33531	-33428	ENSMUST00000182597	TTGAGGCTACCAAAGTTTGCAGAGGAGGAGACTCTTTGTATAGACTCTATAACTCCTTGTGCTGATGGAATTCATTTGTTGGTAGGACTGCGGACATGCTCTG
752	5181	856	5285	2313	2417	ENSMUST00000112227	GCAGAAGCTGGATTCTGACCCGAGCTCTGCAAAATGAGCTTCCCAGTTGATCACATCGGAACAAAATGGGACTGAGGATTTGGTGATCACTATTGTTTGGAAAT
752	3703	856	3807	2313	2417	ENSMUST00000112227	GCAGAAGCTGGATTCTGACCCGAGCTCTGCAAAATGAGCTTCCCAGTTGATCACATCGGAACAAAATGGGACTGAGGATTTGGTGATCACTATTGTTTGGAAAT
106391	108917	106496	109022	106394	106499	ENSMUST00000055758	ATACTGTTACAGGATTCATGAACTTGAGTAATTTTACAGTTTGGAACTCTGATGCTATATATACATGGTATAATGTATTCAGACTTTGATCACTACATATTTAAA
67504	69109	67609	69214	67506	67611	ENSMUST00000055758	ATACTGTTACAGGATTCATGAACTTGAGTAATTTTACAGTTTGGAACTCTGATGCTATATATACATGGTATAATGTATTCAGACTTTGATCACTACATATTTAAA
140951	141587	141056	141692	140954	141059	ENSMUST00000097785	CATTCTCTCTGACAACCACAGCACTACATAGCTGACATTAAGGGATACCTCATGACACCTTTTATGGAGATTCTGAACAGCTGACAAACCAAGCAGGGAATTGTA
140951	141587	141056	141692	140954	141059	ENSMUST00000097785	CATTCTCTCTGACAACCACAGCACTACATAGCTGACATTAAGGGATACCTCATGACACCTTTTATGGAGATTCTGAACAGCTGACAAACCAAGCAGGGAATTGTA
1311	1555	2508	2752	1316	2513	ENSMUST00000107935	ATGGAATACGAACAACAGCCTGCAGCAGTGCCCAGCATGGAGAAAAAGCGGACTGTGTATCAGATGGCACTCAACAAACTGGATGAGATCTTGGCTGCAGCTCAGC
1311	1555	2508	2752	1316	2513	ENSMUST00000107935	ATGGAATACGAACAACAGCCTGCAGCAGTGCCCAGCATGGAGAAAAAGCGGACTGTGTATCAGATGGCACTCAACAAACTGGATGAGATCTTGGCTGCAGCTCAGC
-29255	-29011	-29147	-28903	-29250	-29142	ENSMUST00000107938	AGTACTCTGTGCCCTGAGCGAGAGTCTACAGGACGTGCTGAACTATGGACTGTTCCAGCCAGCCACCTCAGGCCGGGATGCCAACTTCTTGGAGGAGGAGAGGCTTCT
9475	16978	11449	18952	9514	11488	ENSMUST00000117648	TTTGAAAAAGAACAGATTTCTCGAAGCTCTTAATCACTTTGAAAAGGCAAAGACTTTAATTAGTCGTCTCCCTGGAATTCTAACTTGGCCCACAAGTAATGTGATTAT
9475	10617	11449	12591	9514	11488	ENSMUST00000117648	TTTGAAAAAGAACAGATTTCTCGAAGCTCTTAATCACTTTGAAAAGGCAAAGACTTTAATTAGTCGTCTCCCTGGAATTCTAACTTGGCCCACAAGTAATGTGATTAT
-18841	-15200	-16867	-13226	-18838	-16864	ENSMUST00000117648	TTTGAAAAAGAACAGATTTCTCGAAGCTCTTAATCACTTTGAAAAGGCAAAGACTTTAATTAGTCGTCTCCCTGGAATTCTAACTTGGCCCACAAGTAATGTGATTAT
-39415	-37686	-37441	-35712	-39371	-37397	ENSMUST00000117648	TTTGAAAAAGAACAGATTTCTCGAAGCTCTTAATCACTTTGAAAAGGCAAAGACTTTAATTAGTCGTCTCCCTGGAATTCTAACTTGGCCCACAAGTAATGTGATTAT
57128	64631	57237	64740	57167	57276	ENSMUST00000232395	AACTGTTGCACCATCGTCACAGACCCAGCCCAGGAGAAGATGGGAACCTCCTTCCTGTTGCTGTAGGTAGTCACTCCTCACTAATGCACCATGCACTTCATGAGTTAAA
57128	58270	57237	58379	57167	57276	ENSMUST00000232395	AACTGTTGCACCATCGTCACAGACCCAGCCCAGGAGAAGATGGGAACCTCCTTCCTGTTGCTGTAGGTAGTCACTCCTCACTAATGCACCATGCACTTCATGAGTTAAA
28812	32453	28921	32562	28815	28924	ENSMUST00000232395	AACTGTTGCACCATCGTCACAGACCCAGCCCAGGAGAAGATGGGAACCTCCTTCCTGTTGCTGTAGGTAGTCACTCCTCACTAATGCACCATGCACTTCATGAGTTAAA
8238	9967	8347	10076	8282	8391	ENSMUST00000232395	AACTGTTGCACCATCGTCACAGACCCAGCCCAGGAGAAGATGGGAACCTCCTTCCTGTTGCTGTAGGTAGTCACTCCTCACTAATGCACCATGCACTTCATGAGTTAAA
57128	64631	57237	64740	57167	57276	ENSMUST00000232395	AACTGTTGCACCATCGTCACAGACCCAGCCCAGGAGAAGATGGGAACCTCCTTCCTGTTGCTGTAGGTAGTCACTCCTCACTAATGCACCATGCACTTCATGAGTTAAA
57128	58270	57237	58379	57167	57276	ENSMUST00000232395	AACTGTTGCACCATCGTCACAGACCCAGCCCAGGAGAAGATGGGAACCTCCTTCCTGTTGCTGTAGGTAGTCACTCCTCACTAATGCACCATGCACTTCATGAGTTAAA
28812	32453	28921	32562	28815	28924	ENSMUST00000232395	AACTGTTGCACCATCGTCACAGACCCAGCCCAGGAGAAGATGGGAACCTCCTTCCTGTTGCTGTAGGTAGTCACTCCTCACTAATGCACCATGCACTTCATGAGTTAAA
8238	9967	8347	10076	8282	8391	ENSMUST00000232395	AACTGTTGCACCATCGTCACAGACCCAGCCCAGGAGAAGATGGGAACCTCCTTCCTGTTGCTGTAGGTAGTCACTCCTCACTAATGCACCATGCACTTCATGAGTTAAA
57128	64631	57237	64740	57167	57276	ENSMUST00000232395	AACTGTTGCACCATCGTCACAGACCCAGCCCAGGAGAAGATGGGAACCTCCTTCCTGTTGCTGTAGGTAGTCACTCCTCACTAATGCACCATGCACTTCATGAGTTAAA
57128	58270	57237	58379	57167	57276	ENSMUST00000232395	AACTGTTGCACCATCGTCACAGACCCAGCCCAGGAGAAGATGGGAACCTCCTTCCTGTTGCTGTAGGTAGTCACTCCTCACTAATGCACCATGCACTTCATGAGTTAAA
28812	32453	28921	32562	28815	28924	ENSMUST00000232395	AACTGTTGCACCATCGTCACAGACCCAGCCCAGGAGAAGATGGGAACCTCCTTCCTGTTGCTGTAGGTAGTCACTCCTCACTAATGCACCATGCACTTCATGAGTTAAA
8238	9967	8347	10076	8282	8391	ENSMUST00000232395	AACTGTTGCACCATCGTCACAGACCCAGCCCAGGAGAAGATGGGAACCTCCTTCCTGTTGCTGTAGGTAGTCACTCCTCACTAATGCACCATGCACTTCATGAGTTAAA
7810	24759	7921	24870	7973	8084	ENSMUST00000107976	ATTAAAGCATGCTAAATTCAGGGGCTCTTGCTCGCTCTCCCGATGAGTCATCTTTCTCTCTCTCTGTGGCTGTGGGCTGCTGAACCGCACAGAGATAATTCATCTCTGGGC
173	350	284	461	194	305	ENSMUST00000180095	CCCACCCATCCTGTATCCACTAACTTGAGTTCTCATGTTGCTGCTCCATCTCCAAGCCGCCTCATCTTCCCGAGCCCCTGCCACGCATCGAAGGGTTTTGGGGAAAGCTCT
11600	12295	11712	12407	11603	11715	ENSMUST00000220049	TGGAGCAAAATGTGGAGCGGCGGTACTTGCGGGAGCCCCTCTGGGCAGCCCATGAGGTGGTAGTGGAGAAGGCCCTACTGAGCACACCCAATGGTGCCCCTGATGGCACCTC
13905	14323	14018	14436	13907	14020	ENSMUST00000101018	CTTAGTTCCTCTGTCACTTTAGCCTTCAACCCGGCATTGGTACTGTACATGCCTGGCTTCTGAAGGTATCTCTGTACATTGTTCTCAGGCGGTCTTGTGGATGTCTTTCAGGA
-155664	-155416	-153230	-152982	-155639	-153205	ENSMUST00000027056	CAGGGTGAGAAATTGTATAAAATGATGTGCAAACAGGGAAATCTGATCAAAGACAGAAAAAGAAAACTGACCACATTTCCTAAGTGCTTCCTGGGAAGTGAATTTGTCTCATGGCTAT
-49741	-42867	-48624	-41750	-49732	-48615	ENSMUST00000174008	AGGACCCATGGCCAATGCTGCTGCCCCCACAAGCACCCCACAGAAGCTGATTCCTCCGCAACCAACAGGCCGTCCTTCACCTGCACCTCCTGCTGTCCCGCCTGCTGCCTCACCTGTAAT
-63522	-42867	-62405	-41750	-63519	-62402	ENSMUST00000174008	AGGACCCATGGCCAATGCTGCTGCCCCCACAAGCACCCCACAGAAGCTGATTCCTCCGCAACCAACAGGCCGTCCTTCACCTGCACCTCCTGCTGTCCCGCCTGCTGCCTCACCTGTAAT
-63522	-49995	-62405	-48878	-63519	-62402	ENSMUST00000174008	AGGACCCATGGCCAATGCTGCTGCCCCCACAAGCACCCCACAGAAGCTGATTCCTCCGCAACCAACAGGCCGTCCTTCACCTGCACCTCCTGCTGTCCCGCCTGCTGCCTCACCTGTAAT
-49741	-42867	-48624	-41750	-49732	-48615	ENSMUST00000174008	AGGACCCATGGCCAATGCTGCTGCCCCCACAAGCACCCCACAGAAGCTGATTCCTCCGCAACCAACAGGCCGTCCTTCACCTGCACCTCCTGCTGTCCCGCCTGCTGCCTCACCTGTAAT
-63522	-42867	-62405	-41750	-63519	-62402	ENSMUST00000174008	AGGACCCATGGCCAATGCTGCTGCCCCCACAAGCACCCCACAGAAGCTGATTCCTCCGCAACCAACAGGCCGTCCTTCACCTGCACCTCCTGCTGTCCCGCCTGCTGCCTCACCTGTAAT
-63522	-49995	-62405	-48878	-63519	-62402	ENSMUST00000174008	AGGACCCATGGCCAATGCTGCTGCCCCCACAAGCACCCCACAGAAGCTGATTCCTCCGCAACCAACAGGCCGTCCTTCACCTGCACCTCCTGCTGTCCCGCCTGCTGCCTCACCTGTAAT
7672	8355	7794	8477	7693	7815	ENSMUST00000025036	GACAGCTGATCTTAAATGACAAAGGACTGGACTGAGGGCCCTGGGCCTGTGGACCAGCTGGAAACTTAGGGACTGGGCCTCTGCTGAGTGCCCGATGGCGGCCGTGCCCATGTGTACTTGGA
6240	7572	6362	7694	6258	6380	ENSMUST00000025036	GACAGCTGATCTTAAATGACAAAGGACTGGACTGAGGGCCCTGGGCCTGTGGACCAGCTGGAAACTTAGGGACTGGGCCTCTGCTGAGTGCCCGATGGCGGCCGTGCCCATGTGTACTTGGA
126347	131676	126679	132008	126351	126683	ENSMUST00000026292	CTTTACTGAGCAGGAATTAGAGCTGCTCATATCAGGGCTGCCTACCATCGACATTGATGATCTAAAATCTAACACTGAGTACCACAAGTACCAATCCAACTCTATTCAGATCCAGTGGTTTTG
126347	131256	126679	131588	126351	126683	ENSMUST00000026292	CTTTACTGAGCAGGAATTAGAGCTGCTCATATCAGGGCTGCCTACCATCGACATTGATGATCTAAAATCTAACACTGAGTACCACAAGTACCAATCCAACTCTATTCAGATCCAGTGGTTTTG
126347	128820	126679	129152	126351	126683	ENSMUST00000026292	CTTTACTGAGCAGGAATTAGAGCTGCTCATATCAGGGCTGCCTACCATCGACATTGATGATCTAAAATCTAACACTGAGTACCACAAGTACCAATCCAACTCTATTCAGATCCAGTGGTTTTG
126347	128082	126679	128414	126351	126683	ENSMUST00000026292	CTTTACTGAGCAGGAATTAGAGCTGCTCATATCAGGGCTGCCTACCATCGACATTGATGATCTAAAATCTAACACTGAGTACCACAAGTACCAATCCAACTCTATTCAGATCCAGTGGTTTTG
34176	35369	34508	35701	34179	34511	ENSMUST00000026292	CTTTACTGAGCAGGAATTAGAGCTGCTCATATCAGGGCTGCCTACCATCGACATTGATGATCTAAAATCTAACACTGAGTACCACAAGTACCAATCCAACTCTATTCAGATCCAGTGGTTTTG
23892	25178	24224	25510	23895	24227	ENSMUST00000026292	CTTTACTGAGCAGGAATTAGAGCTGCTCATATCAGGGCTGCCTACCATCGACATTGATGATCTAAAATCTAACACTGAGTACCACAAGTACCAATCCAACTCTATTCAGATCCAGTGGTTTTG
126347	131676	126679	132008	126351	126683	ENSMUST00000026292	CTTTACTGAGCAGGAATTAGAGCTGCTCATATCAGGGCTGCCTACCATCGACATTGATGATCTAAAATCTAACACTGAGTACCACAAGTACCAATCCAACTCTATTCAGATCCAGTGGTTTTG
126347	131256	126679	131588	126351	126683	ENSMUST00000026292	CTTTACTGAGCAGGAATTAGAGCTGCTCATATCAGGGCTGCCTACCATCGACATTGATGATCTAAAATCTAACACTGAGTACCACAAGTACCAATCCAACTCTATTCAGATCCAGTGGTTTTG
126347	128820	126679	129152	126351	126683	ENSMUST00000026292	CTTTACTGAGCAGGAATTAGAGCTGCTCATATCAGGGCTGCCTACCATCGACATTGATGATCTAAAATCTAACACTGAGTACCACAAGTACCAATCCAACTCTATTCAGATCCAGTGGTTTTG
126347	128082	126679	128414	126351	126683	ENSMUST00000026292	CTTTACTGAGCAGGAATTAGAGCTGCTCATATCAGGGCTGCCTACCATCGACATTGATGATCTAAAATCTAACACTGAGTACCACAAGTACCAATCCAACTCTATTCAGATCCAGTGGTTTTG
34176	35369	34508	35701	34179	34511	ENSMUST00000026292	CTTTACTGAGCAGGAATTAGAGCTGCTCATATCAGGGCTGCCTACCATCGACATTGATGATCTAAAATCTAACACTGAGTACCACAAGTACCAATCCAACTCTATTCAGATCCAGTGGTTTTG
23892	25178	24224	25510	23895	24227	ENSMUST00000026292	CTTTACTGAGCAGGAATTAGAGCTGCTCATATCAGGGCTGCCTACCATCGACATTGATGATCTAAAATCTAACACTGAGTACCACAAGTACCAATCCAACTCTATTCAGATCCAGTGGTTTTG
4432	8690	31710	35968	4471	31749	ENSMUST00000030691	AAAATAACCAGAGACTCTAAGGATCACACAGTTTCAGGTAATGGGCTAGGAATTAGAATTGTTGGTGGTAAAGAAATTCCTGGACATAGTGGAGAAATTGGAGCCTATATTGCTAAGATTCTTC
9205	26154	9330	26279	9368	9493	ENSMUST00000107976	CTGGCAGCAGGCTCTGGTAGTCCACGTCTCCTTCCAACCAGCAGAGTAAAGGCACAGACACAGTTGTGCACCGCATATGTATTCAGAGAGACACAAGTATGTAGAGTCATTCATGGCCCAGAGCG
10914	11332	11039	11457	10916	11041	ENSMUST00000101018	ATACCAGAGGCCAGCCTGAACTTCCAGAAAGTGCCGCCTGGCTCTATGAACTCTCACAACTTGGACCAGAACATGAATGACAGCCGAGACGATGCTCTGACCAACAAGACGAGGCCTCGGAACCG
48234	49348	48967	50081	48276	49009	ENSMUST00000182597	CAAATAAAGCTGTTGACAGCACTTTGAAAACAAGGATCCTGGCCTCTGAGCCTGACAATGCAGAAGGAATCCATAACTTTGCACCACTTGGTACCATCACTTCTAGTAGTCCTACTGCCCAGCCA
29203	30252	29936	30985	29221	29954	ENSMUST00000182597	CAAATAAAGCTGTTGACAGCACTTTGAAAACAAGGATCCTGGCCTCTGAGCCTGACAATGCAGAAGGAATCCATAACTTTGCACCACTTGGTACCATCACTTCTAGTAGTCCTACTGCCCAGCCA
46223	51552	47274	52603	46227	47278	ENSMUST00000026292	ACTACACTTTGAATTTTATGCAGATCCTGGAGCTGAGGTCAAAATTGAGAAGAGGACAACTAGTAATACACTACATTATATTCACATAGAACAACTTGACAAGATTTCAGAAAGTCCTTCTGAAATAA
46223	51132	47274	52183	46227	47278	ENSMUST00000026292	ACTACACTTTGAATTTTATGCAGATCCTGGAGCTGAGGTCAAAATTGAGAAGAGGACAACTAGTAATACACTACATTATATTCACATAGAACAACTTGACAAGATTTCAGAAAGTCCTTCTGAAATAA
46223	48696	47274	49747	46227	47278	ENSMUST00000026292	ACTACACTTTGAATTTTATGCAGATCCTGGAGCTGAGGTCAAAATTGAGAAGAGGACAACTAGTAATACACTACATTATATTCACATAGAACAACTTGACAAGATTTCAGAAAGTCCTTCTGAAATAA
46223	47958	47274	49009	46227	47278	ENSMUST00000026292	ACTACACTTTGAATTTTATGCAGATCCTGGAGCTGAGGTCAAAATTGAGAAGAGGACAACTAGTAATACACTACATTATATTCACATAGAACAACTTGACAAGATTTCAGAAAGTCCTTCTGAAATAA
-45948	-44755	-44897	-43704	-45945	-44894	ENSMUST00000026292	ACTACACTTTGAATTTTATGCAGATCCTGGAGCTGAGGTCAAAATTGAGAAGAGGACAACTAGTAATACACTACATTATATTCACATAGAACAACTTGACAAGATTTCAGAAAGTCCTTCTGAAATAA
-56232	-54946	-55181	-53895	-56229	-55178	ENSMUST00000026292	ACTACACTTTGAATTTTATGCAGATCCTGGAGCTGAGGTCAAAATTGAGAAGAGGACAACTAGTAATACACTACATTATATTCACATAGAACAACTTGACAAGATTTCAGAAAGTCCTTCTGAAATAA
37412	39356	37546	39490	37415	37549	ENSMUST00000114018	ATCACACAGTCCCCAAGCAGGTCCAGCGTGGCATCACCCCGACGACTCAGCAACGTCTCATCTTCTGGAAGCATCAACCTGCTCGAATCCCCTCAGCTTGCCACTTTGGCTGAGGATGTCACTGCGGCGCTTGC
18721	37337	18855	37471	18724	18858	ENSMUST00000114018	ATCACACAGTCCCCAAGCAGGTCCAGCGTGGCATCACCCCGACGACTCAGCAACGTCTCATCTTCTGGAAGCATCAACCTGCTCGAATCCCCTCAGCTTGCCACTTTGGCTGAGGATGTCACTGCGGCGCTTGC
37412	39356	37546	39490	37415	37549	ENSMUST00000114018	ATCACACAGTCCCCAAGCAGGTCCAGCGTGGCATCACCCCGACGACTCAGCAACGTCTCATCTTCTGGAAGCATCAACCTGCTCGAATCCCCTCAGCTTGCCACTTTGGCTGAGGATGTCACTGCGGCGCTTGC
18721	37337	18855	37471	18724	18858	ENSMUST00000114018	ATCACACAGTCCCCAAGCAGGTCCAGCGTGGCATCACCCCGACGACTCAGCAACGTCTCATCTTCTGGAAGCATCAACCTGCTCGAATCCCCTCAGCTTGCCACTTTGGCTGAGGATGTCACTGCGGCGCTTGC
84752	90081	84888	90217	84756	84892	ENSMUST00000026292	AAACAGGAAACCGACGCCCTGTGATGCTGACTCTCCTCAGGGTGCCACGACTGAGTAAGAACTCAAAAAGCAGCAATGGACAGGAACTAGAGAAGACACTGGAAGAAAGCAAGGAGACCGATATCAAACATAAAGA
84752	89661	84888	89797	84756	84892	ENSMUST00000026292	AAACAGGAAACCGACGCCCTGTGATGCTGACTCTCCTCAGGGTGCCACGACTGAGTAAGAACTCAAAAAGCAGCAATGGACAGGAACTAGAGAAGACACTGGAAGAAAGCAAGGAGACCGATATCAAACATAAAGA
84752	87225	84888	87361	84756	84892	ENSMUST00000026292	AAACAGGAAACCGACGCCCTGTGATGCTGACTCTCCTCAGGGTGCCACGACTGAGTAAGAACTCAAAAAGCAGCAATGGACAGGAACTAGAGAAGACACTGGAAGAAAGCAAGGAGACCGATATCAAACATAAAGA
84752	86487	84888	86623	84756	84892	ENSMUST00000026292	AAACAGGAAACCGACGCCCTGTGATGCTGACTCTCCTCAGGGTGCCACGACTGAGTAAGAACTCAAAAAGCAGCAATGGACAGGAACTAGAGAAGACACTGGAAGAAAGCAAGGAGACCGATATCAAACATAAAGA
-7419	-6226	-7283	-6090	-7416	-7280	ENSMUST00000026292	AAACAGGAAACCGACGCCCTGTGATGCTGACTCTCCTCAGGGTGCCACGACTGAGTAAGAACTCAAAAAGCAGCAATGGACAGGAACTAGAGAAGACACTGGAAGAAAGCAAGGAGACCGATATCAAACATAAAGA
-17703	-16417	-17567	-16281	-17700	-17564	ENSMUST00000026292	AAACAGGAAACCGACGCCCTGTGATGCTGACTCTCCTCAGGGTGCCACGACTGAGTAAGAACTCAAAAAGCAGCAATGGACAGGAACTAGAGAAGACACTGGAAGAAAGCAAGGAGACCGATATCAAACATAAAGA
-9355	-6600	-7877	-5122	-9352	-7874	ENSMUST00000095087	CTGGACAGGGATAGTGGGCAGTGCTCACGGAACACAAGCTGTGAAACACTAGATCACTACGACCCCGACTATGAATTCCTCCAGCAAGATCTCTCCAATGCAGACCAGATCCCTCCACAGGCAGCCTGTAACCTCAG
-32776	-32119	-31298	-30641	-32619	-31141	ENSMUST00000095087	CTGGACAGGGATAGTGGGCAGTGCTCACGGAACACAAGCTGTGAAACACTAGATCACTACGACCCCGACTATGAATTCCTCCAGCAAGATCTCTCCAATGCAGACCAGATCCCTCCACAGGCAGCCTGTAACCTCAG
-24344	-23887	-20200	-19743	-24341	-20197	ENSMUST00000069817	CGTGGCACGGCCAGTGCGCCCACTGAGGCAGCTGGTGGAGAGGGCACCAAGGCCCACCATCATCAACGCGGAAAACCTGAAGGGCTTGGATGATCTGGACACTGATGCGGATGATGGGTGGGCAGGCCTCCACGAGGAAG
-26211	-25304	-22067	-21160	-26207	-22063	ENSMUST00000069817	CGTGGCACGGCCAGTGCGCCCACTGAGGCAGCTGGTGGAGAGGGCACCAAGGCCCACCATCATCAACGCGGAAAACCTGAAGGGCTTGGATGATCTGGACACTGATGCGGATGATGGGTGGGCAGGCCTCCACGAGGAAG
-24344	-23887	-20200	-19743	-24341	-20197	ENSMUST00000069817	CGTGGCACGGCCAGTGCGCCCACTGAGGCAGCTGGTGGAGAGGGCACCAAGGCCCACCATCATCAACGCGGAAAACCTGAAGGGCTTGGATGATCTGGACACTGATGCGGATGATGGGTGGGCAGGCCTCCACGAGGAAG
-26211	-25304	-22067	-21160	-26207	-22063	ENSMUST00000069817	CGTGGCACGGCCAGTGCGCCCACTGAGGCAGCTGGTGGAGAGGGCACCAAGGCCCACCATCATCAACGCGGAAAACCTGAAGGGCTTGGATGATCTGGACACTGATGCGGATGATGGGTGGGCAGGCCTCCACGAGGAAG
126	310	266	450	129	269	ENSMUST00000165335	AGATCTTTTTTCCTTCACTTATTGCTGAAACCAAGAGCACAATTCCCATTAAGAGAAGGATCTCTGTGCTGTAAACTAAACAAATTGTGCATTTTTTCTGGGGCCATTGTTTTTGGTTTATTTTGTTATTTTGTTTTGTT
-41450	-37192	-41305	-37047	-41411	-41266	ENSMUST00000182407	GCCCATGAATCTCTGATATTGACCTACTCTGAGCCTTCAGAGAGTGCTACGTCTGTCCCACCTTCTGACACACCTTCTCTCACATCATCTATTTCTTCAGTTTGTACCACAGATAGCTCCTCACCTGTCACTACCCTCGATAGCC
33615	35584	34497	36466	33618	34500	ENSMUST00000098070	TGCTCCTTTTACACCGGCTTTAAATCTGCTTTTACTATGCACGTGGAAGCTGGGCATTCGGCGGTCCCGGAGGAAGGCCCCAAAGATCTCCGCTGTCCTCTCTGCCTCTATCACACCAAATACAAACGCAACATGATCGACCACA
33435	35584	34317	36466	33618	34500	ENSMUST00000098070	TGCTCCTTTTACACCGGCTTTAAATCTGCTTTTACTATGCACGTGGAAGCTGGGCATTCGGCGGTCCCGGAGGAAGGCCCCAAAGATCTCCGCTGTCCTCTCTGCCTCTATCACACCAAATACAAACGCAACATGATCGACCACA
33435	35584	34317	36466	33615	34497	ENSMUST00000098070	TGCTCCTTTTACACCGGCTTTAAATCTGCTTTTACTATGCACGTGGAAGCTGGGCATTCGGCGGTCCCGGAGGAAGGCCCCAAAGATCTCCGCTGTCCTCTCTGCCTCTATCACACCAAATACAAACGCAACATGATCGACCACA
12602	26611	12748	26757	13335	13481	ENSMUST00000043082	TTTATGCTGGGATTGTTTCACATGCCGCTGGATGAATGTGAGGAACTCTATCGAAAGTTGGGCTCAGATGTGTTCACACAGAATGTCATTGTCGGGACCGTCAAAATGAGTTGGAGCCATGCGTTTTATGACAGTAACACGTGGGA
9094	9366	9248	9520	9222	9376	ENSMUST00000007130	TAGTGTTATGTTCTAGTGAACCTGCTACAGCAATTTCTGATTTCTAAGAACCGAGTAATGGTGTAGAACACTAATTCATAATCACGCTAATTGTAATCTGGAGACGTGTAACATTGTGTAGCCTTTTGTATAAATAGACAGATAGAAATGGTCC
3006	4143	3160	4297	3009	3163	ENSMUST00000007130	TAGTGTTATGTTCTAGTGAACCTGCTACAGCAATTTCTGATTTCTAAGAACCGAGTAATGGTGTAGAACACTAATTCATAATCACGCTAATTGTAATCTGGAGACGTGTAACATTGTGTAGCCTTTTGTATAAATAGACAGATAGAAATGGTCC
32395	32788	33131	33524	32409	33145	ENSMUST00000042035	CTTGCACTTCTTCTTCCTGTCCTCATTTTGCTGGGTGCTCACCGAGGCCTGGCAATCCTACATGGCCGTCACCGGCCGCCTCCGGAGCCGGCTCGTCCGCAAACGCTTTCTCTGCCTGGGCTGGGGGCTCCCTGCACTGGTGGTGGCCATTTCTG
-8563	-2067	-7827	-1331	-8463	-7727	ENSMUST00000042035	CTTGCACTTCTTCTTCCTGTCCTCATTTTGCTGGGTGCTCACCGAGGCCTGGCAATCCTACATGGCCGTCACCGGCCGCCTCCGGAGCCGGCTCGTCCGCAAACGCTTTCTCTGCCTGGGCTGGGGGCTCCCTGCACTGGTGGTGGCCATTTCTG
-8563	-3823	-7827	-3087	-8463	-7727	ENSMUST00000042035	CTTGCACTTCTTCTTCCTGTCCTCATTTTGCTGGGTGCTCACCGAGGCCTGGCAATCCTACATGGCCGTCACCGGCCGCCTCCGGAGCCGGCTCGTCCGCAAACGCTTTCTCTGCCTGGGCTGGGGGCTCCCTGCACTGGTGGTGGCCATTTCTG
-8563	-5392	-7827	-4656	-8463	-7727	ENSMUST00000042035	CTTGCACTTCTTCTTCCTGTCCTCATTTTGCTGGGTGCTCACCGAGGCCTGGCAATCCTACATGGCCGTCACCGGCCGCCTCCGGAGCCGGCTCGTCCGCAAACGCTTTCTCTGCCTGGGCTGGGGGCTCCCTGCACTGGTGGTGGCCATTTCTG
4174	4446	4407	4679	4302	4535	ENSMUST00000007130	CTTGTTCAAAACTGTCTTTGGACTCTCAGAAACCTTTCAGATGCAGCGACTAAGCAGGAAGGGATGGAAGGCCTCCTTGGGACTCTAGTGCAGCTTCTGGGTTCCGATGATATAAATGTGGTCACCTGTGCAGCTGGAATTCTCTCTAACCTCACT
-1914	-777	-1681	-544	-1911	-1678	ENSMUST00000007130	CTTGTTCAAAACTGTCTTTGGACTCTCAGAAACCTTTCAGATGCAGCGACTAAGCAGGAAGGGATGGAAGGCCTCCTTGGGACTCTAGTGCAGCTTCTGGGTTCCGATGATATAAATGTGGTCACCTGTGCAGCTGGAATTCTCTCTAACCTCACT
46306	48898	46463	49055	46383	46540	ENSMUST00000102754	CTAAACGACCTTCTTATAGAGCCGAACAGTACCCTGGGTCCCCGGACTCCTGGGTGTAGCATCAAGACGGCTGCCTGCTGAGGGGCGCTTTCCTTCTGACTCTGTTTGGATTGAGGGGAAGTCCGTCTTGCTGATGATGGTGACCGTGAAAGTGAAA
46301	48898	46458	49055	46383	46540	ENSMUST00000102754	CTAAACGACCTTCTTATAGAGCCGAACAGTACCCTGGGTCCCCGGACTCCTGGGTGTAGCATCAAGACGGCTGCCTGCTGAGGGGCGCTTTCCTTCTGACTCTGTTTGGATTGAGGGGAAGTCCGTCTTGCTGATGATGGTGACCGTGAAAGTGAAA
46301	48898	46458	49055	46306	46463	ENSMUST00000102754	CTAAACGACCTTCTTATAGAGCCGAACAGTACCCTGGGTCCCCGGACTCCTGGGTGTAGCATCAAGACGGCTGCCTGCTGAGGGGCGCTTTCCTTCTGACTCTGTTTGGATTGAGGGGAAGTCCGTCTTGCTGATGATGGTGACCGTGAAAGTGAAA
42694	44100	42851	44257	42697	42854	ENSMUST00000102754	CTAAACGACCTTCTTATAGAGCCGAACAGTACCCTGGGTCCCCGGACTCCTGGGTGTAGCATCAAGACGGCTGCCTGCTGAGGGGCGCTTTCCTTCTGACTCTGTTTGGATTGAGGGGAAGTCCGTCTTGCTGATGATGGTGACCGTGAAAGTGAAA
-146828	-146354	-139832	-139358	-146825	-139829	ENSMUST00000071325	GTCACTCAGTTGAACTTCGCAATATGTTTGGTGAAACACTTCATAAAGCAGTGCAAGGCTGTGGAGCGCACCCAGCAATACGAATGGCACCAAGTCTCACCTTTAAAGAAAAGGTAACAAGCCTTAAATTTAAAGAAAAGCCTACAGACCTAGAGACAAGGAGCTAC
-146828	-146354	-139832	-139358	-146825	-139829	ENSMUST00000071325	GTCACTCAGTTGAACTTCGCAATATGTTTGGTGAAACACTTCATAAAGCAGTGCAAGGCTGTGGAGCGCACCCAGCAATACGAATGGCACCAAGTCTCACCTTTAAAGAAAAGGTAACAAGCCTTAAATTTAAAGAAAAGCCTACAGACCTAGAGACAAGGAGCTAC
-14403	-13929	-11498	-11024	-14400	-11495	ENSMUST00000071325	CTTTTGGGTTGCTGTGGCTGTGCTGCAGCTGGACGAAGTCAACTTGTATTCAGCCGGCACTGCACTTCTGGAACAAAACCTGCACACCTTGGACAGTCTCCGGATATTCAATGACAAGAGTCCGGAAGAAGTATTTATGGCGATCCGGAATCCTCTGGAATGGCACTGC
-14403	-13929	-11498	-11024	-14400	-11495	ENSMUST00000071325	CTTTTGGGTTGCTGTGGCTGTGCTGCAGCTGGACGAAGTCAACTTGTATTCAGCCGGCACTGCACTTCTGGAACAAAACCTGCACACCTTGGACAGTCTCCGGATATTCAATGACAAGAGTCCGGAAGAAGTATTTATGGCGATCCGGAATCCTCTGGAATGGCACTGC
11582	12039	11751	12208	11585	11754	ENSMUST00000069817	AGGGATGGTGTGCCACACCAGCCTGGACAGCCACCGCCTGGCTTGGACAGAGCTCTCTTCCATTCACGAAAGCTCCTGAGAGTTCCATCGTCAGCCAGCCTGCATCGTGGACATGTGGCTTTGACCTGCTTGCTTTGGTACAAAAGAGCAGACTTCCTCCTTCCCACCC
9715	10622	9884	10791	9719	9888	ENSMUST00000069817	AGGGATGGTGTGCCACACCAGCCTGGACAGCCACCGCCTGGCTTGGACAGAGCTCTCTTCCATTCACGAAAGCTCCTGAGAGTTCCATCGTCAGCCAGCCTGCATCGTGGACATGTGGCTTTGACCTGCTTGCTTTGGTACAAAAGAGCAGACTTCCTCCTTCCCACCC
32178	39681	32348	39851	32217	32387	ENSMUST00000232395	CATACCTTCCTTTTCAAGGATTTGGCATCACCCAGCGACCAGCGTACATTAACATGGTACCTAGCCTGTCGCAGTTCACTAGCATTTACACACCTTTGGCCAACATTTCTTCTGAGTATCCAATGCAAAGATCCATGCCAGTGGTGCCATCTTTTGTAGCCAGCAACAGA
32178	33320	32348	33490	32217	32387	ENSMUST00000232395	CATACCTTCCTTTTCAAGGATTTGGCATCACCCAGCGACCAGCGTACATTAACATGGTACCTAGCCTGTCGCAGTTCACTAGCATTTACACACCTTTGGCCAACATTTCTTCTGAGTATCCAATGCAAAGATCCATGCCAGTGGTGCCATCTTTTGTAGCCAGCAACAGA
3862	7503	4032	7673	3865	4035	ENSMUST00000232395	CATACCTTCCTTTTCAAGGATTTGGCATCACCCAGCGACCAGCGTACATTAACATGGTACCTAGCCTGTCGCAGTTCACTAGCATTTACACACCTTTGGCCAACATTTCTTCTGAGTATCCAATGCAAAGATCCATGCCAGTGGTGCCATCTTTTGTAGCCAGCAACAGA
-16712	-14983	-16542	-14813	-16668	-16498	ENSMUST00000232395	CATACCTTCCTTTTCAAGGATTTGGCATCACCCAGCGACCAGCGTACATTAACATGGTACCTAGCCTGTCGCAGTTCACTAGCATTTACACACCTTTGGCCAACATTTCTTCTGAGTATCCAATGCAAAGATCCATGCCAGTGGTGCCATCTTTTGTAGCCAGCAACAGA
32178	39681	32348	39851	32217	32387	ENSMUST00000232395	CATACCTTCCTTTTCAAGGATTTGGCATCACCCAGCGACCAGCGTACATTAACATGGTACCTAGCCTGTCGCAGTTCACTAGCATTTACACACCTTTGGCCAACATTTCTTCTGAGTATCCAATGCAAAGATCCATGCCAGTGGTGCCATCTTTTGTAGCCAGCAACAGA
32178	33320	32348	33490	32217	32387	ENSMUST00000232395	CATACCTTCCTTTTCAAGGATTTGGCATCACCCAGCGACCAGCGTACATTAACATGGTACCTAGCCTGTCGCAGTTCACTAGCATTTACACACCTTTGGCCAACATTTCTTCTGAGTATCCAATGCAAAGATCCATGCCAGTGGTGCCATCTTTTGTAGCCAGCAACAGA
3862	7503	4032	7673	3865	4035	ENSMUST00000232395	CATACCTTCCTTTTCAAGGATTTGGCATCACCCAGCGACCAGCGTACATTAACATGGTACCTAGCCTGTCGCAGTTCACTAGCATTTACACACCTTTGGCCAACATTTCTTCTGAGTATCCAATGCAAAGATCCATGCCAGTGGTGCCATCTTTTGTAGCCAGCAACAGA
-16712	-14983	-16542	-14813	-16668	-16498	ENSMUST00000232395	CATACCTTCCTTTTCAAGGATTTGGCATCACCCAGCGACCAGCGTACATTAACATGGTACCTAGCCTGTCGCAGTTCACTAGCATTTACACACCTTTGGCCAACATTTCTTCTGAGTATCCAATGCAAAGATCCATGCCAGTGGTGCCATCTTTTGTAGCCAGCAACAGA
32178	39681	32348	39851	32217	32387	ENSMUST00000232395	CATACCTTCCTTTTCAAGGATTTGGCATCACCCAGCGACCAGCGTACATTAACATGGTACCTAGCCTGTCGCAGTTCACTAGCATTTACACACCTTTGGCCAACATTTCTTCTGAGTATCCAATGCAAAGATCCATGCCAGTGGTGCCATCTTTTGTAGCCAGCAACAGA
32178	33320	32348	33490	32217	32387	ENSMUST00000232395	CATACCTTCCTTTTCAAGGATTTGGCATCACCCAGCGACCAGCGTACATTAACATGGTACCTAGCCTGTCGCAGTTCACTAGCATTTACACACCTTTGGCCAACATTTCTTCTGAGTATCCAATGCAAAGATCCATGCCAGTGGTGCCATCTTTTGTAGCCAGCAACAGA
3862	7503	4032	7673	3865	4035	ENSMUST00000232395	CATACCTTCCTTTTCAAGGATTTGGCATCACCCAGCGACCAGCGTACATTAACATGGTACCTAGCCTGTCGCAGTTCACTAGCATTTACACACCTTTGGCCAACATTTCTTCTGAGTATCCAATGCAAAGATCCATGCCAGTGGTGCCATCTTTTGTAGCCAGCAACAGA
-16712	-14983	-16542	-14813	-16668	-16498	ENSMUST00000232395	CATACCTTCCTTTTCAAGGATTTGGCATCACCCAGCGACCAGCGTACATTAACATGGTACCTAGCCTGTCGCAGTTCACTAGCATTTACACACCTTTGGCCAACATTTCTTCTGAGTATCCAATGCAAAGATCCATGCCAGTGGTGCCATCTTTTGTAGCCAGCAACAGA
-7096	-6639	-6329	-5872	-7093	-6326	ENSMUST00000069817	GCTGTCGCTCTGAAGATCAAAACTGTGTGCCCTCGCTCCAAGAACGGAAAGTGACCGCCCTCGACCCAGCTCCTGTGTGGAGCCCAGAGGGCTACATGGCACTGCAGAACAAAGGCTACTCACTGCCCCACCCGAAGTCTGCTGACACTCTGGCCATGGGCATGCATGTCAG
-8963	-8056	-8196	-7289	-8959	-8192	ENSMUST00000069817	GCTGTCGCTCTGAAGATCAAAACTGTGTGCCCTCGCTCCAAGAACGGAAAGTGACCGCCCTCGACCCAGCTCCTGTGTGGAGCCCAGAGGGCTACATGGCACTGCAGAACAAAGGCTACTCACTGCCCCACCCGAAGTCTGCTGACACTCTGGCCATGGGCATGCATGTCAG
9702	11671	10128	12097	9705	10131	ENSMUST00000077609	AAGATGGACTCCAGGGGCGAGCACAGACAGGATCGCAGGGAGAGGCCATATTAGCCTGGCTCCTGAAGTTCTGGAACTCTTCCTGTACCCAGTGTTACCCTTGTTATTTTGTAAACTTACAATTCAGGATCGCTCATGGATATTTTTTTTTGGGGGGGGTGGGGCGGTTGTGTGTGTATGTGTGTGTGTGT
35	7403	1601	8969	38	1604	ENSMUST00000087871	AACCTGAAGGAGGCCATTGAAACCATTGTGGCCGCCATGAGCAACCTGGTGCCCCCTGTGGAGCTGGCCAACCCTGAGAACCAGTTCAGAGTGGACTACATTCTGAGCGTGATGAACGTGCCGAACTTTGACTTCCCACCTGAATTCTATGAGCATGCCAAGGCTCTGTGGGAGGATGAGGGAGTGCGTGCCTG
-26366	-26122	-25968	-25724	-26361	-25963	ENSMUST00000107935	ATGTGCAGCTTGGGACGTCTGACAAGGTGGCAAGGCTGCTGGACAAGGGGCTGGACCCCAACTACCACGACTCAGATTCAGGAGAGACACCTTTGACCCTGGCGGCCCAGACTGAAGGCTCAGTAGAGGTGATTCGGACGCTGTGCCTGGGCGGGGCGCATATAGACTTCAGGGCCCGGGATGGCATGACAGCGCT
-26366	-26122	-25968	-25724	-26361	-25963	ENSMUST00000107935	ATGTGCAGCTTGGGACGTCTGACAAGGTGGCAAGGCTGCTGGACAAGGGGCTGGACCCCAACTACCACGACTCAGATTCAGGAGAGACACCTTTGACCCTGGCGGCCCAGACTGAAGGCTCAGTAGAGGTGATTCGGACGCTGTGCCTGGGCGGGGCGCATATAGACTTCAGGGCCCGGGATGGCATGACAGCGCT
113358	118687	113556	118885	113362	113560	ENSMUST00000026292	CGGGAACGGGGCAGTAAGCAGGCCTGCAGCCCATGCTCCTCACAGTCCTCCAGCAGTGGCATCTGTACAGACTTCTGGGACTTATTGGTAAAACTGGACAACATGAATGTTAGCCGAAAAGGCAAGAACTCCGTGAAGTCAGTACCAGTGAGCTCTGGTGGTGAAGGGGAAACTTCCCCACACAGCCTTGAAGCCTCT
113358	118267	113556	118465	113362	113560	ENSMUST00000026292	CGGGAACGGGGCAGTAAGCAGGCCTGCAGCCCATGCTCCTCACAGTCCTCCAGCAGTGGCATCTGTACAGACTTCTGGGACTTATTGGTAAAACTGGACAACATGAATGTTAGCCGAAAAGGCAAGAACTCCGTGAAGTCAGTACCAGTGAGCTCTGGTGGTGAAGGGGAAACTTCCCCACACAGCCTTGAAGCCTCT
113358	115831	113556	116029	113362	113560	ENSMUST00000026292	CGGGAACGGGGCAGTAAGCAGGCCTGCAGCCCATGCTCCTCACAGTCCTCCAGCAGTGGCATCTGTACAGACTTCTGGGACTTATTGGTAAAACTGGACAACATGAATGTTAGCCGAAAAGGCAAGAACTCCGTGAAGTCAGTACCAGTGAGCTCTGGTGGTGAAGGGGAAACTTCCCCACACAGCCTTGAAGCCTCT
113358	115093	113556	115291	113362	113560	ENSMUST00000026292	CGGGAACGGGGCAGTAAGCAGGCCTGCAGCCCATGCTCCTCACAGTCCTCCAGCAGTGGCATCTGTACAGACTTCTGGGACTTATTGGTAAAACTGGACAACATGAATGTTAGCCGAAAAGGCAAGAACTCCGTGAAGTCAGTACCAGTGAGCTCTGGTGGTGAAGGGGAAACTTCCCCACACAGCCTTGAAGCCTCT
21187	22380	21385	22578	21190	21388	ENSMUST00000026292	CGGGAACGGGGCAGTAAGCAGGCCTGCAGCCCATGCTCCTCACAGTCCTCCAGCAGTGGCATCTGTACAGACTTCTGGGACTTATTGGTAAAACTGGACAACATGAATGTTAGCCGAAAAGGCAAGAACTCCGTGAAGTCAGTACCAGTGAGCTCTGGTGGTGAAGGGGAAACTTCCCCACACAGCCTTGAAGCCTCT
10903	12189	11101	12387	10906	11104	ENSMUST00000026292	CGGGAACGGGGCAGTAAGCAGGCCTGCAGCCCATGCTCCTCACAGTCCTCCAGCAGTGGCATCTGTACAGACTTCTGGGACTTATTGGTAAAACTGGACAACATGAATGTTAGCCGAAAAGGCAAGAACTCCGTGAAGTCAGTACCAGTGAGCTCTGGTGGTGAAGGGGAAACTTCCCCACACAGCCTTGAAGCCTCT
-14912	-14455	-12684	-12227	-14909	-12681	ENSMUST00000036691	ATGGGCCTGTTGTCCGCAAAGGCTCCCCAGAGTTCCCTGTCCAAGAAGCACCCACCATGTTCTTGGAAGAGACACCTGCAACATCCCCAACAGTCGCTCAGAGCAATAGCAGCAGCAGCAGTAGCAGCAGTAGCAGCATCGAGGAGGAAGTCCGGGAGTCCGGGTCCCCTGCACAGGAGTTCAGCAAGTACCAGAAGTCCCTTCCTCCCCGTTTCCA
-16779	-15872	-14551	-13644	-16775	-14547	ENSMUST00000036691	ATGGGCCTGTTGTCCGCAAAGGCTCCCCAGAGTTCCCTGTCCAAGAAGCACCCACCATGTTCTTGGAAGAGACACCTGCAACATCCCCAACAGTCGCTCAGAGCAATAGCAGCAGCAGCAGTAGCAGCAGTAGCAGCATCGAGGAGGAAGTCCGGGAGTCCGGGTCCCCTGCACAGGAGTTCAGCAAGTACCAGAAGTCCCTTCCTCCCCGTTTCCA
1520	1704	1762	1946	1523	1765	ENSMUST00000105616	CCCTCATAGCAGTAGTGGCTTCGCCATTCTGTTTTCTGCAGTGTCCTGTACAAAACTGTGCTGTGACTGTGCGGTAGGCCTGGACATGGCAAAGAGAATACAGCGAAGCCCCTTCTCTTCCTACCAAACAACTCTGTAGAGCTCTCTGCACCCTGTACCCTTTTCACCTTTTGTATTTAATTTTAAAGTCAGTGTACTGCAAGGAGGCTGGATGCAAGATAGATACTATATTAAACTGTACT
66471	73353	66718	73600	66474	66721	ENSMUST00000113462	AGGTGTCCGGCCTCTACTACAATGGGCTCAAGGTACTGGCGCTGGCCGCCGAGAGCGACCCCAATGTGCGGACCGAAGGCCACCTACGGCTAGTAGGGGAGGGGCCGTCCGTGCTGCTCAGTGCTGAGACCACTGCCACCACTCTGCTGGCCGACATGGCCACCACCATCATGGAGACCACCACCACCATGGCCACCACCACTACTCGCCGGGGCCGTTCCCCCACAATGAGGGACAGCACCACCCAGA
66471	68717	66718	68964	66474	66721	ENSMUST00000113462	AGGTGTCCGGCCTCTACTACAATGGGCTCAAGGTACTGGCGCTGGCCGCCGAGAGCGACCCCAATGTGCGGACCGAAGGCCACCTACGGCTAGTAGGGGAGGGGCCGTCCGTGCTGCTCAGTGCTGAGACCACTGCCACCACTCTGCTGGCCGACATGGCCACCACCATCATGGAGACCACCACCACCATGGCCACCACCACTACTCGCCGGGGCCGTTCCCCCACAATGAGGGACAGCACCACCCAGA
66471	73353	66718	73600	66474	66721	ENSMUST00000113462	AGGTGTCCGGCCTCTACTACAATGGGCTCAAGGTACTGGCGCTGGCCGCCGAGAGCGACCCCAATGTGCGGACCGAAGGCCACCTACGGCTAGTAGGGGAGGGGCCGTCCGTGCTGCTCAGTGCTGAGACCACTGCCACCACTCTGCTGGCCGACATGGCCACCACCATCATGGAGACCACCACCACCATGGCCACCACCACTACTCGCCGGGGCCGTTCCCCCACAATGAGGGACAGCACCACCCAGA
66471	68717	66718	68964	66474	66721	ENSMUST00000113462	AGGTGTCCGGCCTCTACTACAATGGGCTCAAGGTACTGGCGCTGGCCGCCGAGAGCGACCCCAATGTGCGGACCGAAGGCCACCTACGGCTAGTAGGGGAGGGGCCGTCCGTGCTGCTCAGTGCTGAGACCACTGCCACCACTCTGCTGGCCGACATGGCCACCACCATCATGGAGACCACCACCACCATGGCCACCACCACTACTCGCCGGGGCCGTTCCCCCACAATGAGGGACAGCACCACCCAGA
