start_genomic-shortSplice	transcript_ID	prot_seq
5	ENSMUST00000065308	GAAGAGGTTAATCATGTTA
-449	ENSMUST00000065308	GAAGAGGTTAATCATGTTA
-3353	ENSMUST00000196398	AGTCTCTTGCTGAGAACAC
-3353	ENSMUST00000196398	AGTCTCTTGCTGAGAACAC
-450	ENSMUST00000055833	CTGATCAGACTCCAACGCC
1335	ENSMUST00000106535	TTGCGCGGAGGTTCCGTCT
-2562*	ENSMUST00000050166	AAGCTAATAAGACAATAGA
-1479	ENSMUST00000121146	GGATCTGAAGGAAGAAAAT
-203	ENSMUST00000107127	GCGCGGCGACTTCCCCACT
-203	ENSMUST00000107127	GCGCGGCGACTTCCCCACT
1540	ENSMUST00000103176	GGCCGGACATGGTGAATGG
576	ENSMUST00000102925	CACTCGCCTGGGCGTCACA
-6958*	ENSMUST00000168645	AAGAGTTTTCCAAAACAGA
-6496	ENSMUST00000181535	AATACAGGTGCTATGCAACC
-6496	ENSMUST00000181535	AATACAGGTGCTATGCAACC
1066	ENSMUST00000034529	GGTTTGATCTATTTTCGGAT
656	ENSMUST00000034529	GGTTTGATCTATTTTCGGAT
-109	ENSMUST00000103140	GCTCAGTGCCATCTCGCTGA
-382	ENSMUST00000103140	GCTCAGTGCCATCTCGCTGA
-109	ENSMUST00000103140	GCTCAGTGCCATCTCGCTGA
-382	ENSMUST00000103140	GCTCAGTGCCATCTCGCTGA
-4170	ENSMUST00000193703	TTAAACTTCTTTTAGTAGAG
-28	ENSMUST00000076493	ATATCCAACTACGTGGCAGC
-28	ENSMUST00000076493	ATATCCAACTACGTGGCAGC
-1152	ENSMUST00000040383	TGGCCTTTGACCAAGAGCGG
-1058	ENSMUST00000179243	CAGGATTCCAGGGAGGGGCC
-4092	ENSMUST00000111945	CCTTCAGGGTTATGTGCTTA
-4122	ENSMUST00000111945	CCTTCAGGGTTATGTGCTTA
-1667	ENSMUST00000199808	CTTTAGAGGCCTTGGAAGAG
-1667	ENSMUST00000199808	CTTTAGAGGCCTTGGAAGAG
107	ENSMUST00000064307	GGTGTGACCATCTGGGAGCT
-3375	ENSMUST00000112007	TTCTGCAGAGTCCCTATTGT
2409	ENSMUST00000107152	ACCCAACTTAAAAGTACGTT
2027	ENSMUST00000107152	ACCCAACTTAAAAGTACGTT
-850	ENSMUST00000107152	ACCCAACTTAAAAGTACGTT
-850	ENSMUST00000107152	ACCCAACTTAAAAGTACGTT
-850	ENSMUST00000107152	ACCCAACTTAAAAGTACGTT
-853	ENSMUST00000107152	ACCCAACTTAAAAGTACGTT
-850	ENSMUST00000107152	ACCCAACTTAAAAGTACGTT
-850	ENSMUST00000107152	ACCCAACTTAAAAGTACGTT
-3178	ENSMUST00000063577	CGACAGAGGAAAGGGCGAGA
-3444	ENSMUST00000109266	TATATCAGAAAAAAGAAATT
-5658*	ENSMUST00000115388	AGGATGTGGTGTGGTTTCTTC
79	ENSMUST00000054538	AGCCTGACTCTGGCTATCAGA
-1473	ENSMUST00000044152	AGCAGAAAACAGCCCATCTGA
-2056*	ENSMUST00000021614	CCGCATTAAACAGTCAGCCAG
-602	ENSMUST00000022765	TGATTTCTCATTGCTCTTCTG
-602	ENSMUST00000022765	TGATTTCTCATTGCTCTTCTG
1882	ENSMUST00000032179	AGGCCATTGAAGCCTTGCACC
-2551	ENSMUST00000032179	AGGCCATTGAAGCCTTGCACC
2377	ENSMUST00000110570	GCGAACGTGTCTCCCGGTGAC
1695	ENSMUST00000110570	GCGAACGTGTCTCCCGGTGAC
ERROR_Not on the same transcript	ENSMUST00000106321	TCGAGCTCTTTGCAGACGTGG
-2948	ENSMUST00000181535	AGCTGAGGGTGACACCAGATT
-2948	ENSMUST00000181535	AGCTGAGGGTGACACCAGATT
1720	ENSMUST00000108515	GGTACGGACAGACATGGAGCT
578	ENSMUST00000019614	CCCAGAATCCGGACAAGGTAC
578	ENSMUST00000019614	CCCAGAATCCGGACAAGGTAC
-98	ENSMUST00000019614	CCCAGAATCCGGACAAGGTAC
1947	ENSMUST00000084125	TCAGACCCAGCTGTTTTCATT
1947	ENSMUST00000084125	TCAGACCCAGCTGTTTTCATT
1947	ENSMUST00000084125	TCAGACCCAGCTGTTTTCATT
1877	ENSMUST00000084125	TCAGACCCAGCTGTTTTCATT
1877	ENSMUST00000084125	TCAGACCCAGCTGTTTTCATT
1845	ENSMUST00000084125	TCAGACCCAGCTGTTTTCATT
1947	ENSMUST00000084125	TCAGACCCAGCTGTTTTCATT
1947	ENSMUST00000084125	TCAGACCCAGCTGTTTTCATT
1877	ENSMUST00000084125	TCAGACCCAGCTGTTTTCATT
1877	ENSMUST00000084125	TCAGACCCAGCTGTTTTCATT
5356	ENSMUST00000058902	GGCCGGGTGACCCCGGGGAGA
-971	ENSMUST00000066498	TTTCAGTTCTGAACATATTAA
1243	ENSMUST00000085758	GGCTTCGGTGTCAGTCAACTT
-1151	ENSMUST00000072020	TGACTGAGAACGGCAGGCTCA
-1981	ENSMUST00000046719	ATGACAGCAAGTAGCAAATGG
-1981	ENSMUST00000046719	ATGACAGCAAGTAGCAAATGG
-1993	ENSMUST00000046719	ATGACAGCAAGTAGCAAATGG
-2464	ENSMUST00000046719	ATGACAGCAAGTAGCAAATGG
-5960	ENSMUST00000112334	TGTGTATAGCTCAGTGGTAGA
-6617	ENSMUST00000112334	TGTGTATAGCTCAGTGGTAGA
-633	ENSMUST00000103213	AGAAGATGACTCCACAGCTTAT
195	ENSMUST00000106364	GAGGACTGGAGTCCCAGCACGA
-740	ENSMUST00000090849	TTTTAACTTAACAGTTTGATCT
-2023	ENSMUST00000086521	TGTAAGGAGACCGCAGGTGACT
812	ENSMUST00000032748	GGCCAAGGCCGCGACAATGCCC
-889	ENSMUST00000032748	GGCCAAGGCCGCGACAATGCCC
207	ENSMUST00000101085	AGTGAGCGAGCCCGGGGGAACA
207	ENSMUST00000101085	AGTGAGCGAGCCCGGGGGAACA
215	ENSMUST00000101085	AGTGAGCGAGCCCGGGGGAACA
215	ENSMUST00000101085	AGTGAGCGAGCCCGGGGGAACA
207	ENSMUST00000101085	AGTGAGCGAGCCCGGGGGAACA
-2395	ENSMUST00000127569	TGTGGTACCTGCTCAGATTTAT
-4701	ENSMUST00000131298	CGAGACTGCAAAGGCTTCTGAG
-4701	ENSMUST00000131298	CGAGACTGCAAAGGCTTCTGAG
-4701	ENSMUST00000131298	CGAGACTGCAAAGGCTTCTGAG
145	ENSMUST00000063577	TGGAATTTGGAGAGGATCTGCT
4958	ENSMUST00000107788	CTCTGGCGTGGAGCCGGGACGA
947	ENSMUST00000107788	CTCTGGCGTGGAGCCGGGACGA
758	ENSMUST00000076463	GAAAACTTTCTGGATGGGCTTG
-1096	ENSMUST00000000776	GGGATGAGCTGTGGAACAGAGT
-46147*	ENSMUST00000145596	TAAATCTAAACTTGTTTCTCAA
-6922	ENSMUST00000145596	TAAATCTAAACTTGTTTCTCAA
-46147*	ENSMUST00000145596	TAAATCTAAACTTGTTTCTCAA
-6922	ENSMUST00000145596	TAAATCTAAACTTGTTTCTCAA
-712	ENSMUST00000075872	GTTGACTTCTCAAACATCACAG
1669	ENSMUST00000110483	CCTCTTTGCAGACGACTTAATA
438	ENSMUST00000031732	CAGCGGGCCCTACTGCTCCTCAC
401	ENSMUST00000137511	TGAAAGGATGAGAAAATTGACCA
-2775	ENSMUST00000132484	CCGCTCCGGGTTGAATACATTGT
1811	ENSMUST00000064536	CGGAAACGAGTTAAGCCGCTCTC
526	ENSMUST00000064536	CGGAAACGAGTTAAGCCGCTCTC
994	ENSMUST00000107127	CACACAACCCATCCAAGAGCAGC
994	ENSMUST00000107127	CACACAACCCATCCAAGAGCAGC
-400	ENSMUST00000173495	CCAGGATTCTTGTTTCACCCGCA
-1525	ENSMUST00000173495	CCAGGATTCTTGTTTCACCCGCA
-325	ENSMUST00000126854	AGGGAGGCTAGCGGTTGCTCAGA
-613	ENSMUST00000126854	AGGGAGGCTAGCGGTTGCTCAGA
-613	ENSMUST00000126854	AGGGAGGCTAGCGGTTGCTCAGA
-1453	ENSMUST00000126854	AGGGAGGCTAGCGGTTGCTCAGA
ERROR_Not on the same transcript	ENSMUST00000114960	CGGCCATTATGCCTCCCAGCAAA
1598	ENSMUST00000114960	CGGCCATTATGCCTCCCAGCAAA
1273	ENSMUST00000022023	GCCTATTGGATTGCTCCGTGCAGC
-694	ENSMUST00000191275	ACAAGATCAAGTCTTGTCATAGCT
-694	ENSMUST00000191275	ACAAGATCAAGTCTTGTCATAGCT
626	ENSMUST00000108321	CTTGTGGCTTCAGTCCTGGGCTTA
451	ENSMUST00000108321	CTTGTGGCTTCAGTCCTGGGCTTA
-1537	ENSMUST00000108321	CTTGTGGCTTCAGTCCTGGGCTTA
-3237	ENSMUST00000154376	TGGTCTTGACTGGAGCACGCTTAT
-3237	ENSMUST00000154376	TGGTCTTGACTGGAGCACGCTTAT
5692*	ENSMUST00000121759	GCAATTCGGATGCTCTTCCACACC
-706	ENSMUST00000121759	GCAATTCGGATGCTCTTCCACACC
-4438	ENSMUST00000078308	TGGGGTATAGCTCAGTTGGCAGAGT
1372	ENSMUST00000030886	ACCACTGGAGGTTCCGCCCCTGCTG
-2783	ENSMUST00000047534	TTTTTGAGAAGTTTAGGAAGGTTGC
-2879	ENSMUST00000047534	TTTTTGAGAAGTTTAGGAAGGTTGC
-2836	ENSMUST00000047534	TTTTTGAGAAGTTTAGGAAGGTTGC
-2836	ENSMUST00000047534	TTTTTGAGAAGTTTAGGAAGGTTGC
-2879	ENSMUST00000047534	TTTTTGAGAAGTTTAGGAAGGTTGC
1145	ENSMUST00000029741	TAAATTAGCCCCGACCCTGAGTTCT
47	ENSMUST00000118077	ATCCCGGCCAGCATCTCATCGGCCT
-94	ENSMUST00000118077	ATCCCGGCCAGCATCTCATCGGCCT
-94	ENSMUST00000118077	ATCCCGGCCAGCATCTCATCGGCCT
-1793	ENSMUST00000122091	CGTTGCATTAATCTCAAAAGATTAG
-1793	ENSMUST00000122091	CGTTGCATTAATCTCAAAAGATTAG
-335	ENSMUST00000112703	GGAGGGGCTCATGGAGGACAGACGG
-660	ENSMUST00000112703	GGAGGGGCTCATGGAGGACAGACGG
-600	ENSMUST00000022765	ATTTCTCATTGCTCTTCTGTCCTGCC
-600	ENSMUST00000022765	ATTTCTCATTGCTCTTCTGTCCTGCC
-2277	ENSMUST00000118593	CACTACCCTCTCCTACCATCTTCCTG
-647	ENSMUST00000030087	ATTATGGGACAGTCGGGGGCTTCAGA
-3300*	ENSMUST00000109877	TCCCTAGCAACAGTCGAAGCTCTGCT
-1332	ENSMUST00000106224	AATACTGGGTGTTAAAGGGCGCATAG
-1332	ENSMUST00000106224	AATACTGGGTGTTAAAGGGCGCATAG
-1332	ENSMUST00000106224	AATACTGGGTGTTAAAGGGCGCATAG
-5913*	ENSMUST00000023812	GCTGTGGAGACCTGCCTGGGCTTCGT
ERROR_Not on the same transcript	ENSMUST00000121227	AGGTTTGCCTGGAGAGAAAGGTGAAAG
-686	ENSMUST00000057062	GTAAAGCTAACACCAGAAGCCTCGTAT
-1265	ENSMUST00000057062	GTAAAGCTAACACCAGAAGCCTCGTAT
532	ENSMUST00000043305	TGAAGCCTTCGCCTGCCAGCAGTGGAC
-4739	ENSMUST00000002336	GGGATGACAGGTGTGAGCCACCATGCC
1224	ENSMUST00000043897	TAAATTGTGTCTTTGCATCACTTCTGG
387	ENSMUST00000043897	TAAATTGTGTCTTTGCATCACTTCTGG
242	ENSMUST00000043897	TAAATTGTGTCTTTGCATCACTTCTGG
1224	ENSMUST00000043897	TAAATTGTGTCTTTGCATCACTTCTGG
387	ENSMUST00000043897	TAAATTGTGTCTTTGCATCACTTCTGG
242	ENSMUST00000043897	TAAATTGTGTCTTTGCATCACTTCTGG
1820	ENSMUST00000182226	CTTACTTCCAAGCTTAGGAAGGCTGAG
-849	ENSMUST00000182226	CTTACTTCCAAGCTTAGGAAGGCTGAG
-1665	ENSMUST00000103140	GTTGAACCCAGACCGCCAGTCGCCCTCT
-1938	ENSMUST00000103140	GTTGAACCCAGACCGCCAGTCGCCCTCT
-1665	ENSMUST00000103140	GTTGAACCCAGACCGCCAGTCGCCCTCT
-1938	ENSMUST00000103140	GTTGAACCCAGACCGCCAGTCGCCCTCT
2357	ENSMUST00000186648	CGTCATTGAAATGTGTCAGTTATTGGTC
960	ENSMUST00000186648	CGTCATTGAAATGTGTCAGTTATTGGTC
-237	ENSMUST00000186648	CGTCATTGAAATGTGTCAGTTATTGGTC
-243	ENSMUST00000004140	CTCCCCAGGTCTGTCTCGTCTACAATAAA
-243	ENSMUST00000004140	CTCCCCAGGTCTGTCTCGTCTACAATAAA
-321*	ENSMUST00000004140	CTCCCCAGGTCTGTCTCGTCTACAATAAA
-2942	ENSMUST00000166791	AGCCAGGGCTTCTCCATAGCTCCTTTTGG
-2942	ENSMUST00000166791	AGCCAGGGCTTCTCCATAGCTCCTTTTGG
-1403	ENSMUST00000084125	AATATTCTGGAATGGACTTGGTGTTAATT
-1403	ENSMUST00000084125	AATATTCTGGAATGGACTTGGTGTTAATT
-1403	ENSMUST00000084125	AATATTCTGGAATGGACTTGGTGTTAATT
-1473	ENSMUST00000084125	AATATTCTGGAATGGACTTGGTGTTAATT
-1473	ENSMUST00000084125	AATATTCTGGAATGGACTTGGTGTTAATT
-1505	ENSMUST00000084125	AATATTCTGGAATGGACTTGGTGTTAATT
-1403	ENSMUST00000084125	AATATTCTGGAATGGACTTGGTGTTAATT
-1403	ENSMUST00000084125	AATATTCTGGAATGGACTTGGTGTTAATT
-1473	ENSMUST00000084125	AATATTCTGGAATGGACTTGGTGTTAATT
-1473	ENSMUST00000084125	AATATTCTGGAATGGACTTGGTGTTAATT
-2565	ENSMUST00000155901	GTTTGGATGGCTGTTACTACACACTGGATC
344	ENSMUST00000078308	TTTCTTTGCCCAGCCATTATGTCTCCCAGTC
3310	ENSMUST00000102939	AGGGAGGCTGCAGAGAAGGAGAGCAACGCGG
-46	ENSMUST00000102939	AGGGAGGCTGCAGAGAAGGAGAGCAACGCGG
-1064	ENSMUST00000102939	AGGGAGGCTGCAGAGAAGGAGAGCAACGCGG
-359	ENSMUST00000081848	CAGTTACAACCGCCTCAAGAGTCTCATAGAGC
47	ENSMUST00000018821	TTCTGGAGTCTCTCCTACACCAAATCATCCTCC
-2050	ENSMUST00000117177	AAGATGTAGCTCAGTCGGTAGAGCACTTGCCTA
-2246	ENSMUST00000117177	AAGATGTAGCTCAGTCGGTAGAGCACTTGCCTA
-2246	ENSMUST00000117177	AAGATGTAGCTCAGTCGGTAGAGCACTTGCCTA
-511	ENSMUST00000080665	TGGGCCGAGTGCACATGGTGGAGGATCTTCTGA
3159	ENSMUST00000118163	TTATTTGAGGCTGCACATGCACTCTCTCCTACTCT
3159	ENSMUST00000118163	TTATTTGAGGCTGCACATGCACTCTCTCCTACTCT
-3423	ENSMUST00000118163	TTATTTGAGGCTGCACATGCACTCTCTCCTACTCT
427	ENSMUST00000199942	TTTCCCACCTGCCCTCTCTGCAGCTGCTATTGCTG
-1845	ENSMUST00000117177	AAAGGGAGAACAGGTGAACTAACAGTGTGGGTTAC
-2041	ENSMUST00000117177	AAAGGGAGAACAGGTGAACTAACAGTGTGGGTTAC
-2041	ENSMUST00000117177	AAAGGGAGAACAGGTGAACTAACAGTGTGGGTTAC
-1159	ENSMUST00000031490	ATCACACTGGATGTTGTCCTTGTAGGAGACGGTGC
-2351	ENSMUST00000031490	ATCACACTGGATGTTGTCCTTGTAGGAGACGGTGC
287	ENSMUST00000182213	AAATATCACAGTCTGCTCTTCCTCCTCTTCCTGGGA
-2807	ENSMUST00000039782	ATGAGAAAATCAAAAGTTTTATTTGGGAACTAATCA
-2858	ENSMUST00000179865	AATTCAGAATTGACTATAATTGAACACCTGCTAAAA
2661	ENSMUST00000107793	GCGGGTGCTGAAGCTAGTTCGCTTCCTGCCGGCACTG
-1371	ENSMUST00000107793	GCGGGTGCTGAAGCTAGTTCGCTTCCTGCCGGCACTG
-7453	ENSMUST00000202651	CACAGCTCATCCTCTCTGCTGCCTTTCCACTACAACA
-8960	ENSMUST00000202651	CACAGCTCATCCTCTCTGCTGCCTTTCCACTACAACA
-8960	ENSMUST00000202651	CACAGCTCATCCTCTCTGCTGCCTTTCCACTACAACA
-380	ENSMUST00000139819	CACATGTCCCTGCTCTACCCTGTGGCCATCCGGACTCT
-3556	ENSMUST00000027752	CATAGCAGAGATCATTAAGGATATTCACAACCTGGAGG
-3141	ENSMUST00000108407	GTGGAAGCGCATCTGCTTTCCTTGCTGTCTGTGCAAAT
-3141	ENSMUST00000108407	GTGGAAGCGCATCTGCTTTCCTTGCTGTCTGTGCAAAT
-3212	ENSMUST00000110701	GGCCAGGGGACTTCTCAGAAGAATTGTCAACACTGTTT
-3212	ENSMUST00000110701	GGCCAGGGGACTTCTCAGAAGAATTGTCAACACTGTTT
-448	ENSMUST00000090243	TGCCTTCCTGGGGTCATCCCGTACTCACTGGCCTACGCC
396	ENSMUST00000025253	CAGAGATGAGTCAGTCTGACAGTGGAGTGGACCTGAGTG
-3839	ENSMUST00000021347	TTTTTCTTTCTTCGTTCTGCAAACATACACAAGACACTCG
4344*	ENSMUST00000154230	ATCTGTCATTCTAAGAGAGAAACCTCAGTCTGGCCGCCAG
2443	ENSMUST00000154230	ATCTGTCATTCTAAGAGAGAAACCTCAGTCTGGCCGCCAG
46	ENSMUST00000182627	CTATCACAGTGTCTGCCCTGTGAGGAATGAGAGCGCCTCA
46	ENSMUST00000182627	CTATCACAGTGTCTGCCCTGTGAGGAATGAGAGCGCCTCA
-2832	ENSMUST00000182627	CTATCACAGTGTCTGCCCTGTGAGGAATGAGAGCGCCTCA
-256	ENSMUST00000177517	CCGGACCTCCAGTCCCTGCGCTACGCCCTGTCGCTCTACAC
-1570	ENSMUST00000029796	TCAAAAAGCCTGTATGGCTGCTCACTCATTAATCTTCTGCCA
2391	ENSMUST00000025253	CCTTTGAAAGAGAAGCTGATCTCAGGGCCTCTGTCCCCCATGT
-40431*	ENSMUST00000225431	CATACTTCAATGACAATATCCTCACCCTAATACGGACCCTGGT
-1206	ENSMUST00000225431	CATACTTCAATGACAATATCCTCACCCTAATACGGACCCTGGT
-1359	ENSMUST00000030872	CATTTACTTAGGACTGTGTTTTGCTCTATGAACTATCCCCTGC
-1359	ENSMUST00000030872	CATTTACTTAGGACTGTGTTTTGCTCTATGAACTATCCCCTGC
2270	ENSMUST00000100561	TTTTCGCCCAGTGTGGATGGTGATGGGGACAGGAAGAAGCGCT
-1815	ENSMUST00000100561	TTTTCGCCCAGTGTGGATGGTGATGGGGACAGGAAGAAGCGCT
-1265*	ENSMUST00000180572	TTGTAAACTTGTTGCATTTTTATATGATTTTCTTGACTGCACG
2563	ENSMUST00000089317	TTGGACCTCGAGCAGAGCGGGACCCTGTTGGAAGTCGGCACCT
1691	ENSMUST00000089317	TTGGACCTCGAGCAGAGCGGGACCCTGTTGGAAGTCGGCACCT
-896	ENSMUST00000011285	CTTTCGTTCTGATATGGTATGCTGCATCTGTGAGGTAAAGGAGA
2721	ENSMUST00000238317	GTGGCAGCACAGTCCACCACTCTTCCCTCTCTAAGTGGCAGACA
2721	ENSMUST00000238317	GTGGCAGCACAGTCCACCACTCTTCCCTCTCTAAGTGGCAGACA
-886	ENSMUST00000041342	CTTCCTATGTGTCCTCCCTCACTTCCCAATCCCACCCTCTCCGCC
-4248	ENSMUST00000041342	CTTCCTATGTGTCCTCCCTCACTTCCCAATCCCACCCTCTCCGCC
-5266	ENSMUST00000041342	CTTCCTATGTGTCCTCCCTCACTTCCCAATCCCACCCTCTCCGCC
-2543	ENSMUST00000149964	TTCCTGGCTTGAGTTCCTGTCCCTTTTGATTGTGGCCTCTGGAAA
-2733	ENSMUST00000149964	TTCCTGGCTTGAGTTCCTGTCCCTTTTGATTGTGGCCTCTGGAAA
-2733	ENSMUST00000149964	TTCCTGGCTTGAGTTCCTGTCCCTTTTGATTGTGGCCTCTGGAAA
-2733	ENSMUST00000149964	TTCCTGGCTTGAGTTCCTGTCCCTTTTGATTGTGGCCTCTGGAAA
-48	ENSMUST00000046022	CATTTGGGGATGTAGGGCTGCTCACAGGGGATGTGCAGCTGCACCC
-347	ENSMUST00000046022	CATTTGGGGATGTAGGGCTGCTCACAGGGGATGTGCAGCTGCACCC
3938	ENSMUST00000027421	AGACTTTGGGGCCTAACTAGTGAATGGTAGTGTCTAGAAAGGGTAT
2541	ENSMUST00000027421	AGACTTTGGGGCCTAACTAGTGAATGGTAGTGTCTAGAAAGGGTAT
1263	ENSMUST00000027421	AGACTTTGGGGCCTAACTAGTGAATGGTAGTGTCTAGAAAGGGTAT
-3812	ENSMUST00000162412	TGTTTGATGCTTGGGATGCCTTCGCTCACCTGCCTGCCCTGATGCA
-3812	ENSMUST00000162412	TGTTTGATGCTTGGGATGCCTTCGCTCACCTGCCTGCCCTGATGCA
-3631	ENSMUST00000169020	CTGTACAGCCGTCCTGTATAGTGTACCCTCTCACTGCGCCCTCTAAC
512	ENSMUST00000026704	ATTATGCTAACAAGTACAATATCATGTTGGTGAGACTGAACTCAAAG
-4667	ENSMUST00000028016	AGAAGGTGTGCCTAATGGTGCAGGACAGAAGAATTCCAAGGATGCTGC
-2649	ENSMUST00000113560	TGTGCCCTGTGTCCCTGCTCCTTCCGGGCTCCCAGTCCACCTGCTCAT
-3120	ENSMUST00000113560	TGTGCCCTGTGTCCCTGCTCCTTCCGGGCTCCCAGTCCACCTGCTCAT
-3120	ENSMUST00000113560	TGTGCCCTGTGTCCCTGCTCCTTCCGGGCTCCCAGTCCACCTGCTCAT
-3177	ENSMUST00000113560	TGTGCCCTGTGTCCCTGCTCCTTCCGGGCTCCCAGTCCACCTGCTCAT
1453	ENSMUST00000074468	AGAATGACGAGGGTGTCTGAATTCCTCAAGGTCGCCGAGCAAGTTGGT
-1758	ENSMUST00000107132	TCCCTTGACCAGCTTCAGTTCCTCTCAGTGCTCTCGCCTCTAAAGCCTG
-1758	ENSMUST00000107132	TCCCTTGACCAGCTTCAGTTCCTCTCAGTGCTCTCGCCTCTAAAGCCTG
-1803	ENSMUST00000107132	TCCCTTGACCAGCTTCAGTTCCTCTCAGTGCTCTCGCCTCTAAAGCCTG
-527	ENSMUST00000176652	ACAGGCCTGTGCGCTGCCCCAACAACCCCAGCTGCCCACCCCTTCTCAA
-618	ENSMUST00000176652	ACAGGCCTGTGCGCTGCCCCAACAACCCCAGCTGCCCACCCCTTCTCAA
-527	ENSMUST00000176652	ACAGGCCTGTGCGCTGCCCCAACAACCCCAGCTGCCCACCCCTTCTCAA
-670	ENSMUST00000176652	ACAGGCCTGTGCGCTGCCCCAACAACCCCAGCTGCCCACCCCTTCTCAA
-670	ENSMUST00000176652	ACAGGCCTGTGCGCTGCCCCAACAACCCCAGCTGCCCACCCCTTCTCAA
757	ENSMUST00000199321	TTACTTTGATAACTGTCCTCTCTTAACTATTCCTGGCCGAACACATCCT
1008	ENSMUST00000064297	TATCCATCCACAGGACCGCAGACTAACCATTTTCCTCATGTAGCTCCACC
-2670*	ENSMUST00000154230	GTGAGTTCCCCGTGTTTCCCACCACCCTGACTTCAGACCGGCTGTTCCGA
-2705	ENSMUST00000154230	GTGAGTTCCCCGTGTTTCCCACCACCCTGACTTCAGACCGGCTGTTCCGA
-2670*	ENSMUST00000154230	GTGAGTTCCCCGTGTTTCCCACCACCCTGACTTCAGACCGGCTGTTCCGA
-2705	ENSMUST00000154230	GTGAGTTCCCCGTGTTTCCCACCACCCTGACTTCAGACCGGCTGTTCCGA
-134	ENSMUST00000053880	GATATTCCCAACATGCGCTCTCCCTTAATCTGTCCGCCTAGAGCTTTGGCT
-134	ENSMUST00000053880	GATATTCCCAACATGCGCTCTCCCTTAATCTGTCCGCCTAGAGCTTTGGCT
-134	ENSMUST00000053880	GATATTCCCAACATGCGCTCTCCCTTAATCTGTCCGCCTAGAGCTTTGGCT
-134	ENSMUST00000053880	GATATTCCCAACATGCGCTCTCCCTTAATCTGTCCGCCTAGAGCTTTGGCT
-2046	ENSMUST00000177374	CTGACCCTCCCAGCCCACTACCTCACGGGCCCCCAAACAAAGGCGCAATTC
-5561	ENSMUST00000016294	ATAAAGTTTCTGGCTGGACTGTACAGTATTACTATGATGGGCTTGGGCGAC
-6637	ENSMUST00000016294	ATAAAGTTTCTGGCTGGACTGTACAGTATTACTATGATGGGCTTGGGCGAC
-7633	ENSMUST00000098334	CACAAACAAGGGCCACATAGGTCGCCCAGTGCTGCCGATGAGTCCCGGCAGC
-7806	ENSMUST00000098334	CACAAACAAGGGCCACATAGGTCGCCCAGTGCTGCCGATGAGTCCCGGCAGC
-2413	ENSMUST00000053880	TGTCATTTTCCTGGCCAGCTACACTGCCAACTTAGCCGCCTTCATGATCCAA
-2413	ENSMUST00000053880	TGTCATTTTCCTGGCCAGCTACACTGCCAACTTAGCCGCCTTCATGATCCAA
-2413	ENSMUST00000053880	TGTCATTTTCCTGGCCAGCTACACTGCCAACTTAGCCGCCTTCATGATCCAA
-2413	ENSMUST00000053880	TGTCATTTTCCTGGCCAGCTACACTGCCAACTTAGCCGCCTTCATGATCCAA
173	ENSMUST00000004378	GTCACCACCGCCACTGCCACCGCCACCGCCGCCAACGCCACCGACTGAGTCT
219	ENSMUST00000108661	GATCATAAGTTGTTGCTGACGGGGACCCCGCTGCAGAACAACCTGGAGGAGC
-1652	ENSMUST00000108661	GATCATAAGTTGTTGCTGACGGGGACCCCGCTGCAGAACAACCTGGAGGAGC
-1808	ENSMUST00000108661	GATCATAAGTTGTTGCTGACGGGGACCCCGCTGCAGAACAACCTGGAGGAGC
1084	ENSMUST00000053733	GAAGAAGAAGAAGGGGGGTGCCAGAAAAAGAAAAAGTCTTAAAGGGCAAAGAA
94472*	ENSMUST00000053733	GAAGAAGAAGAAGGGGGGTGCCAGAAAAAGAAAAAGTCTTAAAGGGCAAAGAA
-1108	ENSMUST00000020496	CGCAGAGATAATCTCCCGAAGGTCCCTGCTCAGGTTTCTTTATGCACAGCTCGA
-254	ENSMUST00000043897	TCCCAAGACCTTTGTACACTGTGCTACCATATACAAGCGTTATTACATGGATGG
-1091	ENSMUST00000043897	TCCCAAGACCTTTGTACACTGTGCTACCATATACAAGCGTTATTACATGGATGG
-1236	ENSMUST00000043897	TCCCAAGACCTTTGTACACTGTGCTACCATATACAAGCGTTATTACATGGATGG
-254	ENSMUST00000043897	TCCCAAGACCTTTGTACACTGTGCTACCATATACAAGCGTTATTACATGGATGG
-1091	ENSMUST00000043897	TCCCAAGACCTTTGTACACTGTGCTACCATATACAAGCGTTATTACATGGATGG
-1236	ENSMUST00000043897	TCCCAAGACCTTTGTACACTGTGCTACCATATACAAGCGTTATTACATGGATGG
-2809	ENSMUST00000137217	ATTTATTTATGATTTTCATTTCTGTTGGTTTGCTGAACATAGTTTCATATCACA
-3354	ENSMUST00000137217	ATTTATTTATGATTTTCATTTCTGTTGGTTTGCTGAACATAGTTTCATATCACA
-3738	ENSMUST00000137217	ATTTATTTATGATTTTCATTTCTGTTGGTTTGCTGAACATAGTTTCATATCACA
-3738	ENSMUST00000137217	ATTTATTTATGATTTTCATTTCTGTTGGTTTGCTGAACATAGTTTCATATCACA
-1747	ENSMUST00000038193	TTTTTCTTGGTACAGGGCTGGAACTCAGCGCCTTGCACATACTGGTGAGCAGCC
-1747	ENSMUST00000038193	TTTTTCTTGGTACAGGGCTGGAACTCAGCGCCTTGCACATACTGGTGAGCAGCC
-4600	ENSMUST00000115228	GACCCTGTCCTACCTGATGCCAACTGTACATAGGACCCTACCTGCCTGCCTCCCC
-4600	ENSMUST00000115228	GACCCTGTCCTACCTGATGCCAACTGTACATAGGACCCTACCTGCCTGCCTCCCC
1178	ENSMUST00000047421	GGCCCGCACTGCCCTCCTGACTGGACTCACGCCGGGCACCCACTACCAGCTGGAT
-1832	ENSMUST00000111147	TCAAATATGGGGGATAATCTGGATGGGCTGCTGCTGTGCTCAATGTGAACTATTTA
-2255	ENSMUST00000169449	AAACAGGAAAGCCAGGCCCTAGCAGAGACTCCACTCTCTCTCCTCCTCTCCACATG
-2881	ENSMUST00000039782	GCCCCTGAATGAGAAGGATATGGAGATGATTTGCAGGGCTCTGCTGGTGTACTGTG
-481	ENSMUST00000101527	CATTTGGAACCATTGTTTTTACAGTCTTAGTATTCACCGTAACTCTGAAGCTCGCC
-992	ENSMUST00000088010	GCCCCGAAGACCAAGACTACTCCTCGACTTCCTCTGAGACCCCCAATCCTCCCAAAG
-1109	ENSMUST00000100143	TTGAGGAAGACCATCTTTCCCATTATTCTCCCTGGTCTTGTGGTACCATAGGCTCTT
-1109	ENSMUST00000100143	TTGAGGAAGACCATCTTTCCCATTATTCTCCCTGGTCTTGTGGTACCATAGGCTCTT
1792	ENSMUST00000073687	CCAGGGTCCGCATTGCCTCCAGCTACCACTCTGAAGGGGACGGAGACACCTCCTACC
2483	ENSMUST00000200299	GAAAACATCGTGGCGCTGTATGACTTCCAGGAAATGGCTAATTCTGTCTACCTGGTCA
1291	ENSMUST00000200299	GAAAACATCGTGGCGCTGTATGACTTCCAGGAAATGGCTAATTCTGTCTACCTGGTCA
-255	ENSMUST00000113615	CTTCACTGTCCTCCTCTTCCACTTCGACTACCCGAGGCTCTCACAGGGCTTCCTGCTT
-1347	ENSMUST00000113615	CTTCACTGTCCTCCTCTTCCACTTCGACTACCCGAGGCTCTCACAGGGCTTCCTGCTT
-1347	ENSMUST00000113615	CTTCACTGTCCTCCTCTTCCACTTCGACTACCCGAGGCTCTCACAGGGCTTCCTGCTT
-1347	ENSMUST00000113615	CTTCACTGTCCTCCTCTTCCACTTCGACTACCCGAGGCTCTCACAGGGCTTCCTGCTT
-1368*	ENSMUST00000113615	CTTCACTGTCCTCCTCTTCCACTTCGACTACCCGAGGCTCTCACAGGGCTTCCTGCTT
-8551	ENSMUST00000208290	GAAACTGACAGGGCAGAAGTGACTGAGCCAGGTGTCACCACTGAGCTGGTCCACTTTG
2162	ENSMUST00000075387	GCACACGCCTGCCCTAAGGAAGGGTCTGCCGTCCCTGAAGCAACTCAACTCGGCCCGGA
-675	ENSMUST00000060255	TGGGGCCTCTGCGCCACACTGTAAGACCCCCTTGATGCAGCCCTCTGAACGCCAAGCCTC
-1580	ENSMUST00000060255	TGGGGCCTCTGCGCCACACTGTAAGACCCCCTTGATGCAGCCCTCTGAACGCCAAGCCTC
-1580	ENSMUST00000060255	TGGGGCCTCTGCGCCACACTGTAAGACCCCCTTGATGCAGCCCTCTGAACGCCAAGCCTC
-737	ENSMUST00000013262	ATGATTTTATGCTTCTCAGAAGAGGACTGGTCCCTTCTGGACCCGGCACAGACTGGTTTC
-105	ENSMUST00000000348	TAAAACGAGGGGCTATTACCCCAAAGGGGGTGGTGAAGTGATTGTCCGAGTGTCCCCAGT
-270	ENSMUST00000000348	TAAAACGAGGGGCTATTACCCCAAAGGGGGTGGTGAAGTGATTGTCCGAGTGTCCCCAGT
-1263	ENSMUST00000078226	TTTTAATATCCTGTTTTCCTGGCTCTCTAACTGCCTTGCACAATGATATTTCCTTTAAACTG
-1263	ENSMUST00000078226	TTTTAATATCCTGTTTTCCTGGCTCTCTAACTGCCTTGCACAATGATATTTCCTTTAAACTG
-1798	ENSMUST00000078226	TTTTAATATCCTGTTTTCCTGGCTCTCTAACTGCCTTGCACAATGATATTTCCTTTAAACTG
894	ENSMUST00000021062	AAACATTATCTTATTTGCTGCCTGCCATTGTACACATAAACCACCAGCCATTCCTAGAGAGA
-3687	ENSMUST00000112904	ATCCTACGTATTCAAAATTAGGATCCTTGTGTAGCACTGAACCTGGGAAAGAGATTTAGACT
-3687	ENSMUST00000112904	ATCCTACGTATTCAAAATTAGGATCCTTGTGTAGCACTGAACCTGGGAAAGAGATTTAGACT
-3690	ENSMUST00000112904	ATCCTACGTATTCAAAATTAGGATCCTTGTGTAGCACTGAACCTGGGAAAGAGATTTAGACT
1918	ENSMUST00000192314	CCTGTCATCAGCTGCTGCACCGTTCTCTTCAGACTCCCCACGCCCAACTCACCCATCCCCACA
143	ENSMUST00000174064	CCCTGGAGGCTAAGGACTTGTTTCGGAAGGAGCTGACTGGCCAATCACAATTGCGAAGATGAAG
-5757	ENSMUST00000081982	AAGGTCTGGAGGACCAACTTTCTCCACCTGGGAACCGCATCCTAGGTGACAGTTAGATCTGAGG
2509	ENSMUST00000025253	AGCAGGACAAACCACCTCGTTTCCGAAGGCTGAAACAAGAACGTGAAAACGCTGCCAGAGGAGC
-519	ENSMUST00000178730	GGATGGACAGCCAAGGGCCATAGTCCAGGAGCAAACCAATCCAGTCACAGGACTCTGTGTTTTTA
-398	ENSMUST00000109764	GCTGCACTTCCCTTCCACGTCCATCATCCAGCAGTCGAGCCCGTATTTCACACACCCAACCATCC
-1924	ENSMUST00000006754	GATGACGACGACGATGAAGATGACGAAGATGACGACGATGAGGATGAAGACAACGAGTCTGAGGGC
-20212	ENSMUST00000053880	CTTGACTGCAGGATCGCCGTGTGGCACACAGGACACATAAACCAGAAAGGTGCTTATTCTTCTCTGG
-20212	ENSMUST00000053880	CTTGACTGCAGGATCGCCGTGTGGCACACAGGACACATAAACCAGAAAGGTGCTTATTCTTCTCTGG
5425	ENSMUST00000060043	AGCCGCCGCAGCAGCCGGACTCAGTGTCCCGCGTCGCCCTCGGGGCGCCTTGTCAGTGCTGAGTGGG
-35	ENSMUST00000107693	ACCCCAAGGTCCTGCCCTGTCTGCACACTTTCTGCGAGAGGTGCCTGCAGAACTACATCCCAGCCCAC
-35	ENSMUST00000107693	ACCCCAAGGTCCTGCCCTGTCTGCACACTTTCTGCGAGAGGTGCCTGCAGAACTACATCCCAGCCCAC
-67	ENSMUST00000114102	TCAAGGAGGAGAGTGACTTCCATGACCTCGAGTCAGTAGTCCAGCAAGTCGAACAGAACCTTGAACTGA
516	ENSMUST00000106224	TGACACGGAGGCCCTACAATCTCTCATTGACACCCATAAGGAATTCATGAAGAAAGTAGAAGAAAAGCG
516	ENSMUST00000106224	TGACACGGAGGCCCTACAATCTCTCATTGACACCCATAAGGAATTCATGAAGAAAGTAGAAGAAAAGCG
516	ENSMUST00000106224	TGACACGGAGGCCCTACAATCTCTCATTGACACCCATAAGGAATTCATGAAGAAAGTAGAAGAAAAGCG
1175	ENSMUST00000238317	ACCCATGTTGGATGACGAGATGCTCATGTATGGAAGTAGTAAAGGCCCACCCCAACAAAAAGCGTCTATG
1175	ENSMUST00000238317	ACCCATGTTGGATGACGAGATGCTCATGTATGGAAGTAGTAAAGGCCCACCCCAACAAAAAGCGTCTATG
-456	ENSMUST00000082057	TCAGAACGAGTCTGAAGGCCCTGTGATACAAGAATCAGCCGAGGCAAGCCAGTTGGAAGTCCCAGTAACA
-2599	ENSMUST00000082057	TCAGAACGAGTCTGAAGGCCCTGTGATACAAGAATCAGCCGAGGCAAGCCAGTTGGAAGTCCCAGTAACA
802*	ENSMUST00000161308	GTTCGCAGCCTTCGCCGCGCCGCTGCCGCTCTCCAACGCCAGCGCCGCCTCTCGCTTGCCGAGCTCCAGCC
-168	ENSMUST00000110677	TGCAGTTGTGGAACCAGCTGGAAACACGAAGCGTTGACTGTAGAGCAGGCTGGACCCGGAAGGTCAGGTTC
-40217*	ENSMUST00000145596	CGTCAGCGTCCTGGACTCACTCATGAGCGCGACATACTTCAATGACAATATCCTCACCCTAATACGGACCCT
-992	ENSMUST00000145596	CGTCAGCGTCCTGGACTCACTCATGAGCGCGACATACTTCAATGACAATATCCTCACCCTAATACGGACCCT
-40217*	ENSMUST00000145596	CGTCAGCGTCCTGGACTCACTCATGAGCGCGACATACTTCAATGACAATATCCTCACCCTAATACGGACCCT
-992	ENSMUST00000145596	CGTCAGCGTCCTGGACTCACTCATGAGCGCGACATACTTCAATGACAATATCCTCACCCTAATACGGACCCT
-4024	ENSMUST00000107691	ATGTCAGGCTTGATAGCTCAATAAGAAATAACACAAATTTTTTTTTCTTAACACACAAATATTGGTATGAAC
-4024	ENSMUST00000107691	ATGTCAGGCTTGATAGCTCAATAAGAAATAACACAAATTTTTTTTTCTTAACACACAAATATTGGTATGAAC
3749*	ENSMUST00000154230	AGGATGATAGACGCGGTATTCACGAAAGACCCAGGCAGCAAGAAATGCACAAGCCTTTCCGAGGCTCAAATTT
1848	ENSMUST00000154230	AGGATGATAGACGCGGTATTCACGAAAGACCCAGGCAGCAAGAAATGCACAAGCCTTTCCGAGGCTCAAATTT
1173	ENSMUST00000057207	AACCCTCCAAATACTGCAGTTGGAAATGCGCTGCCCTGTCTGCCATCGCCGCCGCCCTCCTCTTGGCCATTTT
-12830	ENSMUST00000187541	AGGGCCAGCATCCTTCCCCACAGCACTACATCTCCGAGCCCTATCTGGCCCTCCATGAAGACTCCCACGCCTCA
-20687	ENSMUST00000053880	GTCAAGGGGACACGTGGGGGAGAGAAATGAGCTCATCGCCAAGGGTACATCCCTGGAAAGCCAGAGAGCATGAA
-20687	ENSMUST00000053880	GTCAAGGGGACACGTGGGGGAGAGAAATGAGCTCATCGCCAAGGGTACATCCCTGGAAAGCCAGAGAGCATGAA
-20687	ENSMUST00000053880	GTCAAGGGGACACGTGGGGGAGAGAAATGAGCTCATCGCCAAGGGTACATCCCTGGAAAGCCAGAGAGCATGAA
-20687	ENSMUST00000053880	GTCAAGGGGACACGTGGGGGAGAGAAATGAGCTCATCGCCAAGGGTACATCCCTGGAAAGCCAGAGAGCATGAA
-671	ENSMUST00000005504	TCAGCATCACAACGCACACCACTGCTTAGAGATCACAGTCAACTGCAGCCCTATTATTGACCACTGTATAATCC
-1548	ENSMUST00000047037	ATGCAAGTGTAATTACTTTCTAAGGCCCTTCTAGCTATGATTTTTTTGGAACTGTGTGAATGTAGTATATTCATT
-2031	ENSMUST00000047037	ATGCAAGTGTAATTACTTTCTAAGGCCCTTCTAGCTATGATTTTTTTGGAACTGTGTGAATGTAGTATATTCATT
-2031	ENSMUST00000047037	ATGCAAGTGTAATTACTTTCTAAGGCCCTTCTAGCTATGATTTTTTTGGAACTGTGTGAATGTAGTATATTCATT
-5927	ENSMUST00000047037	ATGCAAGTGTAATTACTTTCTAAGGCCCTTCTAGCTATGATTTTTTTGGAACTGTGTGAATGTAGTATATTCATT
1186*	ENSMUST00000154230	ATGACCCACATGGTCACGCACATGCCTGACCAGTATAAGATCGTAGAGACTCTCATCCAGCATCATGACTGGTTTT
-715	ENSMUST00000154230	ATGACCCACATGGTCACGCACATGCCTGACCAGTATAAGATCGTAGAGACTCTCATCCAGCATCATGACTGGTTTT
-406	ENSMUST00000079746	TTTTCCTTTTCTACGTTGGAACGTGCCCCGGAATGTGGCCGTCGGCACACTTCTCAGGACAATGAATCCTTCCTGTT
1352*	ENSMUST00000154230	ATTGAGGCCAATCGCAAAGAGGACCCACTGGATCGGCTACGAACATTAAAGAGACTAATTCATGACCTGCCTGAGCA
-549	ENSMUST00000154230	ATTGAGGCCAATCGCAAAGAGGACCCACTGGATCGGCTACGAACATTAAAGAGACTAATTCATGACCTGCCTGAGCA
17804	ENSMUST00000106224	AAAAACCTCCAGGCCCACTATGAAGACTTTCTACAGGACAGCCATGACTCTGCCCTCTTCTCTGTGGCCGATCGCTT
17804	ENSMUST00000106224	AAAAACCTCCAGGCCCACTATGAAGACTTTCTACAGGACAGCCATGACTCTGCCCTCTTCTCTGTGGCCGATCGCTT
17804	ENSMUST00000106224	AAAAACCTCCAGGCCCACTATGAAGACTTTCTACAGGACAGCCATGACTCTGCCCTCTTCTCTGTGGCCGATCGCTT
-371	ENSMUST00000108858	CAGCAATGACAACAAGACCTTCGACTCTTCCTGCCACTTCTTTGCCACCAAGTGCACCCTGGAGGGCACCAAGAAGG
-371	ENSMUST00000108858	CAGCAATGACAACAAGACCTTCGACTCTTCCTGCCACTTCTTTGCCACCAAGTGCACCCTGGAGGGCACCAAGAAGG
-374	ENSMUST00000108858	CAGCAATGACAACAAGACCTTCGACTCTTCCTGCCACTTCTTTGCCACCAAGTGCACCCTGGAGGGCACCAAGAAGG
-798	ENSMUST00000064054	AAATTCTGTTTCACTTTGTGTAGTGAACCCCATGGTAGTTTTCTGATCGTTGTTAAAAAAAATGACTTAACATATTA
-616	ENSMUST00000107157	TCCGTGTCATTTACTCTGTGACTCTGTCTGTACATAACTGGAATTCGGATGGCAAACTGTACATAGGCTGTTTGGAGT
-1763	ENSMUST00000161046	CTTTCAGTGATCTGTGTGCATCTGTAAAGGCAAACCAGAGAAAACAGCCCTAGTCAATAGTGTTCTCCTCACCATGTCC
-8858*	ENSMUST00000115386	ACTTCTACTTTTATAGAAACCCAACCACCCGCAACCACTGCAAATCTATCTGCTCTCTGGACGATTTCAAGACCCTCTGA
1740	ENSMUST00000187541	TTGGCCGCCATTTGAGTACATGATCCTGGCCACCATCATTGCCAACTGCATCGTCTTGGCCCTGGAGCAGCATCTTCCTGA
-1545	ENSMUST00000196398	AACACTAGCTAGGCAATGGGATACTGAGCTAACAGTGGAGGCTTAGAGCATTGTAGACCACCATTTTTCTTTTTTTTTTTTTTT
-1545	ENSMUST00000196398	AACACTAGCTAGGCAATGGGATACTGAGCTAACAGTGGAGGCTTAGAGCATTGTAGACCACCATTTTTCTTTTTTTTTTTTTTT
-9346	ENSMUST00000182660	AAAAACGTATCCCAGTTTACTGTGTTGAGTTGGCATTGTACAGAAATTAACAGCCATATTGGTCTAGAAATGTTGAACTTAATT
-4713	ENSMUST00000111398	TGCTGACTCCCGAGACTGAGGAAGGAGCCCCTGAGTCTGCCTGCGCGTCCATCCGTCCGTCCGTCCACTCATCTGTCCATCCAGA
-5184	ENSMUST00000111398	TGCTGACTCCCGAGACTGAGGAAGGAGCCCCTGAGTCTGCCTGCGCGTCCATCCGTCCGTCCGTCCACTCATCTGTCCATCCAGA
-6098	ENSMUST00000111398	TGCTGACTCCCGAGACTGAGGAAGGAGCCCCTGAGTCTGCCTGCGCGTCCATCCGTCCGTCCGTCCACTCATCTGTCCATCCAGA
-2135	ENSMUST00000020027	CAGCAGTCTGGGTGAAAATCTCTTCCAGTTGGATTGGCCTTGTGCTGTACGTGTGGACACTAGTGGCACCACTTGTTCTTACAAA
420	ENSMUST00000039327	AAGAAGTCTGCTACTACATGCTCTTTGCCCTAGCCGCCTATGGCTGGCCCATGTACCTGATGAGGAAGCCCACCTGTGGTCTCTGCC
284	ENSMUST00000117509	AAGGCCAAAAACTATGCAGATCAGATTTCCCGACTGGAGGAACGAGAATCGGAGATGAAGAAGGAATACAATGCCCTGCACCAGCGGC
284	ENSMUST00000117509	AAGGCCAAAAACTATGCAGATCAGATTTCCCGACTGGAGGAACGAGAATCGGAGATGAAGAAGGAATACAATGCCCTGCACCAGCGGC
3535*	ENSMUST00000154230	CTGGAAGATTCTGTGCTGATGAAGTATTGCCCAAGGAGCGCGTCTCAAGGAGCGCTGACCTCACCGCCTGTTAGCTTCAATAATCATA
1634	ENSMUST00000154230	CTGGAAGATTCTGTGCTGATGAAGTATTGCCCAAGGAGCGCGTCTCAAGGAGCGCTGACCTCACCGCCTGTTAGCTTCAATAATCATA
29	ENSMUST00000097368	TTTATTGAGCATATCCTGTGGCATGTGGGACTCTCAGCCTGCCTTGGACTGACTGTTGCTCTGTCCATCTTTTCGGATATCATCGCCCT
-124	ENSMUST00000097368	TTTATTGAGCATATCCTGTGGCATGTGGGACTCTCAGCCTGCCTTGGACTGACTGTTGCTCTGTCCATCTTTTCGGATATCATCGCCCT
-3131	ENSMUST00000117945	GAAGGGGTCCTGTCATAGCCTGGACCCTACTCCACTGCCACATCCCCACCAGCTGCGGGTGTGTACATAGAAACTGAAATCAGGCACTCAG
-3250	ENSMUST00000117945	GAAGGGGTCCTGTCATAGCCTGGACCCTACTCCACTGCCACATCCCCACCAGCTGCGGGTGTGTACATAGAAACTGAAATCAGGCACTCAG
-393	ENSMUST00000111905	AATTGCCGGAGACTCCTTAAATCTATATATTCGGGCTACTAACCTCACATGCACATGGAATAATGGCTCTGGATTCTGCATTGTGAGCCGC
-393	ENSMUST00000111905	AATTGCCGGAGACTCCTTAAATCTATATATTCGGGCTACTAACCTCACATGCACATGGAATAATGGCTCTGGATTCTGCATTGTGAGCCGC
-2303	ENSMUST00000140471	TTAGGTAGATAGAGGCTGTGCCTCCTTCAGGAAGAGACACTGTCCTTATAACTTCTGGTCAGTGCTGAGTCACAGGCATTGAGGGAGGAGGG
ERROR_Not on the same transcript	ENSMUST00000140471	TTAGGTAGATAGAGGCTGTGCCTCCTTCAGGAAGAGACACTGTCCTTATAACTTCTGGTCAGTGCTGAGTCACAGGCATTGAGGGAGGAGGG
3215	ENSMUST00000239177	CGGAATTTCTCTCCAAATGCTCCTGCTCACTTTTCCTTCGTTCCTGCCCGTAGCCATGGCCACAGAACAGACAGGACTGATGGACGGCGCTG
966	ENSMUST00000239177	CGGAATTTCTCTCCAAATGCTCCTGCTCACTTTTCCTTCGTTCCTGCCCGTAGCCATGGCCACAGAACAGACAGGACTGATGGACGGCGCTG
ERROR_Not on the same transcript	ENSMUST00000239177	CGGAATTTCTCTCCAAATGCTCCTGCTCACTTTTCCTTCGTTCCTGCCCGTAGCCATGGCCACAGAACAGACAGGACTGATGGACGGCGCTG
-1230	ENSMUST00000041391	AGGCCATGGCCAGCGAGCTGAGAGAGCACCGGGCTGCACATCTGGGAAAGAAGGCCCGAGGCAAGGAGGCGGATGAGCAGCGGCAGAAGGAGG
536	ENSMUST00000108407	CCAGTTCCAGAAGATCTCTGAGGAACTCAAAGTGAAAGGGCCCAAGGACTCTAAGGACAGCCATACATCAGTCACCATGGAAGCTCTGCTGTA
536	ENSMUST00000108407	CCAGTTCCAGAAGATCTCTGAGGAACTCAAAGTGAAAGGGCCCAAGGACTCTAAGGACAGCCATACATCAGTCACCATGGAAGCTCTGCTGTA
-222	ENSMUST00000030806	ACTTGGAGTTTTCTCTCCTAAAAAGACCCCACATCTTGTTAACCTCAATGAAGACCCATTAATGTCGGAGTGTTTGCTCTATTACATCAAGGA
-222	ENSMUST00000030806	ACTTGGAGTTTTCTCTCCTAAAAAGACCCCACATCTTGTTAACCTCAATGAAGACCCATTAATGTCGGAGTGTTTGCTCTATTACATCAAGGA
184	ENSMUST00000106983	CTGACACTTCTCAGCAGGATCCACATACCCTAAGGAGTGGAAGACTCCTTGGCGCTTGGTGCTTCAACCGGACTGACTTCCTGGGCCTGGAGTT
115	ENSMUST00000106983	CTGACACTTCTCAGCAGGATCCACATACCCTAAGGAGTGGAAGACTCCTTGGCGCTTGGTGCTTCAACCGGACTGACTTCCTGGGCCTGGAGTT
115	ENSMUST00000106983	CTGACACTTCTCAGCAGGATCCACATACCCTAAGGAGTGGAAGACTCCTTGGCGCTTGGTGCTTCAACCGGACTGACTTCCTGGGCCTGGAGTT
115	ENSMUST00000106983	CTGACACTTCTCAGCAGGATCCACATACCCTAAGGAGTGGAAGACTCCTTGGCGCTTGGTGCTTCAACCGGACTGACTTCCTGGGCCTGGAGTT
721*	ENSMUST00000106983	CTGACACTTCTCAGCAGGATCCACATACCCTAAGGAGTGGAAGACTCCTTGGCGCTTGGTGCTTCAACCGGACTGACTTCCTGGGCCTGGAGTT
115	ENSMUST00000106983	CTGACACTTCTCAGCAGGATCCACATACCCTAAGGAGTGGAAGACTCCTTGGCGCTTGGTGCTTCAACCGGACTGACTTCCTGGGCCTGGAGTT
802*	ENSMUST00000106983	CTGACACTTCTCAGCAGGATCCACATACCCTAAGGAGTGGAAGACTCCTTGGCGCTTGGTGCTTCAACCGGACTGACTTCCTGGGCCTGGAGTT
1904	ENSMUST00000021091	CCTCCTTCCTCCCTTCCCTCTCCCTCCCCCTCCCCCGCTGGTGGATGGGAGTGAAGGACGGAAGAGGCCCTGCGGAGGCGGTGGTGCAGCGCTCCG
-1223	ENSMUST00000140901	CTCCAAACCAGAAGACCCTGGGAGGCACTGGCAGGGACCTGGGCCTCTCACCCTGTGACACTCTTAACTGCGTTGACTCTGATTGCATTGCCACCCT
-1291	ENSMUST00000177302	ACAAAAGACTCTTTGTTACCCAGGTCTCCTGTAAAACCTATGGACTCCATCACATCGCCATCTATAGCAGAACTCCACAACAGTGTTACGAGTTGTGAT
-643	ENSMUST00000107158	GTTTTCTCTGGCTGGCTAGACGTACAGCGACTCCGTGTCATTTACTCTGTGACTCTGTCTGTACATAACTGGAATTCGGATGGCAAACTGTACATAGGCTGTT
-3504	ENSMUST00000060537	CCTCCTCCACTTGCCCCTCCTTGGTGGACTCCAGGAGCAGCTCTATGGATCAGAAGACCCCAGAAGCCAACTCTCGTGCCTCCAGTCCCTGCCAAGAATTTGA
-3504	ENSMUST00000060537	CCTCCTCCACTTGCCCCTCCTTGGTGGACTCCAGGAGCAGCTCTATGGATCAGAAGACCCCAGAAGCCAACTCTCGTGCCTCCAGTCCCTGCCAAGAATTTGA
-6852	ENSMUST00000187541	AAACCTTCACTCACTATATCAAGGACTTGGGAACTTCTTAGCATTTCTTCTAAGCATTGAATTTTTTTAAGGAAACCTCCATCTTAATGGGACTGAGGCTAAGTT
-76	ENSMUST00000102930	TGAAGACTCTGACAACAGTGCAATTTATGTGCAAGGATTAAATGACAATGTGACTCTGGATGATCTGGCAGACTTCTTTAAGCAGTGTGGGGTTGTCAAGATGAAC
-917	ENSMUST00000078226	CAGACAGGTCTGGGAGTTCTGTTCCACCTGAGTGGAGAGTTCAATAGAGCAATCGATGCATTTAATGCTGCCTTAACAGTTCGGCCAGAGGATTACTCACTGTGGAACCGT
-917	ENSMUST00000078226	CAGACAGGTCTGGGAGTTCTGTTCCACCTGAGTGGAGAGTTCAATAGAGCAATCGATGCATTTAATGCTGCCTTAACAGTTCGGCCAGAGGATTACTCACTGTGGAACCGT
-1452	ENSMUST00000078226	CAGACAGGTCTGGGAGTTCTGTTCCACCTGAGTGGAGAGTTCAATAGAGCAATCGATGCATTTAATGCTGCCTTAACAGTTCGGCCAGAGGATTACTCACTGTGGAACCGT
390	ENSMUST00000100143	TTGACAATTGTTTTGCAGCGAACTGGTGACCCTGCTAATTTAAATAGGCTGAGACCTCATTTAGAGCTTCTTGCAAACATAGACCCTAATCCAGATGCTGTTTCACCAACT
390	ENSMUST00000100143	TTGACAATTGTTTTGCAGCGAACTGGTGACCCTGCTAATTTAAATAGGCTGAGACCTCATTTAGAGCTTCTTGCAAACATAGACCCTAATCCAGATGCTGTTTCACCAACT
-1341	ENSMUST00000055647	AGCAGAGACTGGATCTGATGCGAGAGATGTATGACAGGGCAGGGGAGGTGGCCTCCAGTGCCCAAGATGACAGCGAGACGACCATGACCGGCAGCGACCCATTCTACGATC
-1341	ENSMUST00000055647	AGCAGAGACTGGATCTGATGCGAGAGATGTATGACAGGGCAGGGGAGGTGGCCTCCAGTGCCCAAGATGACAGCGAGACGACCATGACCGGCAGCGACCCATTCTACGATC
-1661	ENSMUST00000044443	CCAAGATGAGCAGGAGCGGATGGAAGAAAGGCTGGCTTACATCGCTGATCACCTTGGCTTCAGCTGGACAGAATTAGCAAGAGAACTGGATTTCACTGAGGAGCAAATTCA
-1661	ENSMUST00000044443	CCAAGATGAGCAGGAGCGGATGGAAGAAAGGCTGGCTTACATCGCTGATCACCTTGGCTTCAGCTGGACAGAATTAGCAAGAGAACTGGATTTCACTGAGGAGCAAATTCA
3770	ENSMUST00000123853	GAAAAAGAAATGGCAGCCATCTTTGCAAATACCAGACATGTGAAAGGACACAGGATCCGTGTAGAAATGAACTTTCTGAACTGTACAGTTTTTCAGCCTCTCTTGCTAGCAG
1343	ENSMUST00000238956	AAGGCAACTCGACCAGTATTATTAACCCAAAGAACCCAAAGGAAGCACCAAAGTCCTTCAGCTTTGACTACTCCTACTGGTCCCACACCTCGCCTGAAGATCCCTGTTTTGCATC
1343	ENSMUST00000238956	AAGGCAACTCGACCAGTATTATTAACCCAAAGAACCCAAAGGAAGCACCAAAGTCCTTCAGCTTTGACTACTCCTACTGGTCCCACACCTCGCCTGAAGATCCCTGTTTTGCATC
-174	ENSMUST00000050288	TAGCGACAAGTACTGCACCCCGCGATACAGTGAATTTGAAGAACTTGAGCGTAAATACTGGAAAAACCTCACATTCAATCCTCCCATCTATGGAGCAGACGTGAATGGTACTCTC
5446	ENSMUST00000142817	CGTGCACTACAGAAGAGGCATGATGACTTTGAAGAAGTGGCACAGAATACATACACCAATGCGGACAAGCTCCTAGAAGCAGCGGAGCAGCTGGCTCAGACTGGGGAATGTGACCC
1139	ENSMUST00000142817	CGTGCACTACAGAAGAGGCATGATGACTTTGAAGAAGTGGCACAGAATACATACACCAATGCGGACAAGCTCCTAGAAGCAGCGGAGCAGCTGGCTCAGACTGGGGAATGTGACCC
-4864	ENSMUST00000161779	TCCACCCCAGTCAGTATCCAGCCCAGTTTGCCCACCAGACCTATATCAGCGCCTCGCCAGCCTCCACCGTCTACACTGGATACCCACTGAGTCCTGCCAAGGTCAACCAATACCCT
-5114	ENSMUST00000161779	TCCACCCCAGTCAGTATCCAGCCCAGTTTGCCCACCAGACCTATATCAGCGCCTCGCCAGCCTCCACCGTCTACACTGGATACCCACTGAGTCCTGCCAAGGTCAACCAATACCCT
-4864	ENSMUST00000161779	TCCACCCCAGTCAGTATCCAGCCCAGTTTGCCCACCAGACCTATATCAGCGCCTCGCCAGCCTCCACCGTCTACACTGGATACCCACTGAGTCCTGCCAAGGTCAACCAATACCCT
-5114	ENSMUST00000161779	TCCACCCCAGTCAGTATCCAGCCCAGTTTGCCCACCAGACCTATATCAGCGCCTCGCCAGCCTCCACCGTCTACACTGGATACCCACTGAGTCCTGCCAAGGTCAACCAATACCCT
ERROR_Not on the same transcript	ENSMUST00000109830	AACAAGAAGGGAAATGACAACCAAAGGTTCTACAGGCATGGAAGTTCTGTTGTCAACATTGGAGAACACGAAAGATCTTCAGACTGTACTTAATATCCTAAGCATTCTCATTGAGC
-2762	ENSMUST00000190723	GACGAATTGTGCTCCCCCCAGAGGTTGTGCGTGTTGTGGTTTCTTCCAAAATTGCTCTGGTGGGAAGTTCGGAATGCCAGGAAGGTCAGAGGGCCCGAGACCCAGGGTATTGCCGCT
-2762	ENSMUST00000190723	GACGAATTGTGCTCCCCCCAGAGGTTGTGCGTGTTGTGGTTTCTTCCAAAATTGCTCTGGTGGGAAGTTCGGAATGCCAGGAAGGTCAGAGGGCCCGAGACCCAGGGTATTGCCGCT
-1773	ENSMUST00000112476	TAAAGTGGGGTCACGGGCATGAGTGTTTCAGTGCTTACCATGGTGTGTATAAGCCTTGAACTATGCATAGAACTGGAGTTTGGGGAGTGCTGGATGTGTGGTCATGCTTGGTTGAGGC
906	ENSMUST00000088644	CTCCTCTGGAACAGCTGTGTCTACTTCTGTTTCTCAGCCTGGTATGGTTCATCCTTTGGTCATCTCATCAGCTGTAGTTTCTACACCTGGCCTCCCCCAACCAGTAGTACCTACTTCTAC
-514	ENSMUST00000110136	GACAATGAGTTCAAGTGCAGGCACTCACAGCCAGAATGTGGGTATGGCTTACAGCCCGATCGTTGGACAGAGTACAGCATACAGACAATGGAACCAGATAATCTGGAGCTCATCTTTGACTT
1194	ENSMUST00000030806	ATCATTCAGATGCAAGGCAACTCGACCAGTATTATTAACCCAAAGAACCCAAAGGAAGCACCAAAGTCCTTCAGCTTTGACTACTCCTACTGGTCCCACACCTCGCCTGAAGATCCCTGTTTT
1194	ENSMUST00000030806	ATCATTCAGATGCAAGGCAACTCGACCAGTATTATTAACCCAAAGAACCCAAAGGAAGCACCAAAGTCCTTCAGCTTTGACTACTCCTACTGGTCCCACACCTCGCCTGAAGATCCCTGTTTT
-1601	ENSMUST00000060537	TCAAACTTGTGGGAAGCTCCCCTATTTTCCACGGCTGTGTGAATGAGCGCCTTGCCGACCGCACACCCTCCCCCACTTTTTCCACGGCCGATTCCGACATCACTGAACTGGCTGACGAGCAGCA
-1601	ENSMUST00000060537	TCAAACTTGTGGGAAGCTCCCCTATTTTCCACGGCTGTGTGAATGAGCGCCTTGCCGACCGCACACCCTCCCCCACTTTTTCCACGGCCGATTCCGACATCACTGAACTGGCTGACGAGCAGCA
-1601	ENSMUST00000060537	TCAAACTTGTGGGAAGCTCCCCTATTTTCCACGGCTGTGTGAATGAGCGCCTTGCCGACCGCACACCCTCCCCCACTTTTTCCACGGCCGATTCCGACATCACTGAACTGGCTGACGAGCAGCA
-1601	ENSMUST00000060537	TCAAACTTGTGGGAAGCTCCCCTATTTTCCACGGCTGTGTGAATGAGCGCCTTGCCGACCGCACACCCTCCCCCACTTTTTCCACGGCCGATTCCGACATCACTGAACTGGCTGACGAGCAGCA
-3715	ENSMUST00000055647	AGAAGCCAACTCTCGTGCCTCCAGTCCCTGCCAAGAATTTGAACAGTTTCAGATCGTCCCAACTGTGGAGACACCCTATTTGGCCCGAGCAGGGAAGAATGAATTTCTCAATCTTGTTCCAGAC
-3715	ENSMUST00000055647	AGAAGCCAACTCTCGTGCCTCCAGTCCCTGCCAAGAATTTGAACAGTTTCAGATCGTCCCAACTGTGGAGACACCCTATTTGGCCCGAGCAGGGAAGAATGAATTTCTCAATCTTGTTCCAGAC
290	ENSMUST00000001480	ATGGAGAACTGGGGCCTTGTTACTTATAGGGAAACGGCCTTGCTTATTGATCCAAAAAACTCGTGTTCTTCATCACGCCAGTGGGTTGCTCTGGTTGTGGGACATGAACTCGCCCATCAATGGTT
2557*	ENSMUST00000154230	ACATATTCCTGCATCTGCTGTCATCTCCGCCTCTACTGCCCACGTCCCCTCCATTGCAACTGTTCCCCCCAGCCTCACGACCTCTGCTCCTTTGATTCGACGTCAGCTCTCCCACGACCAAGAATCT
656	ENSMUST00000154230	ACATATTCCTGCATCTGCTGTCATCTCCGCCTCTACTGCCCACGTCCCCTCCATTGCAACTGTTCCCCCCAGCCTCACGACCTCTGCTCCTTTGATTCGACGTCAGCTCTCCCACGACCAAGAATCT
2557*	ENSMUST00000154230	ACATATTCCTGCATCTGCTGTCATCTCCGCCTCTACTGCCCACGTCCCCTCCATTGCAACTGTTCCCCCCAGCCTCACGACCTCTGCTCCTTTGATTCGACGTCAGCTCTCCCACGACCAAGAATCT
656	ENSMUST00000154230	ACATATTCCTGCATCTGCTGTCATCTCCGCCTCTACTGCCCACGTCCCCTCCATTGCAACTGTTCCCCCCAGCCTCACGACCTCTGCTCCTTTGATTCGACGTCAGCTCTCCCACGACCAAGAATCT
-219	ENSMUST00000055647	TGGAGTTTTCTCTCCTAAAAAGACCCCACATCTTGTTAACCTCAATGAAGACCCATTAATGTCGGAGTGTTTGCTCTATTACATCAAGGATGGAATTACAAGGGTTGGCCAGGCAGATGCTGAGCGGCGCC
-219	ENSMUST00000055647	TGGAGTTTTCTCTCCTAAAAAGACCCCACATCTTGTTAACCTCAATGAAGACCCATTAATGTCGGAGTGTTTGCTCTATTACATCAAGGATGGAATTACAAGGGTTGGCCAGGCAGATGCTGAGCGGCGCC
-478	ENSMUST00000092971	CAGTTCTGCTTCCTCCTGTCCACCCGAGCTGGTGGCCTGGGCATCAACTTGGCCACTGCTGACACTGTCATCATCTTCGATTCTGACTGGAACCCCCATAATGACATCCAGGCCTTCAGCAGAGCCCATCGGAT
-2349	ENSMUST00000092971	CAGTTCTGCTTCCTCCTGTCCACCCGAGCTGGTGGCCTGGGCATCAACTTGGCCACTGCTGACACTGTCATCATCTTCGATTCTGACTGGAACCCCCATAATGACATCCAGGCCTTCAGCAGAGCCCATCGGAT
-2505	ENSMUST00000092971	CAGTTCTGCTTCCTCCTGTCCACCCGAGCTGGTGGCCTGGGCATCAACTTGGCCACTGCTGACACTGTCATCATCTTCGATTCTGACTGGAACCCCCATAATGACATCCAGGCCTTCAGCAGAGCCCATCGGAT
-3346	ENSMUST00000074352	ATCTGGTACAGTGGGGATGACCTGAAAGAGAAGAGGCAGTGCTGTGCCACAGCTGCCCCCTTGGAGCCCTGCTCATGGCCAGTGAGAAGCTGTTGGCTGCAGCTCCTATCCCCACACTGTAATACTCAGCTCTA
-320	ENSMUST00000031411	TTACGCTGGCTGGGCTGACAAGTACCATGGGAAAACCATTCCCATCGACGGCGACTTCTTCAGCTATACCCGCCATGAGCCTGTGGGCGTGTGTGGACAGATCATTCCGTGGAACTTCCCGCTCCTGATGCAAGC
-1633	ENSMUST00000105575	GGGTTTTGTGGGCTGTCTGCGGGACGTGGTAGTGGGCCATCGCCAGCTGCATCTGCTGGAGGACGCTGTCACCAAACCAGAGCTAAGACCCTGCCCCACTCTCTGAGCTGCCACTAGAGCTGCCACCTTCCCTCCTGTA
4	ENSMUST00000044443	GATCCCCAGCCACCAGGTGTCTGCGCTAGCCAAGGAGGCAGAAAGGAATTCTTATCGTCTGAGCTGGGGCACTGAGAACTTAGACAACGTGGCTCTTTCTTCCAGTCCTATTCATTCAGGTTTCCTAGTCAGTTTTATGG
4	ENSMUST00000044443	GATCCCCAGCCACCAGGTGTCTGCGCTAGCCAAGGAGGCAGAAAGGAATTCTTATCGTCTGAGCTGGGGCACTGAGAACTTAGACAACGTGGCTCTTTCTTCCAGTCCTATTCATTCAGGTTTCCTAGTCAGTTTTATGG
2715	ENSMUST00000025253	AATGAGGAATGGGAGACTGCATCAGAGAGCAGCGACTTTGCCAGTGAGCGCCGGGGTGACAAGGAGACTCCCCCAGCAGCACTTATGACCTCTAAAGCTGTGGGGACTCCTGGGGCCAATGCAGGTGGGGCTGGACCAGGCATTT
-626	ENSMUST00000108407	AAGTGCTACGACAAGACCAAGGTCAACAAAGACAACAATGAGATTGTGGACAAGATCATGGGCAAGGGGCAGATCCAGCTGGATCCACAGACAGTAGAAAGCAAGAACTGGCATACGGACGTGATTGAAATGAATGGGATCAAAG
-626	ENSMUST00000108407	AAGTGCTACGACAAGACCAAGGTCAACAAAGACAACAATGAGATTGTGGACAAGATCATGGGCAAGGGGCAGATCCAGCTGGATCCACAGACAGTAGAAAGCAAGAACTGGCATACGGACGTGATTGAAATGAATGGGATCAAAG
-604	ENSMUST00000237749	TTATATAGCATGGAGTCCAGATGACAGCTATCTTGTTGCTTGTGGTCCAGATGACTGCTCTGAGCTTTGGCTTTGGAATGTACAGACGGGAGAATTAAGAACAAAAATGAGCCAATCTCATGAAGACAGTTTGACCAGTGTGGCC
-604	ENSMUST00000237749	TTATATAGCATGGAGTCCAGATGACAGCTATCTTGTTGCTTGTGGTCCAGATGACTGCTCTGAGCTTTGGCTTTGGAATGTACAGACGGGAGAATTAAGAACAAAAATGAGCCAATCTCATGAAGACAGTTTGACCAGTGTGGCC
-1072	ENSMUST00000101141	ATGGAACTCTCTGTAAATATACTGACCTTGCTTGTGGTCAGCTTTTGTGGCTTTACCCTGAACTCTGCCCTGGCAAATATGCACATTCATGCTTGATGCTTACCACTTATCAACAGATCCTCTTGCTTGACTTTAACAAAATAAATAGT
-1617	ENSMUST00000101141	ATGGAACTCTCTGTAAATATACTGACCTTGCTTGTGGTCAGCTTTTGTGGCTTTACCCTGAACTCTGCCCTGGCAAATATGCACATTCATGCTTGATGCTTACCACTTATCAACAGATCCTCTTGCTTGACTTTAACAAAATAAATAGT
-1808	ENSMUST00000101141	ATGGAACTCTCTGTAAATATACTGACCTTGCTTGTGGTCAGCTTTTGTGGCTTTACCCTGAACTCTGCCCTGGCAAATATGCACATTCATGCTTGATGCTTACCACTTATCAACAGATCCTCTTGCTTGACTTTAACAAAATAAATAGT
-1808	ENSMUST00000101141	ATGGAACTCTCTGTAAATATACTGACCTTGCTTGTGGTCAGCTTTTGTGGCTTTACCCTGAACTCTGCCCTGGCAAATATGCACATTCATGCTTGATGCTTACCACTTATCAACAGATCCTCTTGCTTGACTTTAACAAAATAAATAGT
161	ENSMUST00000009344	TGCAGGCTTTTGGACAGTCCTTTCTTCAGCCTGACATCCACCTGTTCAAACAAAATCTCTTCTACTTGGAGACTCTGAACACGAAGCAGAAACTATACCACAAAAAGATCTTCCGGACCACCATGCTGTTCCAGTTCGTGAACGTGCTGCT
-483	ENSMUST00000009344	TGCAGGCTTTTGGACAGTCCTTTCTTCAGCCTGACATCCACCTGTTCAAACAAAATCTCTTCTACTTGGAGACTCTGAACACGAAGCAGAAACTATACCACAAAAAGATCTTCCGGACCACCATGCTGTTCCAGTTCGTGAACGTGCTGCT
-1571	ENSMUST00000009344	TGCAGGCTTTTGGACAGTCCTTTCTTCAGCCTGACATCCACCTGTTCAAACAAAATCTCTTCTACTTGGAGACTCTGAACACGAAGCAGAAACTATACCACAAAAAGATCTTCCGGACCACCATGCTGTTCCAGTTCGTGAACGTGCTGCT
925	ENSMUST00000195826	TACTAAATGGACAGAGTGTTTTTGGACTGGATATCGTGGAAACTCCGGAGGGAGAAAAGTGGCCGCAATTGATTGTTCAGCAGAACTTGGATAGAGAACAAAAAGATACCTATGTGATGAAAATCAAAGTGGAGGATGGGGGCACGCCACAG
-2120*	ENSMUST00000121759	TAGAGCAGATCTGTTAGGACAGAGCACCTTTGCAAATGCTCAGTGTTATCACAATCCTGTGTTTATAGAAGTAACTCTGCTGCAGCCATCACTCGCTGTTAGCAATAACTCTTGTGAGTTTTAGATCGTGCTTGTTGGGGTTCTAATCATTTCAACAGTAGTA
-3197	ENSMUST00000121759	TAGAGCAGATCTGTTAGGACAGAGCACCTTTGCAAATGCTCAGTGTTATCACAATCCTGTGTTTATAGAAGTAACTCTGCTGCAGCCATCACTCGCTGTTAGCAATAACTCTTGTGAGTTTTAGATCGTGCTTGTTGGGGTTCTAATCATTTCAACAGTAGTA
-1581	ENSMUST00000163230	TTTTTGCTGTTGTCCCAGGTCCTCGGTGTTTGCATTCCAAGAGGAAGTCGAGTGCCTCGGGTCTGTTGTAGGACTTGATTTTTTTTTTTTTTGTAGAGCAATGCAGTGCCATGCTGTTAGAAAGGCTCCAGACTTAGAACCACCAGTGCCAAGCCAGCTCTCAGACCGACTAGGGCTC
-1581	ENSMUST00000163230	TTTTTGCTGTTGTCCCAGGTCCTCGGTGTTTGCATTCCAAGAGGAAGTCGAGTGCCTCGGGTCTGTTGTAGGACTTGATTTTTTTTTTTTTTGTAGAGCAATGCAGTGCCATGCTGTTAGAAAGGCTCCAGACTTAGAACCACCAGTGCCAAGCCAGCTCTCAGACCGACTAGGGCTC
627	ENSMUST00000078352	AAGACTGTGCGGGACCTCATGCCCAAGACCATCATGCACCTCATGATCAACAACACCAAGGAGTTTATCTTCTCTGAGCTGCTGGCCAACCTGTACTCTTGCGGGGACCAGAACACACTGATGGAAGAATCGGCCGAGCAGGCTCAGCGGCGCGACGAGATGCTGCGCATGTACCACGCAC
627	ENSMUST00000078352	AAGACTGTGCGGGACCTCATGCCCAAGACCATCATGCACCTCATGATCAACAACACCAAGGAGTTTATCTTCTCTGAGCTGCTGGCCAACCTGTACTCTTGCGGGGACCAGAACACACTGATGGAAGAATCGGCCGAGCAGGCTCAGCGGCGCGACGAGATGCTGCGCATGTACCACGCAC
1441*	ENSMUST00000078352	AAGACTGTGCGGGACCTCATGCCCAAGACCATCATGCACCTCATGATCAACAACACCAAGGAGTTTATCTTCTCTGAGCTGCTGGCCAACCTGTACTCTTGCGGGGACCAGAACACACTGATGGAAGAATCGGCCGAGCAGGCTCAGCGGCGCGACGAGATGCTGCGCATGTACCACGCAC
1495	ENSMUST00000141722	TTCTCCTGGAAAAGGACTTAGTGCTGATAGACCTTGCACAAAATGGATACCCTATATTTGAGAATCCCTACCCTTTGAGTATACACGAGTCCCCTGTTACATGTTGTGAATATTTTGCTGATTGTCCTGTGGATCTTATTCCTGCACTTTACTCTGTTGGAGCTAGACAGAAGCGTCAAGGTT
1035	ENSMUST00000141722	TTCTCCTGGAAAAGGACTTAGTGCTGATAGACCTTGCACAAAATGGATACCCTATATTTGAGAATCCCTACCCTTTGAGTATACACGAGTCCCCTGTTACATGTTGTGAATATTTTGCTGATTGTCCTGTGGATCTTATTCCTGCACTTTACTCTGTTGGAGCTAGACAGAAGCGTCAAGGTT
2340	ENSMUST00000190723	TGGAGGACCTCTCCAAGCTGGCTGTAACCTCCTACAATGACATCCAGGACCTCATGGACTCAGGGAACAAGGCCAGGACTGTGGCGGCCACAAACATGAATGAGACCAGCAGCCGTTCTCACGCAGTCTTCAACATCATCTTTACCCAGAAGCGCCATGATGCAGAGACCAACATCACCACAGAGA
2340	ENSMUST00000190723	TGGAGGACCTCTCCAAGCTGGCTGTAACCTCCTACAATGACATCCAGGACCTCATGGACTCAGGGAACAAGGCCAGGACTGTGGCGGCCACAAACATGAATGAGACCAGCAGCCGTTCTCACGCAGTCTTCAACATCATCTTTACCCAGAAGCGCCATGATGCAGAGACCAACATCACCACAGAGA
1235	ENSMUST00000200169	TGTCTAGACATTCTGGAGGATTATCTGATCCAGAGGAGGTACTTATATGAACGTATTGATGGGCGAGTTAGAGGCAACCTTCGACAAGCTGCTATCGACCGCTTTAGCAAGCCTGACTCAGACCGCTTTGTCTTCTTGCTATGTACCCGTGCTGGTGGACTTGGTATTAATCTTACAGCTGCTGATACCTG
-1197	ENSMUST00000086819	GAAGCAGCCTGGGACAGTTCCATGCATAACTCTCTCCTGCTGAATCGTGTCACCCCTTACCGGGAGAAAATCTACATGACGCTCTCTGCCTACATTGAGATGGAGAACTGTACCCAGCCAGCTGTCATCACCAAGGACTTCTGCATGGTTTTCTACTCTCGGGACGCCAAGCTACCCGCCTCACGCTCCATTCGCAACCTGTTT
1442	ENSMUST00000107788	GGGGAACGCTTACGAGCCTGGGTCCGAGCCCGGCTCCCTGCCTGTTGCCGAGAGCGAGATTCCTGGTCTGCCTATATCTTCCCTCCCCAGTCAAGGTTTCGTCTCCTGTGTCACCGGATCATCACCCACAAGATGTTTGACCATGTGGTCCTCGTCATCATCTTCCTCAACTGTATCACCATCGCTATGGAGCGCCCCAAAATT
-2569	ENSMUST00000107788	GGGGAACGCTTACGAGCCTGGGTCCGAGCCCGGCTCCCTGCCTGTTGCCGAGAGCGAGATTCCTGGTCTGCCTATATCTTCCCTCCCCAGTCAAGGTTTCGTCTCCTGTGTCACCGGATCATCACCCACAAGATGTTTGACCATGTGGTCCTCGTCATCATCTTCCTCAACTGTATCACCATCGCTATGGAGCGCCCCAAAATT
2120	ENSMUST00000112958	ACCTCTTCTCTCGAATCAACGACACCACCAACGACAACATGTCCTACTCTGTGGAGGTCAGCTACATGGAGATTTACTGTGAGCGAGTCCGTGACCTCCTGAACCCCAAGAACAAAGGCAACCTGCGTGTGAGGGAGCACCCTCTGCTGGGGCCTTATGTGGAGGACCTCTCCAAGCTGGCTGTAACCTCCTACAATGACATCCAGGACCTCA
565	ENSMUST00000030806	GAAATTTACTGTGAGAGAGTACGAGATTTACTGAATCCCAAAAACAAGGGTAACTTGCGTGTGCGTGAACACCCGCTTCTTGGACCCTATGTGGAGGATCTGTCCAAGCTGGCGGTCACCTCCTACACTGACATCGCTGACCTGATGGATGCTGGGAACAAAGCCAGGACTGTGGCAGCTACCAACATGAATGAGACAAGCAGCCGTTCTCACGCTGTGTTC
565	ENSMUST00000030806	GAAATTTACTGTGAGAGAGTACGAGATTTACTGAATCCCAAAAACAAGGGTAACTTGCGTGTGCGTGAACACCCGCTTCTTGGACCCTATGTGGAGGATCTGTCCAAGCTGGCGGTCACCTCCTACACTGACATCGCTGACCTGATGGATGCTGGGAACAAAGCCAGGACTGTGGCAGCTACCAACATGAATGAGACAAGCAGCCGTTCTCACGCTGTGTTC
565	ENSMUST00000030806	GAAATTTACTGTGAGAGAGTACGAGATTTACTGAATCCCAAAAACAAGGGTAACTTGCGTGTGCGTGAACACCCGCTTCTTGGACCCTATGTGGAGGATCTGTCCAAGCTGGCGGTCACCTCCTACACTGACATCGCTGACCTGATGGATGCTGGGAACAAAGCCAGGACTGTGGCAGCTACCAACATGAATGAGACAAGCAGCCGTTCTCACGCTGTGTTC
565	ENSMUST00000030806	GAAATTTACTGTGAGAGAGTACGAGATTTACTGAATCCCAAAAACAAGGGTAACTTGCGTGTGCGTGAACACCCGCTTCTTGGACCCTATGTGGAGGATCTGTCCAAGCTGGCGGTCACCTCCTACACTGACATCGCTGACCTGATGGATGCTGGGAACAAAGCCAGGACTGTGGCAGCTACCAACATGAATGAGACAAGCAGCCGTTCTCACGCTGTGTTC
-1170	ENSMUST00000190723	ATAACTCTCTCCTGCTGAATCGTGTCACCCCTTACCGGGAGAAAATCTACATGACGCTCTCTGCCTACATTGAGATGGAGAACTGTACCCAGCCAGCTGTCATCACCAAGGACTTCTGCATGGTTTTCTACTCTCGGGACGCCAAGCTACCCGCCTCACGCTCCATTCGCAACCTGTTTGGCAGTGGCAGCCTGCGGGCCACAGAAGGCAACCGTGTGACTGG
-1170	ENSMUST00000190723	ATAACTCTCTCCTGCTGAATCGTGTCACCCCTTACCGGGAGAAAATCTACATGACGCTCTCTGCCTACATTGAGATGGAGAACTGTACCCAGCCAGCTGTCATCACCAAGGACTTCTGCATGGTTTTCTACTCTCGGGACGCCAAGCTACCCGCCTCACGCTCCATTCGCAACCTGTTTGGCAGTGGCAGCCTGCGGGCCACAGAAGGCAACCGTGTGACTGG
-1956	ENSMUST00000086819	GAGAGCAAGCTCTCTGAGATGTCTGTCACCCTGATGCGGGACCCATCCATGTCCCCTCTGGGTGCTGCTACACTCACTCCCTCCTCCACTTGCCCCTCTCTGATCGAAGGACGATACGGTGCCACTGACGTGAGGACCCCCCAGCCCTGCTCCCGGCCCGCCAGCCCAGAGCCCGAGCTCCTGCCAGAACTTGACTCTAAGAAGACTCCCTCCCCTGTTCGGGCAACA
-3893	ENSMUST00000060537	AAGGATACCTGCATTTCAAAGAGCCACTTTCCAGTAACTGGGCTAAACATTTCGTTGTGGTTCGTCGCCCTTACGTCTTCATCTATAACAGTGACAAAGACCCAGTAGAGCGTGGCATCATTAACCTGTCTACAGCACAGGTGGAGTACAGCGAGGACCAGCAGGCCATGGTGAAGACACCTAATACTTTTGCTGTATGCACAAAGCACCGTGGGGTCCTTCTGCAAGCTCTCAATGACAAAGACATGAATGACT
-3893	ENSMUST00000060537	AAGGATACCTGCATTTCAAAGAGCCACTTTCCAGTAACTGGGCTAAACATTTCGTTGTGGTTCGTCGCCCTTACGTCTTCATCTATAACAGTGACAAAGACCCAGTAGAGCGTGGCATCATTAACCTGTCTACAGCACAGGTGGAGTACAGCGAGGACCAGCAGGCCATGGTGAAGACACCTAATACTTTTGCTGTATGCACAAAGCACCGTGGGGTCCTTCTGCAAGCTCTCAATGACAAAGACATGAATGACT
2089	ENSMUST00000190723	ACGAGCCGACTCCACAGGAGCCAAGGGCACGCGACTCAAGGAGGGGGCCAACATCAACAAGTCTTTGACCACCCTGGGAAAGGTCATCTCTGCTCTGGCTGAAATGGACTCTGGACCCAACAAGAACAAGAAAAAGAAGAAGACAGATTTCATCCCTTACCGAGACTCCGTATTGACATGGCTTCTCCGGGAAAACCTCGGTGGCAACTCAAGGACAGCCATGGTGGCAGCCCTGAGCCCTGCGGACATCAACTATGATGAGACCCTCAGCACACTGAGATATGCAGATCGGGCCAAACAAATCCGCTGCAATGCCATCATCAATGAAGACCCCAACAACAAGCTGATTAGAGAACTGAAGGATGAGGTGACCAGGCTGAGAGACCTGCTGTATGCCCAAGGTCTTGGCGATATC
